Depth,AC,nAC,Pv,DEN,CN,LLD,GR
2362,88.849,93.56730342,54.39686,2.212,40.394,1.771,62.609
2362.125,88.909,93.56497011,54.39973875,2.218,40.24,1.771,62.609
2362.25,88.97,93.56263687,54.4026175,2.226,39.384,1.771,62.609
2362.375,89.044,93.56030368,54.40549625,2.23,36.986,1.771,62.609
2362.5,89.073,93.55797055,54.408375,2.231,34.425,1.771,62.609
2362.625,89.052,93.55563747,54.41125375,2.23,31.847,1.771,62.609
2362.75,89.004,93.55330446,54.4141325,2.231,29.928,1.771,62.609
2362.875,88.916,93.5509715,54.41701125,2.234,29.695,1.771,62.609
2363,88.851,93.5486386,54.41989,2.234,29.802,1.771,62.609
2363.125,88.842,93.54630576,54.42276875,2.231,31.021,1.771,62.609
2363.25,88.86,93.54397298,54.4256475,2.219,32.911,1.771,62.609
2365.625,88.77,93.49966118,54.48034375,2.22,49.69,1.793,62.609
2365.75,88.77,93.49732956,54.4832225,2.246,48.493,1.793,62.609
2365.875,88.77,93.494998,54.48610125,2.251,47.279,1.793,62.609
2366,88.77,93.49266649,54.48898,2.247,45.846,1.793,62.609
2366.125,88.77,93.49033505,54.49185875,2.241,43.205,1.793,62.609
2366.25,88.77,93.48800366,54.4947375,2.228,39.494,1.793,62.609
2366.375,88.77,93.48567234,54.49761625,2.21,36.08,1.793,62.609
2366.875,88.77,93.4763476,54.50913125,2.217,31.839,1.793,62.609
2367,88.77,93.47401657,54.51201,2.236,33.236,1.793,62.609
2367.125,88.77,93.47168559,54.51488875,2.249,35.866,1.793,62.609
2367.25,88.77,93.46935467,54.5177675,2.254,39.119,1.793,62.609
2367.375,88.77,93.4670238,54.52064625,2.262,41.183,1.793,62.609
2367.5,88.77,93.464693,54.523525,2.285,42.594,1.793,62.609
2367.625,88.77,93.46236225,54.52640375,2.324,41.813,1.793,62.609
2368,94.333,93.45537036,54.53504,2.393,36.06,2.413,60.14
2368.125,90.253,93.45303985,54.53791875,2.323,33.458,2.517,59.603
2376.25,94.595,93.30168101,54.7250375,2.296,36.233,1.835,55.652
2376.375,91.49,93.29935433,54.72791625,2.316,34.115,1.921,53.686
2376.5,91.531,93.29702771,54.730795,2.326,32.248,1.995,51.987
2376.625,91.637,93.29470114,54.73367375,2.333,31.328,2.057,50.218
2376.75,91.673,93.29237464,54.7365525,2.337,31.029,2.08,48.593
2376.875,91.198,93.29004819,54.73943125,2.336,31.853,2.066,47.772
2377,90.932,93.2877218,54.74231,2.332,32.915,2.017,48.465
2377.125,91.13,93.28539546,54.74518875,2.327,34.61,1.961,49.945
2377.25,92.894,93.28306919,54.7480675,2.322,36.343,1.902,53.039
2377.375,96.633,93.28074297,54.75094625,2.322,37.784,1.87,56.127
2379,97.381,93.25050742,54.78837,2.351,41.517,1.997,63.508
2379.125,96.608,93.24818201,54.79124875,2.367,40.74,2.042,64.546
2379.25,95.862,93.24585667,54.7941275,2.389,39.481,2.088,65.045
2379.375,94.753,93.24353138,54.79700625,2.399,37.976,2.118,64.651
2379.5,93.746,93.24120614,54.799885,2.394,36.564,2.14,63.327
2379.625,92.953,93.23888097,54.80276375,2.38,35.616,2.163,62.031
2379.75,92.968,93.23655586,54.8056425,2.348,35.137,2.188,61.243
2379.875,94.254,93.2342308,54.80852125,2.315,35.661,2.211,61.475
2380,95.758,93.2319058,54.8114,2.295,36.32,2.239,61.774
2380.125,96.952,93.22958086,54.81427875,2.28,36.762,2.265,61.4
2380.25,97.042,93.22725597,54.8171575,2.265,35.996,2.279,59.309
2380.375,95.576,93.22493115,54.82003625,2.256,33.956,2.272,56.566
2380.5,93.91,93.22260638,54.822915,2.25,32.005,2.236,53.64
2380.625,92.4,93.22028167,54.82579375,2.245,30.933,2.193,51.094
2380.75,91.551,93.21795702,54.8286725,2.237,31.186,2.142,50.007
2380.875,92.064,93.21563242,54.83155125,2.234,33.483,2.109,50.573
2381,94.129,93.21330789,54.83443,2.238,36.012,2.087,53.072
2381.125,96.617,93.21098341,54.83730875,2.248,38.79,2.06,56.167
2383,94.736,93.1761232,54.88049,2.347,31.155,1.789,55.116
2383.125,90.08,93.17379965,54.88336875,2.324,29.058,1.906,53.2
2383.25,87.31,93.17147615,54.8862475,2.287,28.126,2.051,52.343
2383.375,86.743,93.16915272,54.88912625,2.26,27.979,2.16,52.524
2383.5,87.558,93.16682934,54.892005,2.253,27.892,2.25,52.912
2383.625,88.343,93.16450602,54.89488375,2.253,27.887,2.329,53.193
2383.75,88.971,93.16218276,54.8977625,2.255,27.85,2.371,53.248
2383.875,89.267,93.15985956,54.90064125,2.252,28.105,2.374,53.361
2384,89.426,93.15753641,54.90352,2.246,28.433,2.358,53.948
2384.125,89.621,93.15521333,54.90639875,2.239,29.027,2.343,54.603
2384.25,89.846,93.1528903,54.9092775,2.23,29.729,2.332,55.205
2384.375,89.875,93.15056733,54.91215625,2.224,29.852,2.332,55.374
2384.5,89.511,93.14824441,54.915035,2.222,29.844,2.348,55.212
2384.625,89.148,93.14592156,54.91791375,2.221,29.601,2.371,55.04
2384.75,88.992,93.14359876,54.9207925,2.221,29.522,2.405,54.921
2384.875,89.585,93.14127602,54.92367125,2.221,29.925,2.436,54.983
2385,90.764,93.13895334,54.92655,2.22,30.443,2.473,55.324
2385.125,91.973,93.13663072,54.92942875,2.22,31.43,2.511,55.676
2385.25,93.022,93.13430815,54.9323075,2.22,32.701,2.544,55.933
2385.375,93.167,93.13198564,54.93518625,2.222,33.753,2.561,55.954
2385.5,92.58,93.12966319,54.938065,2.226,34.656,2.569,56.337
2385.625,92.151,93.1273408,54.94094375,2.231,35.099,2.576,57.139
2385.75,92.235,93.12501847,54.9438225,2.24,35.487,2.584,58.842
2385.875,92.856,93.12269619,54.94670125,2.246,35.924,2.59,60.565
2386,92.975,93.12037397,54.94958,2.248,36.257,2.591,61.996
2386.125,92.704,93.11805181,54.95245875,2.248,36.092,2.587,63.17
2386.25,91.421,93.11572971,54.9553375,2.245,35.603,2.571,63.561
2386.375,89.674,93.11340766,54.95821625,2.243,35.698,2.553,63.334
2386.5,89.277,93.11108568,54.961095,2.243,36.01,2.538,62.61
2386.625,89.332,93.10876375,54.96397375,2.244,36.853,2.527,61.724
2386.75,90.62,93.10644188,54.9668525,2.248,37.54,2.526,60.618
2386.875,92.838,93.10412007,54.96973125,2.256,36.978,2.536,59.799
2387,94.191,93.10179831,54.97261,2.265,36.198,2.553,59.383
2387.125,95.15,93.09947661,54.97548875,2.278,34.959,2.57,59.14
2387.25,94.889,93.09715497,54.9783675,2.3,33.876,2.583,59.268
2387.375,93.166,93.09483339,54.98124625,2.319,33.052,2.587,59.403
2387.5,91.205,93.09251187,54.984125,2.326,32.227,2.586,58.946
2387.625,89.273,93.0901904,54.98700375,2.328,31.398,2.587,58.246
2387.75,87.571,93.087869,54.9898825,2.325,30.57,2.593,57.216
2387.875,86.714,93.08554765,54.99276125,2.32,29.816,2.604,56.637
2388,87.078,93.08322635,54.99564,2.317,29.126,2.625,56.966
2388.125,87.648,93.08090512,54.99851875,2.314,28.71,2.646,57.558
2388.25,88.654,93.07858394,55.0013975,2.311,28.497,2.665,58.536
2388.375,89.564,93.07626283,55.00427625,2.311,28.446,2.672,59.137
2388.5,89.545,93.07394177,55.007155,2.311,28.411,2.661,59.081
2388.625,89.33,93.07162076,55.01003375,2.31,28.387,2.645,58.959
2388.75,88.688,93.06929982,55.0129125,2.299,28.275,2.618,58.918
2388.875,88.044,93.06697893,55.01579125,2.281,27.935,2.595,59.427
2389,88.256,93.0646581,55.01867,2.271,27.543,2.574,61.023
2389.125,88.872,93.06233733,55.02154875,2.266,27.067,2.555,62.801
2389.25,90.59,93.06001662,55.0244275,2.275,26.753,2.539,64.518
2389.375,93.018,93.05769596,55.02730625,2.295,27.297,2.529,65.196
2389.5,94.349,93.05537537,55.030185,2.309,28.014,2.517,64.419
2389.625,95.371,93.05305483,55.03306375,2.32,29.041,2.502,63.073
2389.75,95.554,93.05073435,55.0359425,2.326,29.802,2.486,60.66
2389.875,94.987,93.04841392,55.03882125,2.321,29.277,2.478,58.476
2390,94.455,93.04609356,55.0417,2.313,28.601,2.483,56.594
2390.125,93.901,93.04377325,55.04457875,2.303,27.591,2.493,54.941
2390.25,93.202,93.041453,55.0474575,2.286,26.715,2.509,54.076
2390.375,92.281,93.03913281,55.05033625,2.27,26.327,2.518,53.965
2390.5,91.409,93.03681267,55.053215,2.261,26.017,2.499,54.42
2390.625,90.642,93.03449259,55.05609375,2.254,25.996,2.464,55.121
2390.75,90.489,93.03217258,55.0589725,2.245,26.211,2.4,56.303
2390.875,91.822,93.02985261,55.06185125,2.237,27.07,2.341,57.428
2391,95.075,93.02753271,55.06473,2.233,28.11,2.282,58.927
2392,96.049,93.00897557,55.08776,2.225,36.025,2.098,59.573
2392.125,93.718,93.00665619,55.09063875,2.227,33.47,2.123,56.731
2392.25,92.616,93.00433686,55.0935175,2.229,31.147,2.168,54.114
2392.375,92.62,93.0020176,55.09639625,2.232,30.203,2.21,52.913
2392.5,93.44,92.99969839,55.099275,2.236,29.572,2.256,53.457
2392.625,94.427,92.99737924,55.10215375,2.242,29.935,2.302,54.575
2392.75,95.621,92.99506014,55.1050325,2.254,30.837,2.336,56.742
2392.875,96.087,92.99274111,55.10791125,2.267,31.822,2.345,58.632
2393,94.818,92.99042213,55.11079,2.272,32.665,2.329,60.157
2393.125,93.384,92.98810321,55.11366875,2.273,33.023,2.307,61.413
2393.25,92.021,92.98578435,55.1165475,2.267,33.154,2.273,61.798
2393.375,92.251,92.98346554,55.11942625,2.256,33.896,2.247,61.433
2393.5,94.442,92.9811468,55.122305,2.252,34.857,2.235,60.975
2393.625,96.828,92.97882811,55.12518375,2.254,36.212,2.228,60.754
2394.25,95.612,92.96723553,55.1395775,2.29,32.948,2.385,59.899
2394.375,92.229,92.96491719,55.14245625,2.277,30.878,2.433,57.934
2394.5,90.129,92.96259891,55.145335,2.267,29.02,2.506,55.76
2394.625,88.141,92.96028068,55.14821375,2.256,27.991,2.593,53.789
2394.75,86.497,92.95796252,55.1510925,2.242,27.505,2.698,52.745
2394.875,85.517,92.95564441,55.15397125,2.234,27.603,2.778,52.925
2395,85.195,92.95332635,55.15685,2.236,27.831,2.82,54.154
2395.125,84.781,92.95100836,55.15972875,2.243,28.488,2.84,55.559
2395.25,84.114,92.94869042,55.1626075,2.261,29.589,2.805,57.056
2395.5,84.122,92.94405472,55.168365,2.281,31.694,2.654,58.599
2395.625,85.742,92.94173696,55.17124375,2.284,32.594,2.555,59.334
2395.75,89.829,92.93941925,55.1741225,2.288,33.901,2.449,60.267
2395.875,95.303,92.9371016,55.17700125,2.293,36.781,2.368,61.228
2396,97.702,92.93478401,55.17988,2.293,39.849,2.269,62.554
2396.375,97.721,92.92783159,55.18851625,2.24,43.693,1.942,65.366
2397.5,95.365,92.90697744,55.214425,2.3,28.176,2.164,66.123
2397.625,90.186,92.9046606,55.21730375,2.307,27.808,2.234,63.533
2397.75,86.309,92.90234382,55.2201825,2.314,28.612,2.296,60
2397.875,84.482,92.9000271,55.22306125,2.313,29.503,2.317,56.981
2398,84.676,92.89771043,55.22594,2.305,29.901,2.256,53.434
2398.125,85.064,92.89539382,55.22881875,2.291,28.812,2.16,49.7
2398.25,85.944,92.89307727,55.2316975,2.266,27.206,1.999,46.241
2398.375,87.094,92.89076078,55.23457625,2.245,25.938,1.851,44.432
2398.5,87.865,92.88844435,55.237455,2.239,24.875,1.709,43.882
2398.625,88.629,92.88612797,55.24033375,2.24,24.514,1.569,43.533
2398.75,89.361,92.88381165,55.2432125,2.249,24.494,1.451,43.563
2398.875,89.903,92.88149539,55.24609125,2.262,24.488,1.385,43.593
2399,90.132,92.87917919,55.24897,2.272,24.44,1.341,43.728
2399.125,90.337,92.87686304,55.25184875,2.284,24.254,1.3,43.997
2399.25,90.472,92.87454695,55.2547275,2.304,24.034,1.272,44.521
2399.375,90.512,92.87223092,55.25760625,2.322,24.13,1.261,44.949
2399.5,90.591,92.86991495,55.260485,2.328,24.285,1.267,44.942
2399.625,90.793,92.86759904,55.26336375,2.33,24.547,1.279,44.698
2399.75,91.353,92.86528318,55.2662425,2.327,24.753,1.304,43.941
2399.875,92.172,92.86296738,55.26912125,2.327,24.503,1.326,43.125
2400,92.516,92.86065164,55.272,2.331,24.14,1.343,42.3
2400.125,92.664,92.85833596,55.27487875,2.337,23.547,1.355,41.524
2400.25,92.267,92.85602033,55.2777575,2.346,23.08,1.352,40.977
2400.375,91.441,92.85370476,55.28063625,2.352,23.082,1.339,40.738
2400.5,90.832,92.85138925,55.283515,2.355,23.168,1.325,40.757
2400.625,90.225,92.8490738,55.28639375,2.359,23.571,1.313,40.928
2400.75,89.605,92.8467584,55.2892725,2.369,24.197,1.308,41.468
2400.875,89.06,92.84444307,55.29215125,2.382,25.185,1.311,42.174
2401,89.233,92.84212779,55.29503,2.392,26.269,1.322,43.933
2401.125,90.089,92.83981256,55.29790875,2.402,27.637,1.337,46.51
2401.25,93.181,92.8374974,55.3007875,2.414,29.192,1.356,50.771
2402.125,96.835,92.82129287,55.32093875,2.431,31.475,1.596,50.363
2402.25,92.057,92.81897817,55.3238175,2.428,30.361,1.599,46.734
2402.375,89.687,92.81666352,55.32669625,2.425,30.233,1.591,45.102
2402.5,90.203,92.81434894,55.329575,2.424,30.123,1.57,44.498
2402.625,90.852,92.81203441,55.33245375,2.424,29.753,1.545,44.042
2402.75,91.716,92.80971994,55.3353325,2.423,29.012,1.512,43.982
2402.875,92.42,92.80740552,55.33821125,2.422,28.692,1.485,44.214
2403,92.836,92.80509117,55.34109,2.422,28.521,1.458,44.643
2403.125,93.392,92.80277687,55.34396875,2.423,28.808,1.43,45.038
2403.25,94.367,92.80046263,55.3468475,2.425,29.394,1.407,45.276
2403.375,95.587,92.79814845,55.34972625,2.426,29.412,1.396,45.328
2403.5,95.936,92.79583432,55.352605,2.427,29.204,1.397,45.401
2403.625,95.917,92.79352025,55.35548375,2.426,28.414,1.402,45.538
2403.75,94.896,92.79120624,55.3583625,2.425,27.471,1.418,45.826
2403.875,93.185,92.78889229,55.36124125,2.424,26.921,1.438,46.194
2404,92.196,92.7865784,55.36412,2.424,26.552,1.47,47.135
2404.125,91.34,92.78426456,55.36699875,2.425,26.827,1.509,48.305
2404.25,90.811,92.78195078,55.3698775,2.43,27.439,1.558,49.713
2404.375,90.592,92.77963706,55.37275625,2.44,27.997,1.601,50.516
2404.5,90.721,92.7773234,55.375635,2.449,28.505,1.655,50.804
2404.625,90.953,92.77500979,55.37851375,2.457,28.869,1.718,51.218
2404.75,91.46,92.77269624,55.3813925,2.459,29.312,1.791,52.055
2404.875,92.114,92.77038275,55.38427125,2.442,29.55,1.851,53.214
2405,92.569,92.76806932,55.38715,2.418,29.732,1.929,54.302
2405.125,93.049,92.76575595,55.39002875,2.387,29.762,2.019,54.951
2405.25,93.581,92.76344263,55.3929075,2.338,29.801,2.124,54.382
2405.375,94.011,92.76112937,55.39578625,2.296,29.876,2.209,53.151
2405.5,93.967,92.75881617,55.398665,2.277,29.927,2.303,51.945
2405.625,93.726,92.75650302,55.40154375,2.266,29.828,2.397,51.023
2405.75,92.9,92.75418994,55.4044225,2.261,29.497,2.472,50.938
2405.875,91.56,92.75187691,55.40730125,2.261,29.238,2.494,51.44
2406,90.744,92.74956394,55.41018,2.261,29.098,2.443,52.811
2406.125,90.498,92.74725102,55.41305875,2.26,29.667,2.368,54.708
2406.25,92.284,92.74493817,55.4159375,2.257,31.117,2.252,57.646
2406.375,96.918,92.74262537,55.41881625,2.255,34.261,2.159,60.495
2407.375,96.939,92.72412506,55.44184625,2.282,38.886,1.688,61.952
2407.5,96.215,92.72181278,55.444725,2.28,37.908,1.681,62.328
2407.625,97.06,92.71950056,55.44760375,2.277,37.604,1.685,63.164
2408.5,96.302,92.70331663,55.467755,2.222,32.742,2.001,65.872
2408.625,92.956,92.70100487,55.47063375,2.224,31.457,2.06,64.908
2408.75,90.902,92.69869316,55.4735125,2.235,29.62,2.138,63.076
2408.875,90.262,92.69638152,55.47639125,2.255,28.547,2.203,61.374
2409,91.032,92.69406993,55.47927,2.275,27.783,2.257,60.005
2409.125,92.316,92.6917584,55.48214875,2.296,28.191,2.305,59.141
2409.25,95.089,92.68944693,55.4850275,2.326,29.665,2.327,59.859
2410,97.392,92.67557931,55.5023,2.389,33.353,2.251,69.277
2410.125,94.532,92.67326824,55.50517875,2.389,32.891,2.236,66.412
2410.25,92.41,92.67095723,55.5080575,2.386,31.797,2.23,63.762
2410.375,91.683,92.66864628,55.51093625,2.383,30.577,2.238,62.699
2410.5,92.041,92.66633538,55.513815,2.382,29.467,2.269,62.918
2410.625,92.447,92.66402454,55.51669375,2.382,28.929,2.303,63.288
2410.75,92.882,92.66171376,55.5195725,2.383,28.745,2.332,63.752
2410.875,92.965,92.65940304,55.52245125,2.384,29.047,2.333,63.725
2411,91.926,92.65709238,55.52533,2.385,29.464,2.277,62.932
2411.125,90.633,92.65478177,55.52820875,2.387,29.939,2.2,62.206
2411.25,89.148,92.65247122,55.5310875,2.392,29.972,2.095,62.054
2411.375,89.179,92.65016073,55.53396625,2.396,29.916,2.02,62.93
2411.5,92.807,92.64785029,55.536845,2.397,30.102,1.976,64.858
2411.625,97.645,92.64553991,55.53972375,2.397,31.693,1.947,66.596
2412.375,96.288,92.63167886,55.55699625,2.378,31.017,1.916,56.12
2412.5,95.077,92.62936889,55.559875,2.374,29.374,1.913,56.137
2412.625,95.093,92.62705897,55.56275375,2.367,29.309,1.916,56.57
2412.75,97.786,92.62474911,55.5656325,2.352,29.943,1.926,57.701
2413.25,95.31,92.61551026,55.5771475,2.326,27.28,1.669,54.713
2413.375,92.467,92.61320069,55.58002625,2.336,27.267,1.58,52.741
2413.5,92.149,92.61089117,55.582905,2.343,27.335,1.507,51.033
2413.625,92.119,92.60858172,55.58578375,2.345,27.417,1.436,49.432
2413.75,92.641,92.60627232,55.5886625,2.339,27.276,1.381,48.292
2413.875,93.104,92.60396298,55.59154125,2.327,27.324,1.351,47.777
2414,93.237,92.6016537,55.59442,2.319,27.489,1.327,48.004
2414.125,93.432,92.59934447,55.59729875,2.315,27.957,1.305,48.551
2414.25,93.849,92.59703531,55.6001775,2.326,28.332,1.288,49.671
2414.375,94.498,92.5947262,55.60305625,2.353,28.24,1.282,50.538
2414.5,94.945,92.59241714,55.605935,2.38,28.131,1.297,50.864
2414.625,95.306,92.59010815,55.60881375,2.405,28.14,1.323,51.283
2414.75,95.404,92.58779921,55.6116925,2.433,28.369,1.369,52.192
2414.875,95.202,92.58549033,55.61457125,2.444,28.221,1.418,53.844
2415,94.965,92.58318151,55.61745,2.444,27.901,1.499,56.656
2415.125,94.729,92.58087275,55.62032875,2.441,27.058,1.599,59.313
2415.25,94.441,92.57856404,55.6232075,2.434,26.086,1.728,60.889
2415.375,93.954,92.57625539,55.62608625,2.427,25.703,1.838,60.759
2415.5,93.173,92.5739468,55.628965,2.424,25.533,1.959,60.025
2415.625,92.287,92.57163826,55.63184375,2.422,26.143,2.077,59.748
2415.75,91.288,92.56932979,55.6347225,2.423,27.198,2.169,60.8
2415.875,90.842,92.56702137,55.63760125,2.428,28.818,2.204,62.673
2416,92.102,92.56471301,55.64048,2.433,30.593,2.18,65.149
2416.125,94.298,92.5624047,55.64335875,2.439,32.68,2.141,67.499
2417.875,98.122,92.5300945,55.68366125,2.443,34.658,2.043,69.924
2418,92.958,92.52778705,55.68654,2.436,31.861,2.042,66.75
2418.125,88.429,92.52547967,55.68941875,2.429,29.562,2.032,63.112
2418.25,85.637,92.52317235,55.6922975,2.424,27.93,2.003,59.132
2418.375,84.96,92.52086508,55.69517625,2.423,26.806,1.968,56.619
2418.5,85.812,92.51855787,55.698055,2.425,25.809,1.912,54.695
2418.625,86.79,92.51625072,55.70093375,2.428,25.374,1.846,52.571
2418.75,88.018,92.51394362,55.7038125,2.431,25.391,1.763,50.202
2418.875,89.087,92.51163658,55.70669125,2.431,25.641,1.699,48.406
2419,89.436,92.5093296,55.70957,2.429,25.898,1.637,47.547
2419.125,89.724,92.50702268,55.71244875,2.424,26.173,1.574,47.133
2419.25,89.876,92.50471581,55.7153275,2.413,26.455,1.521,47.707
2419.375,89.952,92.50240901,55.71820625,2.4,26.803,1.493,48.405
2419.5,89.991,92.50010226,55.721085,2.395,27.154,1.48,48.611
2419.625,90.027,92.49779556,55.72396375,2.394,27.431,1.47,48.652
2419.75,90.037,92.49548893,55.7268425,2.4,27.552,1.469,48.395
2419.875,89.989,92.49318235,55.72972125,2.409,27.152,1.473,48.213
2420,89.885,92.49087583,55.7326,2.413,26.582,1.481,48.371
2420.125,89.753,92.48856937,55.73547875,2.415,25.443,1.491,48.746
2420.25,89.555,92.48626296,55.7383575,2.419,24.131,1.501,49.57
2420.375,89.337,92.48395662,55.74123625,2.427,23.671,1.508,50.375
2420.5,89.23,92.48165033,55.744115,2.436,23.469,1.513,50.858
2420.625,89.141,92.47934409,55.74699375,2.444,24.028,1.517,51.129
2420.75,89.103,92.47703792,55.7498725,2.45,24.785,1.518,50.887
2420.875,89.129,92.4747318,55.75275125,2.445,25.099,1.516,50.487
2421,89.193,92.47242574,55.75563,2.436,25.29,1.514,50.17
2421.125,89.262,92.47011974,55.75850875,2.425,25.188,1.511,49.875
2421.25,89.346,92.4678138,55.7613875,2.412,25.06,1.508,49.622
2421.375,89.432,92.46550791,55.76426625,2.403,24.947,1.508,49.337
2421.5,89.521,92.46320208,55.767145,2.4,24.864,1.504,48.676
2421.625,89.638,92.46089631,55.77002375,2.399,24.898,1.496,47.877
2421.75,89.834,92.45859059,55.7729025,2.398,24.954,1.48,46.938
2421.875,90.067,92.45628493,55.77578125,2.397,25.059,1.462,46.377
2422,90.24,92.45397933,55.77866,2.394,25.226,1.435,46.223
2422.125,90.444,92.45167379,55.78153875,2.391,25.657,1.405,46.018
2422.25,90.741,92.44936831,55.7844175,2.383,26.283,1.374,45.553
2422.375,91.081,92.44706288,55.78729625,2.375,26.451,1.355,44.727
2422.5,91.218,92.44475751,55.790175,2.37,26.399,1.345,43.58
2422.625,91.306,92.4424522,55.79305375,2.365,25.658,1.338,42.665
2422.75,91.275,92.44014694,55.7959325,2.358,24.749,1.337,42.618
2422.875,91.178,92.43784174,55.79881125,2.352,24.334,1.341,43.479
2423,91.141,92.4355366,55.80169,2.351,24.039,1.357,45.305
2423.125,91.078,92.43323152,55.80456875,2.352,24.042,1.381,47.349
2423.25,90.888,92.4309265,55.8074475,2.359,24.083,1.422,49.576
2423.375,90.456,92.42862153,55.81032625,2.369,24.377,1.464,51.265
2423.5,89.807,92.42631662,55.813205,2.376,24.757,1.523,53.103
2423.625,89.04,92.42401177,55.81608375,2.382,25.281,1.589,54.869
2423.75,88.032,92.42170697,55.8189625,2.387,25.588,1.657,56.058
2423.875,87.193,92.41940223,55.82184125,2.388,25.363,1.699,56.217
2424,87.167,92.41709755,55.82472,2.386,25.11,1.725,55.373
2424.125,87.28,92.41479293,55.82759875,2.384,24.895,1.747,54.322
2424.25,87.696,92.41248837,55.8304775,2.383,24.845,1.754,53.064
2424.375,88.145,92.41018386,55.83335625,2.385,24.673,1.75,52.294
2424.5,88.236,92.40787941,55.836235,2.387,24.407,1.729,51.758
2424.625,88.284,92.40557502,55.83911375,2.389,23.922,1.702,51.156
2424.75,88.256,92.40327068,55.8419925,2.386,23.546,1.661,50.421
2424.875,88.256,92.4009664,55.84487125,2.38,23.872,1.625,49.724
2425,88.424,92.39866218,55.84775,2.375,24.358,1.584,49.049
2425.125,88.678,92.39635802,55.85062875,2.371,25.297,1.541,48.506
2425.25,89.146,92.39405391,55.8535075,2.371,26.334,1.499,48.376
2425.375,89.679,92.39174987,55.85638625,2.375,26.898,1.472,48.55
2425.5,89.881,92.38944588,55.859265,2.378,27.286,1.453,48.844
2425.625,90.014,92.38714194,55.86214375,2.381,27.071,1.436,49.165
2425.75,89.961,92.38483807,55.8650225,2.384,26.549,1.423,49.493
2425.875,89.754,92.38253425,55.86790125,2.384,26.018,1.417,49.699
2426,89.555,92.38023049,55.87078,2.382,25.546,1.418,49.742
2426.125,89.352,92.37792678,55.87365875,2.379,25.31,1.423,49.762
2426.25,89.159,92.37562314,55.8765375,2.372,25.209,1.435,49.784
2426.375,89.071,92.37331955,55.87941625,2.366,25.285,1.449,49.929
2426.5,89.229,92.37101602,55.882295,2.361,25.413,1.475,50.166
2426.625,89.475,92.36871255,55.88517375,2.357,25.73,1.508,50.254
2426.75,89.937,92.36640913,55.8880525,2.352,26.113,1.552,49.904
2426.875,90.451,92.36410577,55.89093125,2.349,26.19,1.591,49.299
2427,90.552,92.36180247,55.89381,2.348,26.214,1.644,49.108
2427.125,90.565,92.35949923,55.89668875,2.347,26.218,1.707,49.515
2427.25,90.424,92.35719604,55.8995675,2.343,26.467,1.784,51.452
2427.375,90.402,92.35489291,55.90244625,2.335,27.209,1.849,54.109
2427.5,91.069,92.35258984,55.905325,2.328,27.979,1.935,58.051
2427.625,91.921,92.35028683,55.90820375,2.323,28.676,2.03,62.223
2427.75,92.979,92.34798387,55.9110825,2.32,29.306,2.129,66.087
2427.875,93.248,92.34568097,55.91396125,2.322,29.823,2.192,68.066
2428,92.002,92.34337813,55.91684,2.327,30.327,2.213,68.462
2428.125,90.707,92.34107534,55.91971875,2.332,30.861,2.213,68.536
2428.25,89.856,92.33877262,55.9225975,2.337,31.594,2.166,68.016
2428.375,91.057,92.33646995,55.92547625,2.341,33.23,2.106,67.592
2428.5,94.976,92.33416734,55.928355,2.343,35.067,2.034,67.64
2432.375,96.854,92.26281484,56.01759625,2.366,31.198,2.012,67.61
2432.5,94.163,92.26051406,56.020475,2.363,28.043,2.026,63.508
2432.625,92.245,92.25821334,56.02335375,2.361,26.58,2.041,59.811
2432.75,92.021,92.25591268,56.0262325,2.356,25.873,2.054,57.554
2432.875,92.549,92.25361208,56.02911125,2.349,26.008,2.061,56.789
2433,92.832,92.25131153,56.03199,2.344,26.264,2.064,56.838
2433.125,93.131,92.24901105,56.03486875,2.34,26.863,2.067,57.25
2433.25,93.522,92.24671062,56.0377475,2.337,27.552,2.069,58.524
2433.375,93.984,92.24441024,56.04062625,2.34,28.061,2.073,60.054
2433.5,94.053,92.24210993,56.043505,2.346,28.491,2.091,61.833
2433.625,93.909,92.23980967,56.04638375,2.354,28.605,2.115,63.571
2433.75,93.186,92.23750946,56.0492625,2.37,28.445,2.151,64.921
2433.875,92.116,92.23520932,56.05214125,2.387,28.275,2.185,65.573
2434,91.901,92.23290923,56.05502,2.399,28.215,2.224,66.189
2434.125,92.015,92.2306092,56.05789875,2.412,28.797,2.266,66.98
2434.25,92.924,92.22830923,56.0607775,2.431,30.378,2.308,68.088
2434.375,94.084,92.22600932,56.06365625,2.445,32.058,2.337,69.05
2434.5,93.948,92.22370946,56.066535,2.447,33.411,2.361,69.786
2434.625,93.307,92.22140966,56.06941375,2.44,33.392,2.385,70.309
2434.75,91.407,92.21910992,56.0722925,2.415,32.493,2.407,70.205
2434.875,89.014,92.21681023,56.07517125,2.382,31.602,2.424,69.658
2435,87.915,92.2145106,56.07805,2.361,30.827,2.452,68.902
2435.125,86.989,92.21221103,56.08092875,2.343,30.242,2.489,68.206
2435.25,86.402,92.20991152,56.0838075,2.329,29.316,2.541,67.736
2435.375,85.823,92.20761206,56.08668625,2.325,27.745,2.585,67.411
2435.5,84.444,92.20531267,56.089565,2.328,25.948,2.619,65.925
2436.375,83.771,92.18921848,56.10971625,2.36,19.528,1.955,48.747
2436.5,87.667,92.18691954,56.112595,2.395,22.159,1.819,47.48
2436.625,90.992,92.18462066,56.11547375,2.433,24.708,1.687,46.306
2436.75,92.787,92.18232183,56.1183525,2.463,26.153,1.582,45.684
2436.875,92.929,92.18002306,56.12123125,2.449,26.489,1.531,45.972
2437,92.057,92.17772435,56.12411,2.416,26.786,1.517,47.95
2437.125,90.988,92.1754257,56.12698875,2.378,26.977,1.513,50.645
2437.25,89.407,92.1731271,56.1298675,2.334,27.043,1.533,54.535
2437.375,87.686,92.17082857,56.13274625,2.312,26.857,1.563,57.75
2437.5,87.182,92.16853008,56.135625,2.309,26.682,1.619,60.546
2437.625,87.102,92.16623166,56.13850375,2.312,26.656,1.686,63.075
2437.75,88.206,92.16393329,56.1413825,2.322,26.801,1.766,64.467
2437.875,90.236,92.16163498,56.14426125,2.34,27.333,1.823,64.302
2438,91.539,92.15933673,56.14714,2.357,27.967,1.847,61.514
2438.125,92.635,92.15703854,56.15001875,2.376,28.872,1.858,57.782
2438.25,93.185,92.1547404,56.1528975,2.392,29.833,1.834,52.703
2438.375,93.231,92.15244232,56.15577625,2.392,29.496,1.8,49.077
2438.5,93.167,92.1501443,56.158655,2.386,28.998,1.77,47.281
2438.625,93.076,92.14784633,56.16153375,2.381,28.211,1.747,46.21
2438.75,92.815,92.14554842,56.1644125,2.386,27.61,1.745,46.933
2438.875,92.173,92.14325057,56.16729125,2.396,27.482,1.764,48.48
2439,91.21,92.14095278,56.17017,2.396,27.415,1.82,50.841
2439.125,90.058,92.13865504,56.17304875,2.387,27.505,1.893,53.272
2439.25,88.462,92.13635736,56.1759275,2.359,27.616,1.993,55.362
2439.375,86.928,92.13405974,56.17880625,2.333,27.596,2.073,56.375
2439.5,86.522,92.13176218,56.181685,2.326,27.532,2.166,57.678
2439.625,86.371,92.12946467,56.18456375,2.33,27.366,2.268,59.585
2439.75,86.938,92.12716722,56.1874425,2.355,27.293,2.372,62.666
2439.875,88.165,92.12486983,56.19032125,2.39,27.601,2.441,65.44
2440,89.137,92.12257249,56.1932,2.413,27.972,2.486,67.106
2440.125,89.875,92.12027521,56.19607875,2.431,28.457,2.519,68.021
2440.25,89.759,92.11797799,56.1989575,2.448,28.782,2.513,67.046
2440.375,88.337,92.11568083,56.20183625,2.46,28.295,2.477,65.253
2440.5,86.599,92.11338372,56.204715,2.466,27.65,2.396,62.799
2440.625,85.074,92.11108667,56.20759375,2.472,26.659,2.303,60.27
2440.75,84.407,92.10878968,56.2104725,2.476,25.808,2.198,58.11
2440.875,85.247,92.10649275,56.21335125,2.475,25.728,2.128,57.305
2441,86.913,92.10419587,56.21623,2.471,25.824,2.073,58.453
2441.125,88.711,92.10189905,56.21910875,2.465,26.365,2.018,60.132
2441.25,90.726,92.09960229,56.2219875,2.453,26.882,1.965,62.47
2441.375,92.298,92.09730558,56.22486625,2.442,27.05,1.926,63.761
2441.5,92.599,92.09500894,56.227745,2.436,27.157,1.885,63.516
2441.625,92.68,92.09271235,56.23062375,2.43,27.1,1.846,62.893
2441.75,92.193,92.09041581,56.2335025,2.422,27.037,1.816,61.659
2441.875,91.327,92.08811934,56.23638125,2.415,27.138,1.807,60.739
2442,90.66,92.08582292,56.23926,2.411,27.317,1.82,60.197
2442.125,89.996,92.08352656,56.24213875,2.408,27.762,1.838,59.869
2442.25,89.38,92.08123025,56.2450175,2.405,28.261,1.866,60.15
2442.375,89.021,92.078934,56.24789625,2.402,28.308,1.884,60.872
2442.5,89.112,92.07663781,56.250775,2.4,28.248,1.89,62.171
2442.625,89.275,92.07434168,56.25365375,2.398,28.003,1.889,63.548
2442.75,89.64,92.07204561,56.2565325,2.394,27.945,1.871,64.789
2442.875,90.19,92.06974959,56.25941125,2.39,28.105,1.846,65.305
2443,90.813,92.06745363,56.26229,2.388,28.278,1.803,64.933
2443.125,91.508,92.06515772,56.26516875,2.386,28.506,1.751,64.248
2443.25,92.288,92.06286188,56.2680475,2.382,28.814,1.688,62.958
2443.375,92.685,92.06056609,56.27092625,2.376,29.412,1.636,61.698
2443.5,92.276,92.05827036,56.273805,2.372,29.892,1.583,59.885
2443.625,91.763,92.05597468,56.27668375,2.367,29.606,1.527,57.813
2443.75,91.103,92.05367907,56.2795625,2.363,28.714,1.475,55.492
2443.875,90.725,92.05138351,56.28244125,2.363,27.734,1.442,53.854
2444,90.936,92.049088,56.28532,2.364,26.843,1.419,52.543
2444.125,91.226,92.04679256,56.28819875,2.368,26.273,1.398,51.383
2444.25,91.669,92.04449717,56.2910775,2.374,25.955,1.387,50.838
2444.375,92.045,92.04220184,56.29395625,2.381,25.989,1.387,51.098
2444.5,92.188,92.03990656,56.296835,2.385,26.082,1.403,52.131
2444.625,92.346,92.03761135,56.29971375,2.389,26.289,1.427,53.044
2444.75,92.57,92.03531619,56.3025925,2.395,26.364,1.466,53.276
2444.875,92.847,92.03302109,56.30547125,2.4,26.44,1.504,52.526
2445,92.856,92.03072604,56.30835,2.402,26.634,1.558,51.294
2445.125,92.732,92.02843105,56.31122875,2.403,27.326,1.622,50.502
2445.25,92.308,92.02613612,56.3141075,2.404,28.342,1.696,51.157
2445.375,91.892,92.02384125,56.31698625,2.409,29.203,1.754,53.066
2445.5,92.24,92.02154643,56.319865,2.416,29.932,1.82,56.577
2445.625,92.865,92.01925168,56.32274375,2.424,30.31,1.893,60.428
2445.75,94.146,92.01695697,56.3256225,2.434,30.823,1.97,64.37
2445.875,95.564,92.01466233,56.32850125,2.432,31.997,2.024,66.952
2446,96.185,92.01236774,56.33138,2.421,33.196,2.068,69.218
2446.125,96.794,92.01007321,56.33425875,2.403,34.267,2.111,71.378
2446.25,97.392,92.00777874,56.3371375,2.375,35.068,2.142,72.845
2446.375,97.866,92.00548432,56.34001625,2.352,35.703,2.152,73.125
2446.5,97.755,92.00318997,56.342895,2.342,36.303,2.141,72.526
2446.625,97.553,92.00089567,56.34577375,2.336,36.641,2.122,71.867
2446.75,97.209,91.99860142,56.3486525,2.333,36.742,2.088,71.258
2446.875,97.042,91.99630724,56.35153125,2.333,36.953,2.056,70.976
2447,97.245,91.99401311,56.35441,2.334,37.21,2.015,70.57
2447.125,97.529,91.99171903,56.35728875,2.334,37.541,1.968,70.063
2447.25,98.051,91.98942502,56.3601675,2.334,37.785,1.91,69.458
2448.875,96.686,91.95960803,56.39759125,2.32,33.121,1.889,60.039
2449,95.533,91.95731482,56.40047,2.321,30.127,1.96,59.838
2449.125,94.897,91.95502166,56.40334875,2.322,28.185,2.043,60.261
2449.25,95.365,91.95272856,56.4062275,2.323,27.287,2.139,61.885
2449.375,95.984,91.95043552,56.40910625,2.323,27.601,2.214,63.364
2449.5,95.23,91.94814253,56.411985,2.322,28.032,2.275,64.246
2449.625,94.102,91.9458496,56.41486375,2.322,28.508,2.33,64.764
2449.75,92.229,91.94355673,56.4177425,2.323,28.58,2.359,64.346
2449.875,90.703,91.94126392,56.42062125,2.324,28.08,2.363,63.499
2450,90.997,91.93897116,56.4235,2.323,27.546,2.349,63.213
2450.125,91.736,91.93667846,56.42637875,2.32,27.16,2.331,63.574
2450.25,93.557,91.93438582,56.4292575,2.316,27.224,2.306,65.403
2450.375,95.716,91.93209324,56.43213625,2.312,28.185,2.283,67.406
2450.5,96.41,91.92980071,56.435015,2.312,29.52,2.247,68.565
2450.625,96.849,91.92750824,56.43789375,2.313,31.689,2.205,69.247
2450.75,96.769,91.92521582,56.4407725,2.312,33.66,2.154,68.872
2450.875,96.717,91.92292347,56.44365125,2.309,34.25,2.117,68.378
2451,97.401,91.92063117,56.44653,2.305,34.66,2.086,68.279
2452.25,97.693,91.89771132,56.4753175,2.322,30.726,1.855,58.983
2452.375,93.197,91.89541965,56.47819625,2.328,28.982,1.801,57.994
2452.5,92.303,91.89312803,56.481075,2.331,27.778,1.732,56.933
2452.625,91.615,91.89083648,56.48395375,2.333,27.993,1.656,55.777
2452.75,91.245,91.88854498,56.4868325,2.336,28.303,1.571,54.641
2452.875,90.804,91.88625354,56.48971125,2.337,27.818,1.507,54.045
2453,90.744,91.88396215,56.49259,2.337,27.228,1.444,53.663
2453.125,90.917,91.88167082,56.49546875,2.338,26.634,1.379,53.123
2453.25,91.729,91.87937955,56.4983475,2.34,26.54,1.321,52.188
2453.375,92.971,91.87708834,56.50122625,2.345,27.129,1.288,51.115
2453.5,93.59,91.87479718,56.504105,2.349,27.723,1.276,49.821
2453.625,94.029,91.87250608,56.50698375,2.352,28.07,1.273,48.673
2453.75,93.968,91.87021504,56.5098625,2.356,27.928,1.288,48.189
2453.875,93.437,91.86792406,56.51274125,2.358,27.199,1.313,48.598
2454,92.893,91.86563313,56.51562,2.358,26.491,1.364,50.469
2454.125,92.325,91.86334226,56.51849875,2.359,26.083,1.431,53.035
2454.25,91.691,91.86105144,56.5213775,2.362,26.049,1.523,56.893
2454.375,91.119,91.85876069,56.52425625,2.365,26.275,1.61,60.453
2454.5,90.971,91.85646999,56.527135,2.366,26.535,1.734,64.057
2454.625,90.936,91.85417935,56.53001375,2.367,27.027,1.878,67.327
2454.75,91.211,91.85188876,56.5328925,2.368,27.888,2.045,69.157
2454.875,91.736,91.84959823,56.53577125,2.372,28.988,2.167,69.201
2455,91.99,91.84730776,56.53865,2.377,29.941,2.285,68.36
2455.125,91.996,91.84501735,56.54152875,2.382,29.949,2.399,67.544
2455.25,91.176,91.84272699,56.5444075,2.387,29.114,2.483,66.912
2455.375,89.338,91.84043669,56.54728625,2.385,28.31,2.506,66.437
2455.5,87.334,91.83814645,56.550165,2.377,27.482,2.447,64.731
2455.625,85.356,91.83585627,56.55304375,2.365,26.46,2.36,62.323
2455.75,83.794,91.83356614,56.5559225,2.345,25.219,2.222,58.734
2455.875,83.759,91.83127607,56.55880125,2.327,24.413,2.107,55.833
2456,85.558,91.82898605,56.56168,2.319,23.856,1.996,53.572
2456.125,87.635,91.8266961,56.56455875,2.313,24.204,1.884,51.519
2456.25,90.132,91.8244062,56.5674375,2.309,25.021,1.788,50.266
2456.375,91.804,91.82211635,56.57031625,2.309,25.439,1.737,50.069
2456.5,91.632,91.81982657,56.573195,2.311,25.677,1.71,51.666
2456.625,91.303,91.81753684,56.57607375,2.315,25.407,1.689,53.99
2456.75,90.734,91.81524717,56.5789525,2.324,25.075,1.69,57.474
2456.875,90.451,91.81295755,56.58183125,2.334,24.931,1.709,60.087
2457,90.743,91.810668,56.58471,2.341,24.801,1.768,61.234
2457.125,91.097,91.8083785,56.58758875,2.348,24.747,1.846,61.912
2457.25,91.53,91.80608905,56.5904675,2.358,24.837,1.957,61.652
2457.375,91.759,91.80379967,56.59334625,2.368,25.228,2.048,61.47
2457.5,91.617,91.80151034,56.596225,2.373,25.649,2.136,62.518
2457.625,91.467,91.79922107,56.59910375,2.377,26.111,2.224,64.063
2457.75,91.377,91.79693185,56.6019825,2.374,26.541,2.295,66.395
2457.875,91.534,91.7946427,56.60486125,2.363,26.877,2.329,68.148
2458,91.839,91.7923536,56.60774,2.352,27.222,2.337,69.252
2458.125,92.091,91.79006455,56.61061875,2.342,27.662,2.339,70.234
2458.25,92.15,91.78777557,56.6134975,2.332,28.22,2.326,70.943
2458.375,91.963,91.78548664,56.61637625,2.332,28.595,2.308,71.603
2458.5,92.11,91.78319777,56.619255,2.336,28.847,2.277,72.794
2458.625,92.558,91.78090895,56.62213375,2.343,28.639,2.24,73.924
2458.75,93.756,91.77862019,56.6250125,2.353,28.191,2.193,74.443
2458.875,95.147,91.77633149,56.62789125,2.358,27.967,2.151,73.757
2459,95.068,91.77404285,56.63077,2.358,27.837,2.097,70.754
2459.125,94.579,91.77175426,56.63364875,2.357,27.907,2.037,66.984
2459.25,93.189,91.76946573,56.6365275,2.354,27.927,1.972,62.254
2459.375,91.791,91.76717726,56.63940625,2.354,27.667,1.927,59.026
2459.5,91.772,91.76488884,56.642285,2.357,27.362,1.9,57.83
2459.625,91.982,91.76260049,56.64516375,2.361,26.973,1.879,57.482
2459.75,92.633,91.76031218,56.6480425,2.368,26.601,1.877,59.047
2459.875,93.155,91.75802394,56.65092125,2.376,26.455,1.891,61.041
2460,92.998,91.75573575,56.6538,2.379,26.404,1.927,62.915
2460.125,92.709,91.75344762,56.65667875,2.38,26.692,1.972,64.556
2460.25,92.122,91.75115955,56.6595575,2.377,27.155,2.03,65.396
2460.375,91.513,91.74887153,56.66243625,2.375,27.229,2.077,65.501
2460.5,91.306,91.74658357,56.665315,2.376,27.156,2.13,65.674
2460.625,91.14,91.74429567,56.66819375,2.379,26.632,2.186,66.085
2460.75,91.075,91.74200783,56.6710725,2.384,26.027,2.239,67.021
2460.875,91.115,91.73972004,56.67395125,2.389,26.006,2.27,68.053
2461,91.319,91.73743231,56.67683,2.39,26.123,2.275,69.415
2461.125,91.565,91.73514464,56.67970875,2.391,26.6,2.268,70.664
2461.25,91.843,91.73285702,56.6825875,2.394,27.106,2.23,71.128
2461.375,91.876,91.73056946,56.68546625,2.399,27.331,2.181,70.084
2461.5,91.339,91.72828196,56.688345,2.403,27.485,2.103,65.53
2461.625,90.631,91.72599451,56.69122375,2.408,27.384,2.012,59.876
2461.75,89.55,91.72370712,56.6941025,2.418,27.117,1.907,53.065
2461.875,88.54,91.72141979,56.69698125,2.428,26.593,1.833,48.983
2462,88.254,91.71913252,56.69986,2.436,26.04,1.768,48.004
2462.125,88.043,91.7168453,56.70273875,2.441,25.526,1.703,47.64
2462.25,88.011,91.71455814,56.7056175,2.439,25.237,1.645,48.292
2462.375,88.122,91.71227104,56.70849625,2.426,25.334,1.611,48.49
2462.5,88.36,91.70998399,56.711375,2.411,25.474,1.59,47.633
2462.625,88.652,91.707697,56.71425375,2.395,25.713,1.575,46.739
2462.75,89.041,91.70541007,56.7171325,2.372,25.92,1.574,46.181
2462.875,89.315,91.70312319,56.72001125,2.356,25.993,1.585,46.54
2463,89.104,91.70083638,56.72289,2.349,26.04,1.616,47.771
2463.125,88.733,91.69854961,56.72576875,2.346,25.938,1.655,49.024
2463.25,87.967,91.69626291,56.7286475,2.346,25.647,1.709,50.001
2463.375,87.099,91.69397626,56.73152625,2.349,25.342,1.757,50.272
2463.5,86.804,91.69168967,56.734405,2.353,25.094,1.826,49.934
2463.625,86.613,91.68940314,56.73728375,2.357,25.098,1.908,49.42
2463.75,86.633,91.68711666,56.7401625,2.363,25.281,2.01,48.569
2463.875,86.616,91.68483025,56.74304125,2.368,25.599,2.092,47.756
2464,85.695,91.68254388,56.74592,2.37,25.906,2.186,47.169
2464.125,83.936,91.68025758,56.74879875,2.371,26.022,2.282,46.866
2465.125,84.838,91.66196919,56.77182875,2.352,26.971,1.823,40.192
2465.25,90.287,91.6596834,56.7747075,2.348,28.591,1.709,39.257
2465.375,93.84,91.65739766,56.77758625,2.343,28.715,1.642,39.409
2465.5,94.24,91.65511199,56.780465,2.34,28.536,1.603,40.279
2465.625,94.372,91.65282637,56.78334375,2.337,27.566,1.571,41.18
2465.75,93.894,91.6505408,56.7862225,2.332,26.504,1.562,41.923
2465.875,93.131,91.6482553,56.78910125,2.326,26.189,1.571,42.184
2466,92.502,91.64596985,56.79198,2.323,26.081,1.612,42.335
2466.125,91.864,91.64368445,56.79485875,2.321,26.593,1.668,42.802
2466.25,91.287,91.64139912,56.7977375,2.323,27.231,1.748,44.246
2466.375,91.128,91.63911384,56.80061625,2.33,27.197,1.821,46.601
2466.5,91.826,91.63682862,56.803495,2.336,27.011,1.908,51.839
2466.625,92.715,91.63454345,56.80637375,2.342,26.699,1.999,58.076
2466.75,93.941,91.63225834,56.8092525,2.347,26.982,2.084,65.327
2466.875,94.805,91.62997329,56.81213125,2.348,28.47,2.134,70.014
2467,94.651,91.6276883,56.81501,2.348,30.117,2.167,71.938
2467.125,94.436,91.62540336,56.81788875,2.348,31.551,2.2,73.036
2467.25,94.197,91.62311848,56.8207675,2.349,31.374,2.23,72.33
2467.375,94.321,91.62083366,56.82364625,2.349,31.289,2.26,71.294
2467.5,94.854,91.61854889,56.826525,2.349,31.382,2.331,70.731
2467.625,95.363,91.61626418,56.82940375,2.349,31.65,2.433,70.272
2467.75,95.569,91.61397953,56.8322825,2.35,31.216,2.599,69.896
2467.875,94.774,91.61169494,56.83516125,2.351,28.881,2.771,69.133
2468,92.16,91.6094104,56.83804,2.35,26.14,3.058,66.387
2468.125,88.525,91.60712592,56.84091875,2.348,22.202,3.408,62.782
2469.375,84.578,91.58428424,56.86970625,2.367,20.252,2.435,47.287
2469.5,86.164,91.58200038,56.872585,2.365,22.491,2.15,46.411
2469.625,87.706,91.57971659,56.87546375,2.36,23.842,1.867,45.357
2469.75,89.18,91.57743284,56.8783425,2.35,24.605,1.627,44.065
2469.875,90.405,91.57514916,56.88122125,2.342,24.8,1.493,43.131
2470,90.732,91.57286553,56.8841,2.341,24.957,1.411,42.859
2470.125,90.918,91.57058196,56.88697875,2.341,25.058,1.337,42.842
2470.25,90.766,91.56829845,56.8898575,2.34,25.154,1.29,43.329
2470.375,90.434,91.566015,56.89273625,2.337,25.107,1.274,43.772
2470.5,90.282,91.5637316,56.895615,2.334,25.032,1.279,44.28
2470.625,90.159,91.56144825,56.89849375,2.332,24.869,1.291,44.977
2470.75,90.081,91.55916497,56.9013725,2.332,24.653,1.318,46.054
2470.875,89.955,91.55688174,56.90425125,2.335,24.572,1.347,47.072
2471,89.657,91.55459857,56.90713,2.339,24.482,1.386,48.022
2471.125,89.246,91.55231546,56.91000875,2.343,24.436,1.431,48.787
2471.25,88.558,91.5500324,56.9128875,2.347,24.485,1.48,48.917
2471.375,87.821,91.5477494,56.91576625,2.348,24.535,1.514,48.428
2471.5,87.679,91.54546645,56.918645,2.346,24.579,1.537,47.186
2471.625,87.754,91.54318357,56.92152375,2.342,24.7,1.558,45.763
2471.75,88.44,91.54090074,56.9244025,2.332,25.04,1.568,44.242
2471.875,89.611,91.53861796,56.92728125,2.323,25.605,1.569,43.389
2472,90.452,91.53633525,56.93016,2.319,26.098,1.57,43.337
2472.125,91.198,91.53405259,56.93303875,2.318,26.08,1.573,43.574
2472.25,91.613,91.53176999,56.9359175,2.322,25.468,1.585,44.43
2472.375,91.464,91.52948744,56.93879625,2.327,24.535,1.603,45.396
2472.5,90.783,91.52720495,56.941675,2.328,23.675,1.644,46.83
2472.625,89.946,91.52492252,56.94455375,2.328,23.28,1.698,48.441
2472.75,88.74,91.52264015,56.9474325,2.326,23.409,1.777,50.144
2472.875,87.543,91.52035783,56.95031125,2.323,23.891,1.851,51.155
2473,87.056,91.51807557,56.95319,2.321,24.301,1.955,51.567
2473.125,86.63,91.51579337,56.95606875,2.32,24.247,2.071,52.004
2473.25,86.333,91.51351122,56.9589475,2.32,23.707,2.199,52.63
2473.375,86.118,91.51122913,56.96182625,2.323,23.101,2.29,53.577
2473.5,85.981,91.5089471,56.964705,2.329,22.598,2.361,55.336
2473.625,85.827,91.50666512,56.96758375,2.337,22.559,2.42,57.192
2473.75,85.629,91.5043832,56.9704625,2.351,22.854,2.44,58.798
2473.875,85.443,91.50210134,56.97334125,2.362,23.315,2.419,59.317
2474,85.501,91.49981954,56.97622,2.368,23.783,2.339,58.335
2474.125,85.739,91.49753779,56.97909875,2.372,24.232,2.237,56.816
2474.25,86.541,91.4952561,56.9819775,2.379,24.628,2.1,54.367
2474.375,87.91,91.49297446,56.98485625,2.388,24.924,1.989,52.301
2474.5,89.18,91.49069288,56.987735,2.395,25.202,1.868,50.334
2474.625,90.521,91.48841136,56.99061375,2.4,25.491,1.747,48.354
2474.75,91.98,91.4861299,56.9934925,2.404,25.878,1.642,46.658
2474.875,93.105,91.48384849,56.99637125,2.401,26.21,1.583,45.778
2475,93.258,91.48156714,56.99925,2.397,26.474,1.556,45.777
2475.125,93.245,91.47928585,57.00212875,2.394,26.51,1.539,46.137
2475.25,92.807,91.47700461,57.0050075,2.392,26.545,1.545,47.282
2475.375,92.084,91.47472343,57.00788625,2.392,26.866,1.565,48.598
2475.5,91.425,91.47244231,57.010765,2.391,27.207,1.615,50.86
2475.625,90.699,91.47016125,57.01364375,2.389,27.446,1.68,53.566
2475.75,89.878,91.46788024,57.0165225,2.384,27.37,1.772,56.788
2475.875,89.378,91.46559929,57.01940125,2.379,26.984,1.855,58.984
2476,89.881,91.46331839,57.02228,2.377,26.635,1.956,60.213
2476.125,90.632,91.46103755,57.02515875,2.377,26.486,2.064,61.346
2476.25,91.869,91.45875677,57.0280375,2.378,26.533,2.172,62.291
2476.375,92.83,91.45647605,57.03091625,2.377,26.52,2.248,63.179
2476.5,92.546,91.45419538,57.033795,2.376,26.42,2.334,63.88
2476.625,92.072,91.45191477,57.03667375,2.374,25.97,2.436,64.28
2476.75,91.178,91.44963422,57.0395525,2.37,25.255,2.566,63.926
2476.875,90.199,91.44735372,57.04243125,2.368,24.323,2.686,63.321
2477,88.918,91.44507328,57.04531,2.367,23.361,2.856,62.429
2477.125,86.88,91.4427929,57.04818875,2.369,22.176,3.051,61.058
2479.875,87.079,91.39263885,57.11152125,2.374,21.178,2.201,57.09
2480,88.625,91.39035978,57.1144,2.382,24.061,2.127,56.187
2480.125,89.761,91.38808076,57.11727875,2.39,25.6,2.061,55.609
2480.25,89.934,91.3858018,57.1201575,2.396,26.255,2.024,55.777
2480.375,89.501,91.38352289,57.12303625,2.396,25.911,2.026,56.052
2480.5,88.814,91.38124404,57.125915,2.393,25.361,2.09,55.044
2480.625,87.699,91.37896525,57.12879375,2.388,24.047,2.184,53.283
2480.75,85.177,91.37668652,57.1316725,2.38,22.152,2.336,50.113
2483.375,86.74,91.32884622,57.19212625,2.278,22.922,2.576,58.291
2483.5,88.781,91.32656873,57.195005,2.269,25.77,2.379,61.311
2483.625,91.651,91.3242913,57.19788375,2.261,27.619,2.17,65.304
2485.25,93.368,91.29468991,57.2353075,2.287,33.353,1.698,67.405
2485.375,90.214,91.29241328,57.23818625,2.289,30.774,1.699,61.976
2485.5,89.92,91.2901367,57.241065,2.29,28.543,1.677,58.453
2485.625,89.938,91.28786018,57.24394375,2.29,27.252,1.645,55.566
2485.75,90.376,91.28558372,57.2468225,2.29,26.329,1.596,54.356
2485.875,90.478,91.28330731,57.24970125,2.294,26.041,1.554,54.048
2486,90.27,91.28103096,57.25258,2.302,25.892,1.51,53.35
2486.125,90.052,91.27875467,57.25545875,2.316,26.154,1.465,52.537
2486.25,89.88,91.27647843,57.2583375,2.349,26.511,1.427,51.745
2486.375,89.846,91.27420226,57.26121625,2.388,26.729,1.408,51.572
2486.5,89.87,91.27192613,57.264095,2.41,26.929,1.405,52.389
2486.625,89.878,91.26965007,57.26697375,2.424,27.117,1.407,53.513
2486.75,89.853,91.26737406,57.2698525,2.426,27.332,1.418,55.057
2486.875,89.844,91.26509811,57.27273125,2.413,27.385,1.43,56.064
2487,89.996,91.26282221,57.27561,2.4,27.379,1.445,56.077
2487.125,90.231,91.26054638,57.27848875,2.387,27.159,1.463,55.723
2487.25,90.61,91.25827059,57.2813675,2.375,26.784,1.484,54.743
2487.375,90.921,91.25599487,57.28424625,2.375,26.341,1.502,54.156
2487.5,91.119,91.2537192,57.287125,2.38,25.929,1.526,55.262
2487.625,91.273,91.25144359,57.29000375,2.388,25.729,1.554,57.033
2487.75,91.319,91.24916804,57.2928825,2.392,25.834,1.584,59.774
2487.875,91.315,91.24689254,57.29576125,2.383,26.387,1.607,61.441
2488,91.194,91.2446171,57.29864,2.367,26.965,1.641,60.765
2488.125,90.931,91.24234171,57.30151875,2.348,27.357,1.684,59.501
2488.25,90.33,91.24006638,57.3043975,2.32,27.243,1.743,57.575
2488.375,89.665,91.23779111,57.30727625,2.304,26.391,1.796,57.017
2488.5,89.096,91.2355159,57.310155,2.303,25.473,1.869,59.075
2488.625,88.633,91.23324074,57.31303375,2.309,24.712,1.952,61.661
2488.75,88.449,91.23096564,57.3159125,2.326,24.703,2.045,64.591
2488.875,88.362,91.2286906,57.31879125,2.344,25.93,2.114,65.787
2489,87.92,91.22641561,57.32167,2.352,27.165,2.186,64.93
2489.125,87.434,91.22414068,57.32454875,2.358,27.723,2.26,63.776
2489.25,87.062,91.22186581,57.3274275,2.367,27.025,2.326,62.473
2489.375,87.194,91.21959099,57.33030625,2.383,25.537,2.363,62.226
2489.5,87.973,91.21731623,57.333185,2.398,24.204,2.375,63.188
2489.625,88.826,91.21504153,57.33606375,2.413,23.831,2.381,64.17
2489.75,89.633,91.21276688,57.3389425,2.43,24.448,2.372,64.797
2489.875,90.02,91.21049229,57.34182125,2.438,25.408,2.358,64.566
2490,90.408,91.20821776,57.3447,2.44,26.233,2.344,63.799
2490.125,90.927,91.20594328,57.34757875,2.442,26.567,2.333,63.22
2490.25,91.658,91.20366886,57.3504575,2.441,26.733,2.328,63.342
2490.375,92.19,91.2013945,57.35333625,2.435,27.218,2.333,64.15
2490.5,92.261,91.19912019,57.356215,2.427,27.739,2.347,65.441
2490.625,92.158,91.19684594,57.35909375,2.417,28.114,2.365,66.738
2490.75,91.739,91.19457175,57.3619725,2.406,27.991,2.39,67.828
2490.875,91.421,91.19229761,57.36485125,2.404,27.414,2.413,68.398
2491,91.412,91.19002353,57.36773,2.41,26.912,2.444,68.618
2491.125,91.481,91.18774951,57.37060875,2.416,26.868,2.48,68.695
2491.25,91.654,91.18547554,57.3734875,2.419,27.289,2.519,68.397
2491.375,91.684,91.18320163,57.37636625,2.404,27.613,2.549,67.892
2491.5,91.427,91.18092778,57.379245,2.382,27.797,2.576,67.275
2491.625,91.149,91.17865398,57.38212375,2.355,27.554,2.604,66.738
2491.75,90.956,91.17638025,57.3850025,2.317,27.188,2.631,66.494
2491.875,91.065,91.17410656,57.38788125,2.288,27.159,2.65,66.545
2492,91.546,91.17183294,57.39076,2.278,27.234,2.669,66.824
2492.125,92.04,91.16955937,57.39363875,2.273,27.58,2.689,67.13
2492.25,92.415,91.16728586,57.3965175,2.273,27.949,2.706,67.438
2492.375,92.478,91.1650124,57.39939625,2.28,28.043,2.715,67.662
2492.5,92.417,91.162739,57.402275,2.29,28.061,2.715,67.997
2492.625,92.401,91.16046566,57.40515375,2.305,27.986,2.714,68.337
2492.75,92.497,91.15819237,57.4080325,2.332,28.15,2.709,68.614
2492.875,92.613,91.15591914,57.41091125,2.356,28.988,2.707,68.747
2493,92.689,91.15364597,57.41379,2.366,29.929,2.713,68.838
2493.125,92.788,91.15137285,57.41666875,2.367,30.774,2.723,68.854
2493.25,92.947,91.1490998,57.4195475,2.358,30.956,2.74,68.662
2493.375,93.117,91.14682679,57.42242625,2.344,30.328,2.757,68.386
2493.5,93.065,91.14455385,57.425305,2.338,29.702,2.782,68.454
2493.625,92.779,91.14228096,57.42818375,2.337,29.286,2.811,68.714
2493.75,91.915,91.14000813,57.4310625,2.353,29.127,2.844,69.246
2493.875,90.822,91.13773535,57.43394125,2.38,28.909,2.866,69.371
2494,89.337,91.13546263,57.43682,2.4,28.611,2.877,68.458
2494.125,87.902,91.13318997,57.43969875,2.413,28.023,2.884,67.581
2494.25,86.946,91.13091736,57.4425775,2.409,27.301,2.876,67.352
2494.375,86.898,91.12864482,57.44545625,2.38,26.967,2.861,68.496
2494.5,87.747,91.12637232,57.448335,2.352,26.797,2.837,71.38
2494.625,88.749,91.12409989,57.45121375,2.323,27.204,2.81,74.284
2494.75,89.873,91.12182751,57.4540925,2.286,27.927,2.781,76.438
2494.875,90.588,91.11955519,57.45697125,2.26,29.038,2.761,76.822
2495,91.194,91.11728292,57.45985,2.251,30.225,2.745,76.017
2495.125,91.794,91.11501071,57.46272875,2.246,31.619,2.729,75.141
2495.25,92.24,91.11273856,57.4656075,2.247,33.049,2.716,74.34
2495.375,92.308,91.11046646,57.46848625,2.253,33.62,2.709,73.962
2495.5,91.932,91.10819442,57.471365,2.258,33.89,2.697,73.34
2495.625,91.551,91.10592244,57.47424375,2.262,33.081,2.68,72.392
2495.75,91.356,91.10365052,57.4771225,2.27,31.66,2.647,70.836
2495.875,91.633,91.10137865,57.48000125,2.281,30.545,2.603,69.536
2496,93.046,91.09910684,57.48288,2.29,29.702,2.504,69.595
2498,93.407,91.06276554,57.52894,2.355,32.626,2.134,73.074
2498.125,89.823,91.06049469,57.53181875,2.336,30.233,2.29,70.455
2498.25,88.583,91.0582239,57.5346975,2.314,28.577,2.441,68.933
2498.375,88.833,91.05595316,57.53757625,2.305,28.089,2.529,68.265
2498.5,89.867,91.05368248,57.540455,2.306,27.788,2.572,67.021
2498.625,90.998,91.05141186,57.54333375,2.308,28.072,2.604,65.495
2498.75,92.045,91.0491413,57.5462125,2.312,28.625,2.608,63.664
2498.875,92.391,91.04687079,57.54909125,2.315,29.198,2.596,62.465
2499,91.813,91.04460033,57.55197,2.316,29.605,2.57,61.31
2499.125,91.02,91.04232994,57.55484875,2.315,29.214,2.541,59.981
2499.25,89.96,91.0400596,57.5577275,2.305,28.355,2.509,58.467
2499.375,89.286,91.03778931,57.56060625,2.284,27.252,2.489,57.466
2499.5,89.052,91.03551909,57.563485,2.266,26.22,2.478,57.032
2499.625,88.894,91.03324892,57.56636375,2.249,25.53,2.469,56.587
2499.75,88.828,91.0309788,57.5692425,2.232,25.075,2.462,55.98
2499.875,88.568,91.02870875,57.57212125,2.228,24.619,2.455,55.061
2500,87.291,91.02643875,57.575,2.234,24.128,2.419,53.759
2500.125,85.59,91.0241688,57.57787875,2.247,23.499,2.367,52.565
2500.25,83.327,91.02189892,57.5807575,2.277,22.761,2.28,51.824
2500.625,82.925,91.0150896,57.58939375,2.348,21.634,1.986,47.991
2500.75,84.783,91.01281993,57.5922725,2.362,22.137,1.873,44.86
2500.875,86.301,91.01055033,57.59515125,2.369,23.415,1.799,42.544
2501,87.114,91.00828078,57.59803,2.372,24.727,1.738,41.761
2501.125,87.702,91.00601129,57.60090875,2.375,25.83,1.678,41.691
2501.25,87.775,91.00374186,57.6037875,2.375,26.375,1.628,43.265
2501.375,87.684,91.00147248,57.60666625,2.371,26.155,1.602,45.303
2501.5,87.586,90.99920316,57.609545,2.366,25.858,1.596,47.385
2501.625,87.462,90.9969339,57.61242375,2.359,25.439,1.598,49.145
2501.75,87.281,90.99466469,57.6153025,2.349,25.12,1.619,49.752
2501.875,87.11,90.99239554,57.61818125,2.338,24.922,1.645,49.183
2502,87.014,90.99012644,57.62106,2.332,24.735,1.679,47.956
2502.125,86.959,90.9878574,57.62393875,2.328,24.611,1.713,46.966
2502.25,86.985,90.98558842,57.6268175,2.332,24.55,1.735,46.876
2502.375,86.998,90.9833195,57.62969625,2.344,24.557,1.735,47.683
2502.5,87.052,90.98105063,57.632575,2.355,24.562,1.706,48.929
2502.625,87.256,90.97878182,57.63545375,2.364,24.636,1.667,50
2502.75,87.851,90.97651306,57.6383325,2.375,24.884,1.613,50.409
2502.875,88.627,90.97424436,57.64121125,2.385,25.135,1.572,50.151
2503,89.48,90.97197572,57.64409,2.392,25.304,1.535,49.394
2503.125,90.192,90.96970714,57.64696875,2.399,25.105,1.498,48.447
2503.25,90.431,90.96743861,57.6498475,2.409,24.576,1.463,47.173
2503.375,90.268,90.96517014,57.65272625,2.413,24.049,1.441,46.077
2503.5,90.069,90.96290172,57.655605,2.413,23.602,1.427,45.324
2503.625,89.897,90.96063336,57.65848375,2.414,23.502,1.417,44.834
2503.75,89.753,90.95836506,57.6613625,2.414,23.658,1.423,45.039
2503.875,89.516,90.95609681,57.66424125,2.407,24.043,1.44,45.595
2504,88.907,90.95382862,57.66712,2.393,24.451,1.479,46.291
2504.125,88.202,90.95156049,57.66999875,2.373,24.824,1.527,47.023
2504.25,87.416,90.94929242,57.6728775,2.342,24.999,1.586,47.773
2504.375,86.894,90.9470244,57.67575625,2.322,24.969,1.634,48.414
2504.5,86.435,90.94475643,57.678635,2.317,24.932,1.695,49.142
2504.625,85.998,90.94248853,57.68151375,2.317,24.839,1.767,49.799
2504.75,85.711,90.94022068,57.6843925,2.32,24.655,1.86,50.136
2504.875,85.707,90.93795288,57.68727125,2.321,24.346,1.944,50.094
2505,85.833,90.93568515,57.69015,2.32,24.042,2.062,49.872
2505.125,85.719,90.93341746,57.69302875,2.318,23.693,2.201,49.592
2505.25,84.816,90.93114984,57.6959075,2.317,23.141,2.374,49.141
2505.375,83.137,90.92888227,57.69878625,2.316,21.641,2.519,48.509
2506.5,83.484,90.90847671,57.724695,2.255,22.272,2.814,50.533
2506.625,84.055,90.90620971,57.72757375,2.239,23.243,2.638,50.896
2506.75,84.064,90.90394277,57.7304525,2.225,23.391,2.442,51.259
2506.875,84.018,90.90167588,57.73333125,2.223,23.456,2.304,51.725
2507,84.206,90.89940904,57.73621,2.229,23.587,2.172,52.148
2507.125,84.529,90.89714227,57.73908875,2.239,23.901,2.029,52.293
2507.25,85.139,90.89487555,57.7419675,2.258,24.261,1.876,51.638
2507.375,85.795,90.89260889,57.74484625,2.277,24.325,1.761,50.426
2507.5,86.786,90.89034228,57.747725,2.29,24.271,1.647,48.35
2507.625,87.903,90.88807573,57.75060375,2.301,23.921,1.528,46.089
2507.75,89.1,90.88580924,57.7534825,2.316,23.591,1.419,43.832
2507.875,89.852,90.8835428,57.75636125,2.324,23.728,1.353,42.478
2508,90.126,90.88127642,57.75924,2.324,23.953,1.31,41.646
2508.125,90.203,90.8790101,57.76211875,2.322,24.308,1.269,40.933
2508.25,89.812,90.87674383,57.7649975,2.318,24.477,1.238,40.615
2508.375,89.262,90.87447762,57.76787625,2.321,24.346,1.219,40.741
2508.5,88.64,90.87221147,57.770755,2.33,24.229,1.201,41.839
2508.625,88.102,90.86994537,57.77363375,2.343,24.223,1.183,43.234
2508.75,87.916,90.86767933,57.7765125,2.366,24.249,1.169,44.881
2508.875,88.166,90.86541334,57.77939125,2.387,24.012,1.164,45.576
2509,88.88,90.86314741,57.78227,2.396,23.735,1.168,44.584
2509.125,89.597,90.86088154,57.78514875,2.4,23.501,1.176,43.189
2509.25,90.084,90.85861573,57.7880275,2.4,23.562,1.188,41.319
2509.375,90.017,90.85634997,57.79090625,2.396,24.048,1.196,40.222
2509.5,89.279,90.85408427,57.793785,2.389,24.533,1.202,39.461
2509.625,88.405,90.85181862,57.79666375,2.378,24.777,1.211,38.654
2509.75,87.427,90.84955303,57.7995425,2.353,24.586,1.224,37.944
2509.875,86.836,90.8472875,57.80242125,2.329,24.035,1.242,37.863
2510,86.449,90.84502202,57.8053,2.319,23.488,1.276,39.192
2510.125,86.078,90.84275661,57.80817875,2.318,23.091,1.319,40.846
2510.25,85.789,90.84049124,57.8110575,2.332,23.03,1.371,42.715
2510.375,85.647,90.83822594,57.81393625,2.36,23.393,1.411,43.505
2510.5,85.651,90.83596069,57.816815,2.381,23.74,1.448,43.095
2510.625,85.722,90.83369549,57.81969375,2.4,23.914,1.485,42.548
2510.75,85.954,90.83143036,57.8225725,2.417,23.885,1.518,41.97
2510.875,86.252,90.82916527,57.82545125,2.421,24.081,1.538,41.936
2511,86.715,90.82690025,57.82833,2.416,24.355,1.554,42.615
2511.125,87.182,90.82463528,57.83120875,2.407,24.71,1.571,43.404
2511.25,87.521,90.82237037,57.8340875,2.392,24.802,1.589,44.222
2511.375,87.529,90.82010552,57.83696625,2.379,24.714,1.605,44.603
2511.5,87.174,90.81784072,57.839845,2.373,24.729,1.631,44.762
2511.625,86.787,90.81557598,57.84272375,2.369,25.119,1.666,44.932
2511.75,86.448,90.81331129,57.8456025,2.361,25.628,1.715,45.125
2511.875,86.36,90.81104666,57.84848125,2.347,25.526,1.763,45.322
2512,86.239,90.80878209,57.85136,2.331,25.239,1.842,45.694
2512.125,85.842,90.80651758,57.85423875,2.313,24.411,1.939,46.154
2512.25,84.699,90.80425312,57.8571175,2.288,23.439,2.062,46.744
2512.375,83.109,90.80198871,57.85999625,2.27,22.09,2.165,47.205
2513.375,83.755,90.78387552,57.88302625,2.329,20.921,2.773,54.574
2513.5,85.112,90.78161163,57.885905,2.35,22.581,2.691,55.09
2513.625,86.456,90.77934779,57.88878375,2.368,23.892,2.59,54.967
2513.75,87.636,90.77708401,57.8916625,2.381,24.888,2.464,53.488
2513.875,88.405,90.77482028,57.89454125,2.379,25.219,2.367,51.964
2514,88.788,90.77255661,57.89742,2.374,25.357,2.269,51.075
2514.125,88.986,90.770293,57.90029875,2.368,24.856,2.166,50.52
2514.25,88.726,90.76802945,57.9031775,2.362,24.11,2.063,50.804
2514.375,88.275,90.76576595,57.90605625,2.356,23.893,1.992,51.494
2514.5,87.732,90.7635025,57.908935,2.352,23.831,1.914,52.506
2514.625,87.25,90.76123912,57.91181375,2.347,24.094,1.83,53.519
2514.75,87.038,90.75897579,57.9146925,2.339,24.236,1.744,54.29
2514.875,87.18,90.75671251,57.91757125,2.335,24.217,1.683,54.45
2515,87.761,90.7544493,57.92045,2.334,24.262,1.624,53.713
2515.125,88.463,90.75218614,57.92332875,2.336,24.646,1.562,52.66
2515.25,89.298,90.74992303,57.9262075,2.343,25.292,1.502,51.074
2515.375,89.865,90.74765998,57.92908625,2.355,25.53,1.464,49.719
2515.5,90.208,90.74539699,57.931965,2.363,25.592,1.437,48.287
2515.625,90.469,90.74313406,57.93484375,2.371,25.209,1.414,46.855
2515.75,90.495,90.74087118,57.9377225,2.377,24.834,1.405,45.692
2515.875,90.346,90.73860836,57.94060125,2.379,24.651,1.411,45.221
2516,89.914,90.73634559,57.94348,2.377,24.501,1.44,45.834
2516.125,89.353,90.73408288,57.94635875,2.374,24.447,1.481,46.984
2516.25,88.589,90.73182023,57.9492375,2.371,24.407,1.544,49.212
2516.375,87.977,90.72955763,57.95211625,2.371,24.32,1.605,51.382
2516.5,87.499,90.72729509,57.954995,2.372,24.223,1.698,53.763
2516.625,87.069,90.72503261,57.95787375,2.374,24.108,1.81,56.099
2516.75,86.792,90.72277018,57.9607525,2.375,23.958,1.952,57.893
2516.875,86.641,90.72050781,57.96363125,2.373,23.812,2.066,58.617
2517,86.375,90.71824549,57.96651,2.37,23.692,2.197,59.174
2517.125,86.024,90.71598324,57.96938875,2.367,23.605,2.339,60.019
2517.25,85.529,90.71372103,57.9722675,2.367,23.478,2.486,61.501
2517.375,85.125,90.71145889,57.97514625,2.371,23.33,2.585,63.034
2517.5,84.873,90.7091968,57.978025,2.374,23.165,2.657,64.572
2517.625,84.735,90.70693477,57.98090375,2.374,23.03,2.722,65.889
2517.75,84.899,90.70467279,57.9837825,2.365,23.072,2.76,66.392
2517.875,85.226,90.70241087,57.98666125,2.347,23.646,2.765,66.025
2518,85.662,90.70014901,57.98954,2.333,24.327,2.733,64.821
2518.125,86.086,90.6978872,57.99241875,2.323,25.263,2.685,63.461
2518.25,86.402,90.69562545,57.9952975,2.32,26.196,2.606,62.002
2518.375,86.527,90.69336376,57.99817625,2.329,26.738,2.532,60.994
2518.5,86.606,90.69110212,58.001055,2.339,27.174,2.446,59.526
2518.625,86.765,90.68884054,58.00393375,2.349,27.263,2.356,57.889
2518.75,87.148,90.68657901,58.0068125,2.36,27.092,2.271,56.419
2518.875,87.673,90.68431755,58.00969125,2.365,26.58,2.22,56.395
2519,88.391,90.68205613,58.01257,2.366,26.067,2.184,59.389
2519.125,88.993,90.67979478,58.01544875,2.366,25.711,2.149,63.119
2519.25,89.114,90.67753348,58.0183275,2.365,25.725,2.12,67.419
2519.375,88.683,90.67527224,58.02120625,2.363,26.33,2.102,69.443
2519.5,87.895,90.67301105,58.024085,2.363,26.975,2.084,68.379
2519.625,87.202,90.67074992,58.02696375,2.363,27.505,2.063,66.485
2519.75,86.904,90.66848885,58.0298425,2.365,27.632,2.039,63.254
2519.875,87.029,90.66622783,58.03272125,2.368,27.273,2.019,60.781
2520,87.262,90.66396687,58.0356,2.368,26.885,1.988,58.712
2520.125,87.45,90.66170596,58.03847875,2.365,26.458,1.951,56.667
2520.25,87.52,90.65944512,58.0413575,2.358,26.111,1.901,55.002
2520.375,87.545,90.65718432,58.04423625,2.351,26.146,1.857,54.242
2520.5,87.636,90.65492359,58.047115,2.349,26.244,1.803,54.213
2520.625,87.731,90.65266291,58.04999375,2.351,26.396,1.744,54.241
2520.75,87.802,90.65040229,58.0528725,2.36,26.342,1.678,54.254
2520.875,87.814,90.64814172,58.05575125,2.369,25.999,1.631,53.994
2521,87.812,90.64588121,58.05863,2.368,25.648,1.587,53.118
2521.125,87.815,90.64362076,58.06150875,2.357,25.385,1.543,52.044
2521.25,87.837,90.64136036,58.0643875,2.316,25.299,1.502,50.732
2521.375,87.872,90.63910002,58.06726625,2.259,25.19,1.476,49.8
2521.5,87.963,90.63683974,58.070145,2.225,25.05,1.449,49.109
2521.625,88.075,90.63457951,58.07302375,2.202,24.883,1.419,48.433
2521.75,88.202,90.63231934,58.0759025,2.203,24.748,1.383,47.779
2521.875,88.257,90.63005922,58.07878125,2.234,24.616,1.353,47.033
2522,88.215,90.62779916,58.08166,2.264,24.504,1.32,45.392
2522.125,88.167,90.62553916,58.08453875,2.29,24.522,1.285,43.522
2522.25,88.13,90.62327921,58.0874175,2.308,24.677,1.253,41.551
2522.375,88.148,90.62101932,58.09029625,2.307,24.652,1.234,40.446
2522.5,88.172,90.61875949,58.093175,2.299,24.514,1.22,40.204
2522.625,88.16,90.61649971,58.09605375,2.29,24.081,1.206,40.276
2522.75,88.054,90.61423999,58.0989325,2.281,23.708,1.189,41.055
2522.875,87.915,90.61198033,58.10181125,2.28,23.838,1.177,42
2523,87.769,90.60972072,58.10469,2.284,24,1.168,42.735
2523.125,87.632,90.60746117,58.10756875,2.291,24.053,1.163,43.155
2523.25,87.527,90.60520167,58.1104475,2.304,23.784,1.168,42.764
2523.375,87.455,90.60294223,58.11332625,2.315,23.423,1.183,42.061
2523.5,87.294,90.60068285,58.116205,2.322,23.134,1.212,41.742
2523.625,87.065,90.59842352,58.11908375,2.327,23.073,1.246,41.694
2523.75,86.704,90.59616425,58.1219625,2.334,23.037,1.283,42.222
2523.875,86.362,90.59390504,58.12484125,2.339,22.851,1.309,42.787
2524,86.034,90.59164588,58.12772,2.341,22.663,1.33,43.208
2524.125,85.757,90.58938678,58.13059875,2.341,22.534,1.351,43.569
2524.25,85.667,90.58712774,58.1334775,2.338,22.487,1.37,43.733
2524.375,85.781,90.58486875,58.13635625,2.334,22.53,1.379,43.695
2524.5,86.13,90.58260982,58.139235,2.33,22.583,1.377,43.437
2524.625,86.543,90.58035094,58.14211375,2.322,22.664,1.369,43.152
2524.75,87.022,90.57809212,58.1449925,2.304,22.775,1.345,42.876
2524.875,87.361,90.57583336,58.14787125,2.279,22.878,1.32,42.728
2525,87.662,90.57357465,58.15075,2.263,22.957,1.287,42.672
2525.125,87.98,90.571316,58.15362875,2.251,22.872,1.253,42.691
2525.25,88.298,90.56905741,58.1565075,2.241,22.564,1.221,42.897
2525.375,88.526,90.56679887,58.15938625,2.236,21.937,1.205,43.174
2525.5,88.612,90.56454039,58.162265,2.236,21.315,1.204,43.592
2525.625,88.574,90.56228196,58.16514375,2.238,20.866,1.209,44.081
2525.75,88.222,90.56002359,58.1680225,2.248,20.723,1.227,44.657
2525.875,87.735,90.55776528,58.17090125,2.268,20.927,1.249,45.082
2526,87.276,90.55550703,58.17378,2.284,21.162,1.287,45.384
2526.125,86.997,90.55324883,58.17665875,2.299,21.483,1.336,45.642
2526.25,87.239,90.55099068,58.1795375,2.311,21.843,1.402,45.794
2526.375,87.81,90.5487326,58.18241625,2.311,22.372,1.458,45.947
2526.5,88.429,90.54647457,58.185295,2.308,22.961,1.519,46.398
2526.625,88.887,90.54421659,58.18817375,2.308,23.732,1.578,46.844
2526.75,88.86,90.54195867,58.1910525,2.321,24.569,1.624,47.08
2526.875,88.519,90.53970081,58.19393125,2.345,25.291,1.642,46.818
2527,88.247,90.537443,58.19681,2.364,25.958,1.638,45.791
2527.125,88.134,90.53518526,58.19968875,2.379,26.494,1.629,44.613
2527.25,88.423,90.53292756,58.2025675,2.387,27.06,1.609,43.372
2527.375,88.883,90.53066993,58.20544625,2.375,27.52,1.589,42.697
2527.5,89.441,90.52841235,58.208325,2.354,27.883,1.565,42.351
2527.625,89.996,90.52615482,58.21120375,2.328,27.857,1.541,42.031
2527.75,90.455,90.52389735,58.2140825,2.291,27.615,1.52,41.827
2527.875,90.7,90.52163994,58.21696125,2.263,27.292,1.513,41.836
2528,90.778,90.51938259,58.21984,2.253,26.937,1.535,42.339
2528.125,90.773,90.51712529,58.22271875,2.247,26.48,1.574,43.025
2528.25,90.538,90.51486804,58.2255975,2.242,25.981,1.649,43.987
2528.375,90.121,90.51261086,58.22847625,2.238,25.688,1.73,44.727
2528.5,88.992,90.51035373,58.231355,2.235,25.441,1.853,45.54
2528.625,87.518,90.50809665,58.23423375,2.231,25.195,1.99,46.624
2528.75,85.568,90.50583964,58.2371125,2.226,24.717,2.137,48.374
2528.875,84.317,90.50358268,58.23999125,2.221,24.329,2.237,50.438
2529,85.767,90.50132577,58.24287,2.217,24.086,2.315,54.222
2529.125,88.911,90.49906892,58.24574875,2.214,24.668,2.387,58.807
2532.5,90.045,90.43815528,58.323475,2.285,32.349,1.941,60.225
2532.625,85.656,90.4359,58.32635375,2.273,29.548,1.915,55.231
2532.75,83.922,90.43364479,58.3292325,2.259,27.635,1.875,50.323
2532.875,84.324,90.43138963,58.33211125,2.25,26.753,1.832,47.699
2533,85.677,90.42913452,58.33499,2.246,26.055,1.758,47.315
2533.125,87.011,90.42687947,58.33786875,2.245,25.922,1.669,47.289
2533.25,88.011,90.42462448,58.3407475,2.243,26.002,1.564,47.726
2533.375,88.365,90.42236954,58.34362625,2.239,26.043,1.486,47.613
2533.5,88.379,90.42011466,58.346505,2.234,26.04,1.423,46.481
2533.625,88.41,90.41785984,58.34938375,2.229,25.905,1.363,45.154
2533.75,88.537,90.41560507,58.3522625,2.228,25.748,1.318,43.715
2533.875,88.799,90.41335036,58.35514125,2.237,25.504,1.296,42.935
2534,89.264,90.41109571,58.35802,2.249,25.221,1.287,42.851
2534.125,89.723,90.40884111,58.36089875,2.266,24.881,1.282,43.033
2534.25,90.039,90.40658657,58.3637775,2.296,24.705,1.284,43.768
2534.375,90.053,90.40433208,58.36665625,2.325,24.966,1.292,44.516
2534.5,89.815,90.40207765,58.369535,2.342,25.233,1.311,44.964
2534.625,89.548,90.39982328,58.37241375,2.357,25.351,1.337,45.229
2534.75,89.266,90.39756896,58.3752925,2.373,25.213,1.374,45.063
2534.875,89.064,90.3953147,58.37817125,2.381,25.171,1.407,44.783
2535,88.667,90.39306049,58.38105,2.38,25.227,1.456,44.663
2535.125,88.157,90.39080634,58.38392875,2.373,25.609,1.512,44.634
2535.25,87.489,90.38855225,58.3868075,2.355,26.081,1.575,44.822
2535.375,87.016,90.38629822,58.38968625,2.334,26.37,1.621,45.119
2535.5,86.783,90.38404424,58.392565,2.323,26.654,1.663,45.73
2535.625,86.614,90.38179031,58.39544375,2.315,26.899,1.705,46.493
2535.75,86.587,90.37953644,58.3983225,2.312,27.019,1.74,47.525
2535.875,86.588,90.37728263,58.40120125,2.316,26.863,1.758,48.488
2536,86.54,90.37502888,58.40408,2.321,26.7,1.765,49.835
2536.125,86.502,90.37277518,58.40695875,2.327,26.657,1.77,51.32
2536.25,86.515,90.37052153,58.4098375,2.34,26.83,1.767,52.848
2536.375,86.599,90.36826795,58.41271625,2.354,27.207,1.761,53.784
2536.5,86.737,90.36601442,58.415595,2.363,27.57,1.753,54.303
2536.625,86.85,90.36376094,58.41847375,2.37,27.76,1.745,54.707
2536.75,86.874,90.36150752,58.4213525,2.38,27.743,1.738,54.769
2536.875,86.806,90.35925416,58.42423125,2.388,27.615,1.736,54.55
2537,86.745,90.35700086,58.42711,2.392,27.447,1.739,54.469
2537.125,86.741,90.35474761,58.42998875,2.397,27.062,1.745,54.704
2537.25,86.881,90.35249441,58.4328675,2.404,26.443,1.757,55.655
2537.375,87.081,90.35024128,58.43574625,2.411,25.934,1.772,56.658
2537.5,87.327,90.3479882,58.438625,2.413,25.515,1.796,56.876
2537.625,87.58,90.34573517,58.44150375,2.41,25.43,1.827,56.629
2537.75,87.817,90.3434822,58.4443825,2.394,25.553,1.869,55.416
2537.875,87.972,90.34122929,58.44726125,2.365,25.728,1.907,54.238
2538,87.964,90.33897643,58.45014,2.342,25.87,1.961,53.621
2538.125,87.806,90.33672363,58.45301875,2.319,25.891,2.024,53.224
2538.25,87.289,90.33447089,58.4558975,2.29,25.834,2.099,53.303
2538.375,86.672,90.3322182,58.45877625,2.269,25.877,2.158,53.46
2538.5,86.137,90.32996557,58.461655,2.259,26.026,2.215,53.679
2538.625,85.895,90.32771299,58.46453375,2.252,26.737,2.267,54.165
2538.75,86.64,90.32546047,58.4674125,2.249,27.907,2.296,55.381
2538.875,88.493,90.32320801,58.47029125,2.256,30.074,2.294,57.07
2540.25,91.424,90.29843462,58.5019575,2.267,33.719,1.99,66.746
2540.375,90.817,90.29618284,58.50483625,2.283,33.873,2,66.05
2540.5,91.021,90.2939311,58.507715,2.291,34.035,2.024,66.959
2540.625,91.453,90.29167943,58.51059375,2.296,34.063,2.053,68.363
2541.625,91.652,90.27366803,58.53362375,2.348,30.297,2.016,61.394
2541.75,91.752,90.27141686,58.5365025,2.356,29.579,1.969,62.903
2542.75,90.603,90.25340951,58.5595325,2.216,27.926,1.389,53.209
2542.875,89.429,90.25115884,58.56241125,2.209,27.225,1.353,51.755
2543,89.26,90.24890823,58.56529,2.207,26.632,1.332,50.399
2543.125,89.085,90.24665768,58.56816875,2.206,26.349,1.315,49.258
2543.25,88.798,90.24440718,58.5710475,2.204,26.139,1.305,48.98
2543.375,88.265,90.24215674,58.57392625,2.204,25.889,1.304,49.707
2543.5,87.806,90.23990635,58.576805,2.204,25.653,1.307,51.21
2543.625,87.345,90.23765602,58.57968375,2.206,25.56,1.309,52.62
2543.75,86.884,90.23540575,58.5825625,2.209,25.653,1.308,53.395
2543.875,86.512,90.23315553,58.58544125,2.212,25.647,1.302,53.103
2544,86.375,90.23090537,58.58832,2.216,25.574,1.278,51.459
2544.125,86.295,90.22865527,58.59119875,2.222,25.283,1.243,49.502
2544.25,86.423,90.22640522,58.5940775,2.23,24.958,1.189,47.279
2544.375,86.863,90.22415522,58.59695625,2.236,24.902,1.141,45.94
2544.5,87.482,90.22190529,58.599835,2.242,24.892,1.087,45.558
2544.625,88.184,90.21965541,58.60271375,2.251,24.983,1.031,45.494
2544.75,89.043,90.21740558,58.6055925,2.256,25.059,0.977,46.108
2544.875,89.74,90.21515581,58.60847125,2.259,25.337,0.943,46.817
2545,89.803,90.2129061,58.61135,2.261,25.683,0.926,47.469
2545.125,89.74,90.21065645,58.61422875,2.266,26.078,0.914,48.047
2545.25,89.345,90.20840685,58.6171075,2.27,26.222,0.917,48.37
2545.375,88.713,90.2061573,58.61998625,2.272,25.85,0.933,48.457
2545.5,87.975,90.20390781,58.622865,2.273,25.406,0.971,48.497
2545.625,86.878,90.20165838,58.62574375,2.272,24.725,1.016,48.491
2545.75,84.671,90.19940901,58.6286225,2.271,23.837,1.073,48.302
2546.625,85.917,90.18366495,58.64877375,2.317,22.938,1.188,44.459
2546.75,88.841,90.18141602,58.6516525,2.322,23.267,1.161,44.14
2546.875,90.646,90.17916715,58.65453125,2.32,23.726,1.141,43.749
2547,90.592,90.17691833,58.65741,2.315,24.185,1.132,44.157
2547.125,90.279,90.17466957,58.66028875,2.306,24.575,1.13,45.165
2547.25,89.301,90.17242087,58.6631675,2.302,24.888,1.142,47.433
2547.375,87.923,90.17017222,58.66604625,2.304,25.418,1.162,49.702
2547.5,86.99,90.16792363,58.668925,2.311,26.043,1.205,51.796
2547.625,86.119,90.1656751,58.67180375,2.325,26.856,1.259,53.646
2547.75,85.456,90.16342662,58.6746825,2.334,27.513,1.327,54.588
2547.875,85.186,90.1611782,58.67756125,2.336,27.51,1.383,54.564
2548,85.364,90.15892983,58.68044,2.337,27.381,1.439,54.028
2548.125,85.623,90.15668152,58.68331875,2.347,27.048,1.495,53.519
2548.25,86.082,90.15443327,58.6861975,2.371,26.935,1.538,53.244
2548.375,86.624,90.15218507,58.68907625,2.398,27.176,1.557,53.359
2548.5,86.917,90.14993693,58.691955,2.428,27.403,1.562,53.483
2548.625,87.185,90.14768884,58.69483375,2.454,27.373,1.566,53.387
2548.75,87.402,90.14544081,58.6977125,2.443,26.973,1.568,52.748
2548.875,87.592,90.14319284,58.70059125,2.412,26.632,1.571,51.95
2549,87.773,90.14094492,58.70347,2.371,26.425,1.587,51.072
2549.125,87.96,90.13869706,58.70634875,2.315,26.739,1.609,50.326
2549.25,88.124,90.13644925,58.7092275,2.277,27.346,1.644,50.127
2549.375,88.13,90.1342015,58.71210625,2.266,27.606,1.678,50.618
2549.5,87.928,90.13195381,58.714985,2.264,27.751,1.725,52.049
2549.625,87.709,90.12970617,58.71786375,2.27,27.645,1.778,53.638
2549.75,87.494,90.12745859,58.7207425,2.281,27.591,1.836,55.177
2549.875,87.439,90.12521106,58.72362125,2.29,27.754,1.878,55.815
2550,87.61,90.12296359,58.7265,2.299,27.953,1.913,55.472
2550.125,87.831,90.12071618,58.72937875,2.315,28.206,1.947,54.928
2550.25,88.171,90.11846882,58.7322575,2.33,28.378,1.974,54.107
2550.375,88.524,90.11622152,58.73513625,2.337,28.592,1.987,53.559
2550.5,88.685,90.11397428,58.738015,2.34,28.852,1.993,53.277
2550.625,88.827,90.11172709,58.74089375,2.339,29.268,1.999,53.108
2550.75,88.92,90.10947995,58.7437725,2.334,29.502,2.002,53.239
2550.875,88.959,90.10723288,58.74665125,2.333,29.05,2.003,53.564
2551,88.98,90.10498586,58.74953,2.332,28.508,2.007,54.395
2551.125,89.02,90.10273889,58.75240875,2.332,27.775,2.015,55.448
2551.25,89.11,90.10049198,58.7552875,2.333,27.193,2.027,56.817
2551.375,89.223,90.09824513,58.75816625,2.337,27.008,2.041,57.855
2551.5,89.296,90.09599833,58.761045,2.343,26.853,2.066,58.764
2551.625,89.378,90.09375159,58.76392375,2.345,26.721,2.097,59.564
2551.75,89.491,90.09150491,58.7668025,2.339,26.562,2.135,59.924
2551.875,89.62,90.08925828,58.76968125,2.327,26.739,2.166,59.785
2552,89.662,90.0870117,58.77256,2.302,27.027,2.199,59.634
2552.125,89.675,90.08476519,58.77543875,2.276,27.592,2.232,59.723
2552.25,89.614,90.08251873,58.7783175,2.261,28.074,2.264,60.409
2552.375,89.519,90.08027232,58.78119625,2.249,27.914,2.283,61.293
2552.5,89.51,90.07802597,58.784075,2.235,27.622,2.292,62.271
2552.625,89.527,90.07577968,58.78695375,2.224,27.002,2.294,63.247
2552.75,89.591,90.07353344,58.7898325,2.218,26.369,2.277,64.052
2552.875,89.624,90.07128726,58.79271125,2.215,26.141,2.245,64.376
2553,89.398,90.06904114,58.79559,2.217,26.024,2.174,63.389
2553.125,89.03,90.06679507,58.79846875,2.229,26.162,2.085,61.625
2553.25,88.312,90.06454906,58.8013475,2.242,26.235,1.965,58.308
2553.375,87.526,90.0623031,58.80422625,2.256,26.251,1.862,55.123
2553.5,87.494,90.0600572,58.807105,2.273,26.317,1.754,52.161
2553.625,87.719,90.05781135,58.80998375,2.28,26.679,1.642,49.506
2553.75,88.592,90.05556557,58.8128625,2.278,27.345,1.536,48.014
2553.875,89.755,90.05331983,58.81574125,2.275,27.783,1.468,47.787
2554,90.236,90.05107416,58.81862,2.274,28.05,1.414,48.058
2554.125,90.569,90.04882854,58.82149875,2.277,27.764,1.36,48.359
2554.25,90.516,90.04658297,58.8243775,2.282,27.279,1.315,48.749
2554.375,90.162,90.04433746,58.82725625,2.289,26.879,1.289,49.28
2554.5,89.823,90.04209201,58.830135,2.302,26.509,1.273,50.204
2554.625,89.478,90.03984661,58.83301375,2.312,26.294,1.26,50.989
2554.75,89.141,90.03760127,58.8358925,2.313,26.273,1.255,51.152
2554.875,88.922,90.03535599,58.83877125,2.31,26.289,1.256,50.58
2555,88.913,90.03311076,58.84165,2.294,26.253,1.265,49.824
2555.125,88.89,90.03086559,58.84452875,2.274,26.012,1.278,49.326
2555.25,88.782,90.02862047,58.8474075,2.261,25.707,1.296,49.507
2555.375,88.5,90.02637541,58.85028625,2.249,25.944,1.314,49.92
2555.5,88.139,90.0241304,58.853165,2.238,26.313,1.344,49.963
2555.625,87.731,90.02188546,58.85604375,2.231,26.765,1.383,49.903
2555.75,87.168,90.01964056,58.8589225,2.23,26.631,1.441,49.717
2555.875,86.435,90.01739573,58.86180125,2.232,24.874,1.498,49.697
2556,85.261,90.01515095,58.86468,2.236,22.856,1.591,49.441
2556.125,83.493,90.01290622,58.86755875,2.241,20.259,1.706,48.904
2558.25,84.546,89.97475446,58.9164975,2.306,23.887,2.154,48.694
2558.375,88.236,89.97251074,58.91937625,2.327,24.675,2.078,49.21
2558.5,89.391,89.97026708,58.922255,2.348,25.126,2.071,48.991
2558.625,89.952,89.96802348,58.92513375,2.359,24.27,2.09,48.554
2558.75,88.783,89.96577993,58.9280125,2.361,22.399,2.166,47.703
2558.875,85.827,89.96353643,58.93089125,2.363,19.731,2.261,46.91
2559.875,84.444,89.9455905,58.95392125,2.395,23.444,2.52,50.996
2560,87.382,89.94334751,58.9568,2.399,26.35,2.365,50.912
2560.125,89.852,89.94110457,58.95967875,2.405,27.593,2.207,50.707
2560.25,91.121,89.9388617,58.9625575,2.409,27.8,2.07,50.285
2560.375,91.17,89.93661887,58.96543625,2.415,27.502,2.002,49.888
2560.5,90.163,89.93437611,58.968315,2.424,27.162,2.003,49.136
2560.625,88.664,89.9321334,58.97119375,2.433,26.557,2.035,48.129
2560.75,85.709,89.92989074,58.9740725,2.438,25.567,2.134,46.642
2562.25,85.984,89.90298325,59.0086175,2.443,25.696,2.353,46.787
2562.375,88.242,89.90074132,59.01149625,2.448,26.685,2.214,46.807
2562.5,88.549,89.89849945,59.014375,2.457,27.311,2.117,47.24
2562.625,88.738,89.89625763,59.01725375,2.464,26.862,2.032,47.635
2562.75,88.7,89.89401587,59.0201325,2.462,26.115,1.985,47.827
2562.875,88.609,89.89177417,59.02301125,2.455,25.523,1.982,47.782
2563,88.243,89.88953252,59.02589,2.435,24.95,2.015,47.756
2563.125,87.529,89.88729093,59.02876875,2.415,24.291,2.056,47.774
2563.25,85.74,89.88504939,59.0316475,2.406,23.363,2.102,47.878
2564.25,84.917,89.86711911,59.0546775,2.416,27.269,1.495,49.644
2564.375,88.398,89.86487808,59.05755625,2.414,28.159,1.397,49.582
2564.5,89.786,89.8626371,59.060435,2.407,28.839,1.314,49.236
2564.625,91.01,89.86039618,59.06331375,2.4,28.84,1.232,48.871
2564.75,91.867,89.85815532,59.0661925,2.395,28.49,1.164,48.622
2564.875,92.394,89.85591451,59.06907125,2.389,28.034,1.13,48.783
2565,92.452,89.85367375,59.07195,2.374,27.619,1.118,50.139
2565.125,92.393,89.85143305,59.07482875,2.349,27.407,1.111,52.052
2565.25,91.995,89.84919241,59.0777075,2.328,27.345,1.116,54.853
2565.375,91.306,89.84695182,59.08058625,2.306,27.374,1.127,56.963
2565.5,90.745,89.84471129,59.083465,2.278,27.414,1.148,57.894
2565.625,90.184,89.84247082,59.08634375,2.258,27.481,1.172,58.357
2565.75,89.637,89.8402304,59.0892225,2.25,27.537,1.201,57.794
2565.875,89.232,89.83799004,59.09210125,2.245,27.489,1.224,57.094
2566,89.149,89.83574973,59.09498,2.241,27.379,1.245,56.82
2566.125,89.139,89.83350948,59.09785875,2.239,26.997,1.265,56.684
2566.25,89.339,89.83126929,59.1007375,2.238,26.403,1.283,56.811
2566.375,89.733,89.82902915,59.10361625,2.237,25.954,1.293,56.905
2566.5,90.041,89.82678906,59.106495,2.237,25.603,1.302,56.969
2566.625,90.304,89.82454903,59.10937375,2.237,25.656,1.313,57.103
2566.75,90.402,89.82230906,59.1122525,2.239,26.048,1.324,57.406
2566.875,90.213,89.82006915,59.11513125,2.245,26.727,1.334,57.749
2567,89.797,89.81782929,59.11801,2.264,27.374,1.349,57.91
2567.125,89.326,89.81558948,59.12088875,2.292,27.787,1.366,57.956
2567.25,88.76,89.81334973,59.1237675,2.313,27.929,1.385,57.754
2567.375,88.339,89.81111004,59.12664625,2.329,27.82,1.4,57.542
2567.5,88.333,89.80887041,59.129525,2.335,27.716,1.414,57.12
2567.625,88.375,89.80663082,59.13240375,2.317,27.704,1.428,56.391
2567.75,88.511,89.8043913,59.1352825,2.29,27.817,1.441,54.965
2567.875,88.654,89.80215183,59.13816125,2.255,27.695,1.451,53.428
2568,88.735,89.79991242,59.14104,2.194,27.438,1.47,51.993
2568.625,87.637,89.78871619,59.15543375,2.187,26.659,1.656,55.223
2568.75,87.099,89.78647711,59.1583125,2.221,27.22,1.711,56.899
2568.875,86.714,89.78423809,59.16119125,2.248,27.494,1.752,57.625
2569,86.739,89.78199912,59.16407,2.266,27.774,1.786,57.405
2569.125,86.847,89.77976021,59.16694875,2.271,28.138,1.818,56.978
2569.25,87.173,89.77752136,59.1698275,2.273,28.54,1.837,56.234
2569.375,87.641,89.77528256,59.17270625,2.276,28.553,1.838,55.72
2569.5,88,89.77304381,59.175585,2.282,28.489,1.817,55.406
2569.625,88.386,89.77080513,59.17846375,2.287,28.219,1.79,54.999
2569.75,88.853,89.7685665,59.1813425,2.286,27.921,1.751,54.339
2569.875,89.349,89.76632792,59.18422125,2.283,27.741,1.719,53.567
2570,89.712,89.7640894,59.1871,2.276,27.576,1.688,52.999
2570.125,90.086,89.76185094,59.18997875,2.273,27.401,1.656,52.849
2570.25,90.451,89.75961253,59.1928575,2.274,27.147,1.627,53.813
2570.375,90.63,89.75737417,59.19573625,2.278,26.674,1.61,55.318
2570.5,90.483,89.75513588,59.198615,2.288,26.183,1.599,56.771
2570.625,90.312,89.75289764,59.20149375,2.303,25.855,1.59,57.875
2570.75,90.132,89.75065945,59.2043725,2.316,25.982,1.588,57.98
2570.875,90.112,89.74842132,59.20725125,2.334,26.753,1.592,57.487
2571,90.256,89.74618325,59.21013,2.366,27.567,1.61,57.53
2571.125,90.401,89.74394523,59.21300875,2.399,28.358,1.636,58.218
2571.25,90.541,89.74170727,59.2158875,2.414,28.947,1.676,60.435
2571.375,90.686,89.73946936,59.21876625,2.418,29.247,1.716,63.134
2571.5,90.955,89.73723151,59.221645,2.4,29.448,1.78,66.514
2571.625,91.251,89.73499372,59.22452375,2.361,29.344,1.858,69.744
2571.75,91.493,89.73275598,59.2274025,2.331,29.068,1.954,71.881
2571.875,91.294,89.7305183,59.23028125,2.303,28.679,2.031,72.173
2572,90.621,89.72828067,59.23316,2.273,28.249,2.114,71.415
2572.125,89.976,89.7260431,59.23603875,2.254,27.808,2.206,70.804
2572.25,89.544,89.72380559,59.2389175,2.248,27.613,2.305,70.799
2572.375,89.658,89.72156813,59.24179625,2.245,28.009,2.375,71.383
2572.5,89.829,89.71933072,59.244675,2.245,28.426,2.436,71.976
2572.625,89.826,89.71709337,59.24755375,2.252,28.622,2.494,72.401
2572.75,89.421,89.71485608,59.2504325,2.259,28.316,2.533,72.442
2572.875,89.024,89.71261885,59.25331125,2.266,27.69,2.547,72.473
2573,89.628,89.71038167,59.25619,2.275,27.169,2.548,73.434
2573.125,90.554,89.70814454,59.25906875,2.28,27.337,2.55,74.79
2573.25,92.166,89.70590747,59.2619475,2.28,28.209,2.551,76.739
2573.375,93.629,89.70367046,59.26482625,2.278,30.055,2.554,78.177
2573.5,93.595,89.7014335,59.267705,2.272,31.835,2.555,78.87
2573.625,93.257,89.6991966,59.27058375,2.262,32.888,2.556,79.176
2573.75,92.222,89.69695975,59.2734625,2.254,32.863,2.554,78.538
2573.875,91.011,89.69472296,59.27634125,2.246,31.834,2.551,77.555
2574,90.475,89.69248623,59.27922,2.237,30.816,2.554,76.576
2574.125,90.001,89.69024955,59.28209875,2.234,30.023,2.562,75.747
2574.25,89.65,89.68801293,59.2849775,2.237,29.552,2.578,75.401
2574.375,89.373,89.68577636,59.28785625,2.243,29.892,2.594,75.432
2574.5,89.271,89.68353985,59.290735,2.254,30.403,2.615,75.348
2574.625,89.2,89.68130339,59.29361375,2.266,31.36,2.636,75.158
2574.75,89.213,89.679067,59.2964925,2.273,32.314,2.654,74.797
2574.875,89.299,89.67683065,59.29937125,2.278,31.946,2.664,74.584
2575,89.401,89.67459436,59.30225,2.283,31.243,2.672,74.863
2575.125,89.492,89.67235813,59.30512875,2.286,29.776,2.682,75.329
2575.25,89.511,89.67012195,59.3080075,2.288,28.678,2.694,76.096
2575.375,89.371,89.66788583,59.31088625,2.289,28.43,2.704,76.662
2575.5,89.103,89.66564977,59.313765,2.291,28.303,2.71,76.683
2575.625,88.77,89.66341376,59.31664375,2.294,28.477,2.71,76.381
2575.75,88.243,89.66117781,59.3195225,2.299,28.683,2.694,75.372
2575.875,87.563,89.65894191,59.32240125,2.306,29.026,2.667,74.29
2576,87.221,89.65670607,59.32528,2.318,29.428,2.614,73.415
2576.125,87.065,89.65447028,59.32815875,2.329,29.848,2.553,72.871
2576.25,87.538,89.65223455,59.3310375,2.333,30.031,2.487,73.295
2576.375,88.842,89.64999887,59.33391625,2.333,30.29,2.447,74.387
2576.5,90.37,89.64776326,59.336795,2.328,30.696,2.44,75.902
2576.625,92.045,89.64552769,59.33967375,2.324,31.653,2.45,77.264
2576.75,93.915,89.64329219,59.3425525,2.323,32.963,2.497,77.825
2576.875,95.022,89.64105673,59.34543125,2.324,32.906,2.556,77.1
2577,93.375,89.63882134,59.34831,2.328,32.018,2.64,73.46
2577.125,90.406,89.636586,59.35118875,2.329,28.75,2.73,68.634
2577.25,83.991,89.63435071,59.3540675,2.326,24.906,2.817,62.044
2578.125,84.464,89.61870528,59.37421875,2.283,24.338,2.68,64.335
2578.25,87.062,89.61647044,59.3770975,2.282,26.469,2.488,64.867
2578.375,88.7,89.61423566,59.37997625,2.28,27.86,2.331,64.235
2578.5,89.052,89.61200093,59.382855,2.27,29.154,2.18,62.611
2578.625,89.329,89.60976626,59.38573375,2.257,29.86,2.024,60.584
2578.75,89.427,89.60753165,59.3886125,2.249,29.829,1.876,57.875
2578.875,89.356,89.60529709,59.39149125,2.243,29.165,1.78,55.507
2579,89.185,89.60306258,59.39437,2.248,28.545,1.696,52.903
2579.125,89.049,89.60082813,59.39724875,2.268,28.144,1.609,50.23
2579.25,89.078,89.59859374,59.4001275,2.295,27.938,1.527,47.825
2579.375,89.43,89.5963594,59.40300625,2.331,27.759,1.476,46.416
2579.5,90.025,89.59412512,59.405885,2.396,27.533,1.442,45.644
2579.625,90.699,89.5918909,59.40876375,2.456,27.205,1.414,45.153
2579.75,91.503,89.58965673,59.4116425,2.479,26.971,1.404,45.465
2579.875,92.066,89.58742261,59.41452125,2.483,27.322,1.411,46.387
2580,91.847,89.58518855,59.4174,2.454,27.77,1.444,48.645
2580.125,91.442,89.58295455,59.42027875,2.408,28.256,1.489,51.561
2580.25,90.619,89.5807206,59.4231575,2.375,28.359,1.556,55.627
2580.375,89.796,89.57848671,59.42603625,2.346,28.195,1.618,59.254
2580.5,89.731,89.57625288,59.428915,2.313,28.112,1.707,63.737
2580.625,89.834,89.5740191,59.43179375,2.29,28.441,1.811,68.543
2580.75,90.359,89.57178537,59.4346725,2.281,29.206,1.936,73.199
2580.875,91.117,89.5695517,59.43755125,2.277,30.406,2.034,75.803
2581,91.556,89.56731809,59.44043,2.279,31.639,2.127,76.369
2581.125,91.891,89.56508453,59.44330875,2.284,32.934,2.224,76.361
2581.25,91.909,89.56285103,59.4461875,2.289,34.129,2.312,75.267
2581.375,91.546,89.56061759,59.44906625,2.292,34.259,2.366,74.421
2581.5,91.235,89.5583842,59.451945,2.294,34.108,2.412,74.987
2581.625,91.05,89.55615086,59.45482375,2.295,33.272,2.462,76.014
2581.75,91.185,89.55391758,59.4577025,2.297,32.539,2.518,77.636
2581.875,91.456,89.55168436,59.46058125,2.299,32.091,2.563,78.34
2582,91.074,89.54945119,59.46346,2.306,31.548,2.609,77.012
2582.125,90.414,89.54721808,59.46633875,2.316,30.414,2.654,75.128
2582.25,89.159,89.54498503,59.4692175,2.323,28.866,2.684,72.581
2582.375,88.034,89.54275203,59.47209625,2.329,28.326,2.693,71.171
2582.5,88.257,89.54051908,59.474975,2.327,28.079,2.689,71.321
2582.625,88.811,89.53828619,59.47785375,2.306,28.899,2.685,71.945
2582.75,90.161,89.53605336,59.4807325,2.282,30.459,2.686,73.505
2582.875,91.79,89.53382058,59.48361125,2.257,31.423,2.695,75.082
2583,92.593,89.53158786,59.48649,2.23,32.204,2.72,76.421
2583.125,93.156,89.52935519,59.48936875,2.224,32.554,2.75,77.236
2583.25,92.92,89.52712258,59.4922475,2.234,32.844,2.782,76.493
2583.375,91.563,89.52489003,59.49512625,2.252,32.064,2.802,74.627
2583.5,89.831,89.52265753,59.498005,2.285,30.959,2.811,72.209
2583.625,88.154,89.52042509,59.50088375,2.317,29.219,2.817,70.202
2583.75,86.88,89.5181927,59.5037625,2.33,27.954,2.815,69.651
2583.875,86.806,89.51596037,59.50664125,2.337,27.793,2.809,70.457
2584,87.895,89.51372809,59.50952,2.331,27.873,2.787,72.35
2584.125,89.155,89.51149587,59.51239875,2.317,28.544,2.755,74.589
2584.25,90.784,89.5092637,59.5152775,2.306,29.315,2.703,77.284
2584.375,92.294,89.50703159,59.51815625,2.294,29.854,2.651,79.346
2584.5,92.99,89.50479954,59.521035,2.275,30.387,2.585,80.471
2584.625,93.537,89.50256754,59.52391375,2.259,31.11,2.516,80.918
2584.75,93.6,89.5003356,59.5267925,2.252,32.263,2.448,79.671
2584.875,93.008,89.49810371,59.52967125,2.249,33.484,2.408,77.786
2585,92.214,89.49587188,59.53255,2.257,34.497,2.392,75.982
2585.125,91.441,89.49364011,59.53542875,2.276,34.525,2.387,74.393
2585.25,90.758,89.49140839,59.5383075,2.292,33.731,2.406,73.509
2585.375,90.31,89.48917672,59.54118625,2.308,32.439,2.436,73.254
2585.5,89.892,89.48694511,59.544065,2.318,31.136,2.482,73.062
2585.625,89.255,89.48471356,59.54694375,2.311,29.873,2.531,72.735
2585.75,88.075,89.48248206,59.5498225,2.299,28.853,2.575,72.093
2585.875,86.813,89.48025062,59.55270125,2.288,28.533,2.596,71.388
2586,86.704,89.47801924,59.55558,2.286,28.341,2.596,71.098
2586.125,86.968,89.47578791,59.55845875,2.304,28.582,2.591,71.277
2586.25,88.198,89.47355663,59.5613375,2.324,29.169,2.573,72.546
2586.375,89.965,89.47132541,59.56421625,2.346,30.026,2.555,73.997
2586.5,90.988,89.46909425,59.567095,2.366,30.824,2.531,74.811
2586.625,91.96,89.46686314,59.56997375,2.365,31.37,2.503,75.228
2586.75,92.838,89.46463209,59.5728525,2.35,31.739,2.47,74.712
2586.875,93.55,89.46240109,59.57573125,2.327,31.863,2.445,73.911
2587,93.747,89.46017015,59.57861,2.282,31.936,2.421,72.905
2587.125,93.922,89.45793927,59.58148875,2.238,31.9,2.398,71.937
2587.25,94.113,89.45570844,59.5843675,2.215,31.836,2.378,71.36
2587.375,94.485,89.45347766,59.58724625,2.198,31.561,2.369,71.594
2587.5,94.971,89.45124695,59.590125,2.184,31.311,2.366,72.857
2587.875,95.286,89.44455512,59.59876125,2.182,32.108,2.358,75.999
2588,94.564,89.44232463,59.60164,2.199,32.839,2.346,75.787
2588.125,93.736,89.44009419,59.60451875,2.233,33.725,2.329,75.436
2588.25,92.71,89.4378638,59.6073975,2.267,34.405,2.303,74.85
2588.375,91.933,89.43563348,59.61027625,2.307,34.337,2.279,74.343
2588.5,92.159,89.4334032,59.613155,2.362,34.188,2.256,73.997
2588.625,92.616,89.43117298,59.61603375,2.4,34.107,2.234,73.811
2588.75,93.568,89.42894282,59.6189125,2.407,34.568,2.219,74.051
2588.875,94.478,89.42671272,59.62179125,2.405,35.436,2.216,74.53
2589,94.604,89.42448266,59.62467,2.396,36.202,2.222,74.971
2589.125,94.557,89.42225267,59.62754875,2.392,36.495,2.23,75.002
2589.25,93.933,89.42002273,59.6304275,2.398,36.496,2.239,73.85
2589.375,92.484,89.41779285,59.63330625,2.407,36.338,2.243,71.95
2589.5,90.499,89.41556302,59.636185,2.42,36.04,2.241,70.059
2589.625,88.615,89.41333324,59.63906375,2.43,34.964,2.24,68.876
2589.75,87.631,89.41110353,59.6419425,2.432,33.097,2.239,69.722
2589.875,89.225,89.40887387,59.64482125,2.432,31.524,2.242,71.809
2590,93.02,89.40664426,59.6477,2.429,30.29,2.251,73.968
2599.75,90.237,89.23290619,59.8722425,2.334,29.219,2.428,69.802
2599.875,84.441,89.23068097,59.87512125,2.344,26.922,2.554,66.562
2600,82.607,89.22845581,59.878,2.349,24.847,2.718,64.465
2600.125,81.468,89.2262307,59.88087875,2.336,23.837,2.906,62.782
2600.25,81.939,89.22400565,59.8837575,2.313,23.78,3.119,62.154
2600.375,83.145,89.22178065,59.88663625,2.282,24.096,3.272,62.034
2600.5,83.544,89.21955571,59.889515,2.24,24.306,3.376,61.705
2600.625,83.814,89.21733083,59.89239375,2.221,24.171,3.462,61.285
2600.75,83.841,89.215106,59.8952725,2.229,23.986,3.491,60.76
2600.875,83.887,89.21288122,59.89815125,2.249,24.194,3.481,60.401
2601,84.114,89.21065651,59.90103,2.286,24.469,3.464,59.752
2601.125,84.386,89.20843184,59.90390875,2.31,24.816,3.454,58.89
2601.25,84.729,89.20620723,59.9067875,2.311,24.965,3.46,57.72
2601.375,84.95,89.20398268,59.90966625,2.3,24.873,3.476,56.915
2601.5,84.826,89.20175819,59.912545,2.271,24.756,3.495,56.473
2601.625,84.647,89.19953375,59.91542375,2.242,24.622,3.511,56.068
2601.75,84.368,89.19730936,59.9183025,2.228,24.625,3.511,55.798
2601.875,84.163,89.19508503,59.92118125,2.219,24.931,3.499,55.754
2602,84.188,89.19286075,59.92406,2.215,25.26,3.465,56.478
2602.125,84.302,89.19063654,59.92693875,2.219,25.531,3.424,57.564
2602.25,84.722,89.18841237,59.9298175,2.228,25.544,3.369,59.266
2602.375,85.537,89.18618826,59.93269625,2.242,25.538,3.323,60.663
2602.5,86.408,89.18396421,59.935575,2.275,25.694,3.273,61.933
2602.625,87.234,89.18174021,59.93845375,2.313,26.593,3.22,63.223
2602.75,87.764,89.17951627,59.9413325,2.336,28.01,3.166,64.345
2602.875,87.509,89.17729238,59.94421125,2.355,28.812,3.129,64.886
2603,86.634,89.17506855,59.94709,2.371,29.247,3.092,64.601
2603.125,85.736,89.17284478,59.94996875,2.377,28.771,3.053,64.081
2603.25,84.892,89.17062106,59.9528475,2.378,28.201,3.014,63.244
2603.375,84.485,89.16839739,59.95572625,2.376,28.237,2.987,62.827
2603.5,84.72,89.16617378,59.958605,2.363,28.386,2.955,63.232
2603.625,85.113,89.16395023,59.96148375,2.342,28.723,2.916,63.773
2603.75,85.938,89.16172673,59.9643625,2.326,28.903,2.865,64.366
2603.875,87.038,89.15950329,59.96724125,2.314,28.97,2.821,64.46
2604,87.66,89.1572799,59.97012,2.307,29.115,2.762,64.171
2604.125,88.203,89.15505657,59.97299875,2.309,29.648,2.696,63.983
2604.25,88.584,89.15283329,59.9758775,2.31,30.47,2.621,64.135
2604.375,88.932,89.15061007,59.97875625,2.305,30.808,2.567,64.517
2604.5,89.391,89.14838691,59.981635,2.288,30.948,2.517,64.651
2604.625,89.885,89.1461638,59.98451375,2.27,30.681,2.467,64.618
2604.75,90.393,89.14394074,59.9873925,2.264,30.689,2.422,64.288
2604.875,90.625,89.14171774,59.99027125,2.263,31.325,2.396,64.127
2605,90.484,89.1394948,59.99315,2.271,31.967,2.375,64.42
2605.125,90.323,89.13727191,59.99602875,2.277,32.384,2.355,64.826
2605.25,90.104,89.13504908,59.9989075,2.275,32.424,2.336,65.431
2605.375,89.838,89.1328263,60.00178625,2.267,32.271,2.322,66.049
2605.5,89.779,89.13060358,60.004665,2.242,32.146,2.306,67.122
2605.625,89.887,89.12838091,60.00754375,2.214,32.097,2.287,68.227
2605.75,90.46,89.1261583,60.0104225,2.2,32.056,2.266,69.065
2605.875,91.332,89.12393574,60.01330125,2.193,32.247,2.251,69.078
2606,91.726,89.12171324,60.01618,2.196,32.517,2.239,68.212
2606.125,92.024,89.1194908,60.01905875,2.21,32.944,2.227,67.308
2606.25,92.116,89.11726841,60.0219375,2.222,33.22,2.221,66.599
2606.375,92.152,89.11504607,60.02481625,2.232,32.221,2.221,66.436
2606.5,91.976,89.1128238,60.027695,2.243,31.358,2.238,66.171
2606.625,91.455,89.11060157,60.03057375,2.251,30.869,2.266,65.692
2606.75,89.878,89.1083794,60.0334525,2.255,30.402,2.316,64.822
2606.875,87.369,89.10615729,60.03633125,2.256,29.319,2.372,64.115
2607,85.555,89.10393524,60.03921,2.253,28.16,2.478,63.541
2607.125,83.705,89.10171323,60.04208875,2.245,26.669,2.617,62.723
2607.25,81.563,89.09949129,60.0449675,2.241,24.899,2.817,61.179
2608.75,81.775,89.07283225,60.0795125,2.227,22.346,3.009,53.76
2608.875,86.134,89.07061103,60.08239125,2.23,23.859,2.791,56.84
2609,87.838,89.06838986,60.08527,2.236,25.138,2.619,59.051
2609.125,89.24,89.06616874,60.08814875,2.244,25.675,2.452,60.722
2609.25,89.937,89.06394768,60.0910275,2.25,25.925,2.318,60.944
2609.375,90.115,89.06172668,60.09390625,2.255,26.307,2.247,60.394
2609.5,89.966,89.05950573,60.096785,2.262,26.761,2.209,59.983
2609.625,89.676,89.05728483,60.09966375,2.267,27.427,2.178,59.754
2609.75,88.969,89.055064,60.1025425,2.271,28.128,2.168,59.905
2609.875,87.934,89.05284321,60.10542125,2.275,28.362,2.174,60.031
2610,87.302,89.05062249,60.1083,2.281,28.475,2.195,59.844
2610.125,86.747,89.04840181,60.11117875,2.284,28.259,2.221,59.586
2610.25,86.383,89.0461812,60.1140575,2.285,27.983,2.25,59.238
2610.375,86.184,89.04396063,60.11693625,2.286,27.898,2.269,59.009
2610.5,86.075,89.04174013,60.119815,2.286,27.86,2.278,59.255
2610.625,86.052,89.03951968,60.12269375,2.289,27.908,2.285,59.876
2610.75,86.393,89.03729928,60.1255725,2.293,27.927,2.285,61.348
2610.875,87.384,89.03507894,60.12845125,2.299,28.123,2.285,63.025
2611,88.717,89.03285866,60.13133,2.309,28.4,2.294,65.202
2611.125,90.105,89.03063843,60.13420875,2.321,29.079,2.307,67.457
2611.25,91.413,89.02841825,60.1370875,2.33,30.111,2.325,69.46
2611.375,91.822,89.02619814,60.13996625,2.339,30.703,2.339,70.449
2611.5,90.828,89.02397807,60.142845,2.359,31.06,2.344,69.86
2611.625,89.567,89.02175807,60.14572375,2.386,30.378,2.347,68.451
2611.75,87.783,89.01953811,60.1486025,2.41,28.961,2.344,65.391
2611.875,86.294,89.01731822,60.15148125,2.435,27.544,2.343,62.48
2612,86.119,89.01509837,60.15436,2.454,26.208,2.361,60.334
2612.125,86.133,89.01287859,60.15723875,2.439,25.438,2.39,58.788
2612.25,86.553,89.01065886,60.1601175,2.406,25.415,2.436,58.875
2612.375,87.028,89.00843918,60.16299625,2.364,26.075,2.477,59.86
2612.5,86.998,89.00621956,60.165875,2.306,26.687,2.508,60.339
2612.625,86.88,89.004,60.16875375,2.266,26.891,2.533,60.274
2612.75,86.657,89.00178049,60.1716325,2.251,26.64,2.538,59.062
2612.875,86.735,88.99956103,60.17451125,2.241,26.628,2.532,57.952
2613,87.494,88.99734163,60.17739,2.225,26.831,2.526,58.791
2613.125,88.402,88.99512229,60.18026875,2.207,27.789,2.525,60.587
2613.25,89.495,88.992903,60.1831475,2.195,29.062,2.53,64.066
2613.375,90.005,88.99068377,60.18602625,2.185,29.408,2.535,66.731
2613.5,89.209,88.98846459,60.188905,2.179,29.357,2.521,67
2613.625,88.118,88.98624547,60.19178375,2.181,28.409,2.495,66.111
2613.75,86.384,88.9840264,60.1946625,2.186,27.405,2.445,62.77
2613.875,84.742,88.98180739,60.19754125,2.194,26.886,2.396,59.243
2614,84.451,88.97958843,60.20042,2.208,26.483,2.34,55.896
2614.125,84.44,88.97736953,60.20329875,2.222,26.467,2.282,52.874
2614.25,85.119,88.97515069,60.2061775,2.227,26.644,2.226,51.162
2614.375,86.155,88.9729319,60.20905625,2.229,26.948,2.19,51.03
2614.5,86.765,88.97071316,60.211935,2.229,27.255,2.159,52.441
2614.625,87.368,88.96849448,60.21481375,2.234,27.547,2.128,54.43
2614.75,87.967,88.96627586,60.2176925,2.242,27.772,2.102,57.48
2614.875,88.477,88.96405729,60.22057125,2.254,27.926,2.092,60.277
2615,88.483,88.96183878,60.22345,2.271,28.083,2.098,63.321
2615.125,88.302,88.95962032,60.22632875,2.286,28.237,2.113,66.331
2615.25,87.666,88.95740192,60.2292075,2.296,28.323,2.143,68.733
2615.375,86.91,88.95518357,60.23208625,2.31,28.601,2.176,69.846
2615.5,86.813,88.95296528,60.234965,2.345,29.021,2.227,70.374
2615.625,86.889,88.95074704,60.23784375,2.393,29.835,2.287,70.876
2615.75,87.387,88.94852886,60.2407225,2.426,30.574,2.36,71.243
2615.875,88.083,88.94631073,60.24360125,2.449,30.26,2.42,71.332
2616,88.27,88.94409266,60.24648,2.454,29.741,2.484,70.771
2616.125,88.188,88.94187465,60.24935875,2.431,28.978,2.55,69.929
2616.25,87.338,88.93965668,60.2522375,2.406,28.509,2.608,68.588
2616.375,85.866,88.93743878,60.25511625,2.382,28.305,2.64,67.426
2616.5,85.371,88.93522093,60.257995,2.353,28.133,2.664,66.455
2616.625,85.439,88.93300314,60.26087375,2.329,28.203,2.69,65.65
2616.75,86.989,88.9307854,60.2637525,2.313,28.641,2.718,65.364
2616.875,89.386,88.92856771,60.26663125,2.297,30.029,2.742,65.485
2617,90.202,88.92635008,60.26951,2.272,31.381,2.75,65.574
2617.125,90.6,88.92413251,60.27238875,2.252,32.011,2.745,65.586
2617.25,90.052,88.92191499,60.2752675,2.243,31.525,2.711,65.516
2617.375,89.253,88.91969753,60.27814625,2.237,30.531,2.668,65.729
2617.5,89.527,88.91748012,60.281025,2.237,29.673,2.613,67.278
2617.625,90.121,88.91526277,60.28390375,2.242,29.469,2.555,69.348
2617.75,91.452,88.91304547,60.2867825,2.248,29.855,2.499,72.147
2617.875,92.931,88.91082823,60.28966125,2.254,30.733,2.461,74.127
2618,93.461,88.90861105,60.29254,2.262,31.633,2.419,75.155
2618.125,93.882,88.90639392,60.29541875,2.27,32.56,2.372,75.877
2618.25,94.112,88.90417684,60.2982975,2.274,33.427,2.322,75.86
2618.375,94.378,88.90195982,60.30117625,2.277,33.821,2.288,75.535
2618.5,94.637,88.89974286,60.304055,2.277,34.13,2.262,74.961
2618.625,94.761,88.89752595,60.30693375,2.272,34.3,2.237,74.266
2618.75,94.407,88.89530909,60.3098125,2.269,34.563,2.218,73.386
2618.875,93.45,88.89309229,60.31269125,2.266,34.726,2.205,72.643
2619,92.668,88.89087555,60.31557,2.265,34.849,2.184,72.003
2619.125,92.124,88.88865886,60.31844875,2.269,35.015,2.158,71.511
2619.25,92.39,88.88644223,60.3213275,2.276,35.528,2.122,71.474
2619.375,93.725,88.88422565,60.32420625,2.287,36.852,2.093,71.783
2621.75,93.552,88.84212117,60.3789025,2.28,30.815,2.162,68.013
2621.875,88.637,88.83990569,60.38178125,2.287,28.734,2.287,64.321
2622,86.048,88.83769028,60.38466,2.298,26.897,2.458,61.119
2622.125,83.661,88.83547491,60.38753875,2.308,25.808,2.656,58.168
2622.25,81.833,88.83325961,60.3904175,2.314,25.061,2.885,56.249
2622.375,80.907,88.83104436,60.39329625,2.319,24.745,3.053,55.648
2622.5,81.15,88.82882916,60.396175,2.325,24.53,3.18,56.296
2622.625,81.565,88.82661402,60.39905375,2.328,24.764,3.284,57.374
2622.75,82.407,88.82439893,60.4019325,2.329,25.423,3.317,59.245
2622.875,83.42,88.8221839,60.40481125,2.33,26.423,3.285,60.924
2623,84.024,88.81996893,60.40769,2.328,27.387,3.191,62.421
2623.125,84.601,88.817754,60.41056875,2.322,28.115,3.083,63.671
2623.25,85.098,88.81553914,60.4134475,2.314,28.598,2.961,64.065
2623.375,85.424,88.81332433,60.41632625,2.304,28.562,2.88,63.625
2623.5,85.506,88.81110958,60.419205,2.287,28.388,2.823,62.619
2623.625,85.575,88.80889488,60.42208375,2.271,27.819,2.771,61.613
2623.75,85.596,88.80668023,60.4249625,2.263,27.212,2.739,60.818
2623.875,85.521,88.80446564,60.42784125,2.259,27.114,2.731,60.475
2624,85.338,88.80225111,60.43072,2.261,27.167,2.742,60.381
2624.125,85.147,88.80003663,60.43359875,2.269,27.663,2.758,60.389
2624.25,84.978,88.79782221,60.4364775,2.273,28.168,2.786,60.638
2624.375,84.966,88.79560784,60.43935625,2.274,28.059,2.813,60.933
2624.5,85.075,88.79339353,60.442235,2.266,27.854,2.844,60.915
2624.625,85.16,88.79117927,60.44511375,2.253,27.52,2.876,60.862
2624.75,85.166,88.78896507,60.4479925,2.247,27.32,2.903,60.92
2624.875,85.097,88.78675092,60.45087125,2.245,26.813,2.914,61.448
2625,85.125,88.78453683,60.45375,2.248,26.206,2.909,62.457
2625.125,85.217,88.78232279,60.45662875,2.251,25.464,2.9,63.193
2625.25,85.493,88.78010881,60.4595075,2.25,24.981,2.882,62.934
2625.375,85.934,88.77789488,60.46238625,2.246,25.15,2.868,61.697
2625.5,86.435,88.77568101,60.465265,2.239,25.378,2.856,59.444
2625.625,87.012,88.77346719,60.46814375,2.235,25.57,2.848,57.018
2625.75,87.72,88.77125343,60.4710225,2.236,25.452,2.848,54.59
2625.875,88.213,88.76903973,60.47390125,2.24,25.138,2.859,52.919
2626,87.86,88.76682608,60.47678,2.252,24.906,2.892,51.311
2626.125,87.167,88.76461248,60.47965875,2.271,24.998,2.935,49.812
2626.25,85.533,88.76239894,60.4825375,2.287,25.242,2.991,48.917
2626.375,83.259,88.76018546,60.48541625,2.302,25.301,3.032,48.96
2626.5,81.776,88.75797203,60.488295,2.317,25.265,3.049,50.268
2626.625,80.617,88.75575865,60.49117375,2.322,24.935,3.054,52.213
2626.75,80.631,88.75354534,60.4940525,2.323,24.524,3.029,55.478
2626.875,82.486,88.75133207,60.49693125,2.324,25.1,2.992,58.837
2627,85.328,88.74911886,60.49981,2.33,26.066,2.941,63.01
2627.125,88.288,88.74690571,60.50268875,2.334,28.069,2.883,67.092
2627.25,91.147,88.74469261,60.5055675,2.334,30.91,2.816,70.064
2627.375,92.408,88.74247957,60.50844625,2.331,31.547,2.76,70.854
2627.5,91.47,88.74026658,60.511325,2.325,31.554,2.686,70.215
2627.625,90.411,88.73805365,60.51420375,2.321,29.991,2.605,69.543
2627.75,89.279,88.73584077,60.5170825,2.322,28.667,2.522,69.077
2627.875,88.777,88.73362795,60.51996125,2.324,28.204,2.472,69.126
2628,88.727,88.73141518,60.52284,2.329,27.783,2.45,68.799
2628.125,88.486,88.72920247,60.52571875,2.336,27.387,2.437,67.898
2628.25,87.74,88.72698981,60.5285975,2.342,26.891,2.44,65.696
2628.375,86.794,88.72477721,60.53147625,2.347,26.638,2.445,63.287
2628.5,86.608,88.72256466,60.534355,2.353,26.526,2.439,61.445
2628.625,86.643,88.72035217,60.53723375,2.357,26.894,2.427,60.407
2628.75,87.268,88.71813973,60.5401125,2.359,27.469,2.405,61.574
2628.875,88.317,88.71592735,60.54299125,2.361,28.059,2.389,63.999
2629,89.125,88.71371503,60.54587,2.364,28.651,2.388,66.818
2629.125,89.859,88.71150276,60.54874875,2.37,29.415,2.394,68.952
2629.25,90.27,88.70929054,60.5516275,2.374,30.178,2.409,68.785
2629.375,89.998,88.70707838,60.55450625,2.378,29.934,2.422,66.538
2629.5,89.337,88.70486628,60.557385,2.379,29.403,2.42,62.562
2629.625,88.761,88.70265423,60.56026375,2.375,28.242,2.41,58.559
2629.75,88.483,88.70044223,60.5631425,2.369,27.1,2.379,55.311
2629.875,88.612,88.69823029,60.56602125,2.364,26.747,2.344,53.845
2630,88.433,88.69601841,60.5689,2.361,26.573,2.289,52.601
2630.125,87.945,88.69380658,60.57177875,2.363,26.877,2.224,51.087
2630.25,86.716,88.6915948,60.5746575,2.367,27.323,2.143,49.231
2630.375,85.361,88.68938308,60.57753625,2.37,27.676,2.075,48.021
2630.5,85.417,88.68717142,60.580415,2.373,27.984,1.99,47.719
2630.625,85.824,88.68495981,60.58329375,2.373,28.098,1.895,47.625
2630.75,86.961,88.68274826,60.5861725,2.373,28.076,1.792,47.879
2630.875,87.979,88.68053676,60.58905125,2.374,27.891,1.722,47.958
2631,87.7,88.67832532,60.59193,2.375,27.692,1.665,47.561
2631.125,87.178,88.67611393,60.59480875,2.374,27.476,1.61,47.125
2631.25,86.171,88.6739026,60.5976875,2.372,27.261,1.565,46.791
2631.375,85.325,88.67169132,60.60056625,2.371,27.035,1.541,46.86
2631.5,85.473,88.66948009,60.603445,2.374,26.815,1.53,47.076
2631.625,85.792,88.66726893,60.60632375,2.381,26.565,1.523,47.129
2631.75,86.416,88.66505781,60.6092025,2.385,26.213,1.525,46.742
2631.875,86.803,88.66284676,60.61208125,2.385,25.581,1.532,46.169
2632,86.294,88.66063576,60.61496,2.38,24.916,1.547,45.855
2632.125,85.628,88.65842481,60.61783875,2.371,24.243,1.565,45.884
2632.25,84.766,88.65621392,60.6207175,2.367,23.701,1.59,46.778
2632.375,84.449,88.65400308,60.62359625,2.365,23.695,1.613,48.024
2632.5,85.094,88.6517923,60.626475,2.365,23.824,1.658,49.33
2632.625,85.705,88.64958157,60.62935375,2.366,24.285,1.718,50.294
2632.75,85.891,88.6473709,60.6322325,2.366,24.692,1.809,50.138
2632.875,84.826,88.64516028,60.63511125,2.365,23.724,1.901,49.022
2633,82.342,88.64294972,60.63799,2.364,22.353,2.049,47.216
2635.125,80.63,88.60537862,60.68692875,2.414,23.693,2.231,47.631
2635.25,83.062,88.60316905,60.6898075,2.41,24.771,2.014,49.878
2635.375,84.957,88.60095953,60.69268625,2.404,25.113,1.888,51.431
2635.5,85.576,88.59875007,60.695565,2.389,25.401,1.815,52.79
2635.625,86.071,88.59654067,60.69844375,2.374,25.58,1.754,54.206
2635.75,86.229,88.59433132,60.7013225,2.369,25.764,1.729,55.558
2635.875,86.021,88.59212203,60.70420125,2.37,25.927,1.734,56.417
2636,85.559,88.58991279,60.70708,2.386,26.101,1.772,56.941
2636.125,84.997,88.58770361,60.70995875,2.41,26.301,1.824,57.402
2636.25,84.214,88.58549448,60.7128375,2.427,26.395,1.9,57.685
2636.375,83.506,88.5832854,60.71571625,2.442,26.126,1.966,57.835
2636.5,83.415,88.58107639,60.718595,2.457,25.853,2.042,58.128
2636.625,83.429,88.57886742,60.72147375,2.466,25.722,2.124,58.55
2636.75,83.683,88.57665852,60.7243525,2.469,25.881,2.207,59.23
2636.875,84.013,88.57444966,60.72723125,2.473,26.392,2.262,59.889
2637,84.163,88.57224087,60.73011,2.478,26.893,2.301,60.566
2637.125,84.28,88.57003212,60.73298875,2.482,27.201,2.333,61.133
2637.25,84.283,88.56782343,60.7358675,2.484,27.192,2.344,61.259
2637.375,84.094,88.5656148,60.73874625,2.485,26.887,2.333,60.834
2637.5,83.689,88.56340622,60.741625,2.483,26.538,2.29,59.537
2637.625,83.205,88.5611977,60.74450375,2.481,26.053,2.234,57.992
2637.75,82.575,88.55898924,60.7473825,2.48,25.559,2.158,56.176
2637.875,82.116,88.55678082,60.75026125,2.479,25.463,2.094,54.885
2638,82.354,88.55457247,60.75314,2.48,25.463,2.025,53.556
2638.125,82.832,88.55236416,60.75601875,2.484,25.756,1.952,52.105
2638.25,83.897,88.55015592,60.7588975,2.486,26.152,1.88,50.627
2638.375,85.127,88.54794772,60.76177625,2.487,26.395,1.833,49.757
2638.5,85.4,88.54573959,60.764655,2.486,26.524,1.797,49.338
2638.625,85.429,88.54353151,60.76753375,2.482,26.159,1.763,48.914
2638.75,84.865,88.54132348,60.7704125,2.48,25.452,1.741,48.447
2638.875,84.059,88.53911551,60.77329125,2.479,24.743,1.739,47.945
2639,83.655,88.53690759,60.77617,2.482,24.071,1.768,47.186
2639.125,83.053,88.53469973,60.77904875,2.486,23.542,1.814,46.36
2639.25,81.642,88.53249192,60.7819275,2.489,23.069,1.898,45.524
2641.375,81.5,88.49496763,60.83086625,2.455,21.046,1.835,46.874
2641.5,83.559,88.49276082,60.833745,2.459,21.847,1.733,47.69
2641.625,85.644,88.49055406,60.83662375,2.464,23.141,1.64,48.911
2641.75,87.555,88.48834735,60.8395025,2.467,24.717,1.578,50.633
2641.875,88.413,88.4861407,60.84238125,2.469,25.759,1.554,51.634
2642,88.026,88.48393411,60.84526,2.469,26.581,1.56,51.988
2642.125,87.624,88.48172756,60.84813875,2.466,26.704,1.579,52.261
2642.25,87.283,88.47952108,60.8510175,2.464,26.549,1.622,52.374
2642.375,87.238,88.47731465,60.85389625,2.463,26.29,1.672,52.48
2642.5,87.254,88.47510827,60.856775,2.466,26.034,1.755,53.265
2642.625,87.157,88.47290195,60.85965375,2.469,25.779,1.853,54.634
2642.75,86.761,88.47069569,60.8625325,2.469,25.463,1.972,57.244
2642.875,86.223,88.46848948,60.86541125,2.468,25.106,2.06,59.907
2643,86.095,88.46628332,60.86829,2.462,24.806,2.144,62.635
2643.125,86.08,88.46407722,60.87116875,2.457,24.888,2.229,65.118
2643.25,86.336,88.46187118,60.8740475,2.454,25.408,2.301,66.568
2643.375,86.713,88.45966518,60.87692625,2.453,26.148,2.337,66.79
2643.5,86.884,88.45745925,60.879805,2.454,26.85,2.343,66.713
2643.625,87.04,88.45525337,60.88268375,2.456,27.331,2.341,66.723
2643.75,87.171,88.45304754,60.8855625,2.457,27.576,2.318,66.835
2643.875,87.267,88.45084177,60.88844125,2.457,27.557,2.292,66.62
2644,87.256,88.44863606,60.89132,2.459,27.494,2.261,64.794
2644.125,87.252,88.4464304,60.89419875,2.462,27.233,2.228,62.442
2644.25,87.306,88.44422479,60.8970775,2.464,26.767,2.198,59.571
2644.375,87.502,88.44201924,60.89995625,2.466,26.351,2.181,58.113
2644.5,87.721,88.43981375,60.902835,2.466,26.035,2.176,58.694
2644.625,87.901,88.43760831,60.90571375,2.465,26.169,2.176,59.739
2644.75,87.951,88.43540292,60.9085925,2.463,26.708,2.189,61.388
2644.875,87.842,88.43319759,60.91147125,2.462,27.213,2.208,62.244
2645,87.831,88.43099232,60.91435,2.46,27.57,2.242,61.806
2645.125,87.882,88.42878709,60.91722875,2.458,27.29,2.284,60.964
2645.25,88.069,88.42658193,60.9201075,2.456,26.53,2.333,59.438
2645.375,88.281,88.42437682,60.92298625,2.454,25.925,2.37,58.276
2645.5,88.454,88.42217176,60.925865,2.45,25.484,2.408,58.295
2645.625,88.729,88.41996676,60.92874375,2.443,25.669,2.448,59.004
2645.75,89.307,88.41776182,60.9316225,2.438,26.248,2.49,61.246
2645.875,90.095,88.41555693,60.93450125,2.433,26.84,2.523,63.78
2646,90.408,88.41335209,60.93738,2.433,27.353,2.561,66.661
2646.125,90.585,88.41114731,60.94025875,2.441,27.543,2.6,69.447
2646.25,90.428,88.40894259,60.9431375,2.451,27.542,2.634,71.496
2646.375,90.1,88.40673792,60.94601625,2.463,27.741,2.649,72.233
2646.5,89.967,88.4045333,60.948895,2.475,28,2.645,71.962
2646.625,89.865,88.40232874,60.95177375,2.48,28.413,2.635,71.518
2646.75,89.825,88.40012423,60.9546525,2.473,28.82,2.613,70.885
2646.875,89.791,88.39791978,60.95753125,2.472,29.389,2.59,70.637
2647,89.812,88.39571539,60.96041,2.473,29.996,2.554,71.203
2647.125,89.83,88.39351105,60.96328875,2.474,30.767,2.512,72.051
2647.25,89.808,88.39130676,60.9661675,2.477,31.562,2.456,73.305
2647.375,89.683,88.38910253,60.96904625,2.483,32.317,2.411,74.109
2647.5,89.75,88.38689835,60.971925,2.486,33.104,2.36,74.415
2647.625,90.079,88.38469423,60.97480375,2.488,33.952,2.308,74.714
2647.75,91.158,88.38249017,60.9776825,2.485,34.619,2.258,75.023
2647.875,92.789,88.38028616,60.98056125,2.478,34.746,2.228,75.279
2648,93.655,88.3780822,60.98344,2.471,34.817,2.209,74.802
2648.125,94.276,88.3758783,60.98631875,2.465,34.821,2.194,73.894
2648.25,94.252,88.37367445,60.9891975,2.458,34.951,2.188,72.216
2648.375,93.754,88.37147066,60.99207625,2.458,35.408,2.193,70.917
2648.5,93.423,88.36926693,60.994955,2.464,35.883,2.221,70.694
2648.625,93.003,88.36706325,60.99783375,2.476,36.161,2.261,70.857
2648.75,92.201,88.36485962,61.0007125,2.502,35.922,2.323,71.716
2648.875,90.841,88.36265605,61.00359125,2.524,34.249,2.379,72.323
2649,89.474,88.36045253,61.00647,2.524,32.268,2.443,71.866
2649.125,88.156,88.35824907,61.00934875,2.506,29.673,2.511,70.953
2649.25,87.148,88.35604566,61.0122275,2.447,27.858,2.576,69.212
2649.375,86.998,88.35384231,61.01510625,2.376,27.41,2.617,67.722
2649.5,87.406,88.35163902,61.017985,2.334,27.256,2.646,66.793
2649.625,87.752,88.34943578,61.02086375,2.303,27.979,2.67,66.228
2649.75,87.931,88.34723259,61.0237425,2.277,28.896,2.677,66.65
2649.875,88.013,88.34502946,61.02662125,2.27,29.59,2.666,67.689
2650,88.646,88.34282638,61.0295,2.275,30.168,2.637,69.348
2650.125,89.475,88.34062336,61.03237875,2.288,30.539,2.603,70.954
2650.25,90.561,88.33842039,61.0352575,2.322,31.064,2.565,72.024
2650.375,90.969,88.33621748,61.03813625,2.368,31.36,2.541,72.111
2650.5,90.043,88.33401462,61.041015,2.403,31.458,2.526,71.72
2650.625,89.008,88.33181182,61.04389375,2.437,30.813,2.515,71.457
2650.75,87.932,88.32960907,61.0467725,2.473,29.796,2.516,71.599
2650.875,87.563,88.32740638,61.04965125,2.495,29.225,2.528,71.997
2651,87.806,88.32520374,61.05253,2.499,28.775,2.564,72.188
2651.125,87.888,88.32300116,61.05540875,2.498,28.58,2.61,72.257
2651.25,87.468,88.32079863,61.0582875,2.486,28.317,2.672,72.098
2651.375,86.603,88.31859616,61.06116625,2.465,27.926,2.721,71.978
2651.5,86.069,88.31639374,61.064045,2.447,27.579,2.765,71.648
2651.625,85.573,88.31419138,61.06692375,2.429,27.588,2.807,71.124
2651.75,85.176,88.31198907,61.0698025,2.407,28.04,2.833,70.292
2651.875,84.955,88.30978682,61.07268125,2.394,28.679,2.837,69.787
2652,85.281,88.30758462,61.07556,2.39,29.274,2.818,70.323
2652.125,85.919,88.30538248,61.07843875,2.394,29.605,2.791,71.247
2652.25,87.199,88.30318039,61.0813175,2.39,29.741,2.749,72.805
2652.375,88.059,88.30097836,61.08419625,2.387,30.129,2.709,73.985
2652.5,89.228,88.29877638,61.087075,2.383,30.62,2.653,74.732
2652.625,90.182,88.29657446,61.08995375,2.38,31.439,2.588,75.251
2652.75,90.663,88.29437259,61.0928325,2.379,32.302,2.51,75.098
2652.875,90.971,88.29217078,61.09571125,2.381,32.982,2.449,74.418
2653,91.463,88.28996902,61.09859,2.387,33.673,2.385,73.242
2653.125,92.02,88.28776731,61.10146875,2.395,34.473,2.319,72.106
2653.25,92.691,88.28556567,61.1043475,2.399,35.37,2.254,71.345
2653.375,93.253,88.28336407,61.10722625,2.403,36.292,2.213,71.243
2653.5,93.827,88.28116253,61.110105,2.405,37.196,2.182,71.555
2653.625,94.627,88.27896105,61.11298375,2.408,37.874,2.152,71.822
2653.75,95.954,88.27675962,61.1158625,2.41,38.187,2.127,71.842
2653.875,97.226,88.27455825,61.11874125,2.413,37.762,2.114,71.521
2654,97.322,88.27235693,61.12162,2.42,37.181,2.104,70.997
2654.125,97.19,88.27015566,61.12449875,2.428,36.22,2.095,70.55
2654.25,96.511,88.26795445,61.1273775,2.433,35.353,2.089,70.391
2654.375,95.57,88.2657533,61.13025625,2.439,34.909,2.088,70.509
2654.5,94.999,88.2635522,61.133135,2.445,34.494,2.092,70.655
2654.625,94.52,88.26135115,61.13601375,2.449,34.106,2.098,70.79
2654.75,94.323,88.25915016,61.1388925,2.45,33.725,2.102,70.926
2654.875,94.491,88.25694923,61.14177125,2.451,33.921,2.101,71.112
2655,94.656,88.25474835,61.14465,2.45,34.281,2.087,71.191
2655.125,94.726,88.25254752,61.14752875,2.447,35.039,2.068,71.142
2655.25,94.627,88.25034675,61.1504075,2.444,35.758,2.041,70.841
2655.375,94.689,88.24814604,61.15328625,2.442,35.962,2.02,70.618
2655.5,95.452,88.24594538,61.156165,2.44,36.082,2.005,71.031
2655.625,96.406,88.24374477,61.15904375,2.44,36.09,1.993,71.83
2655.75,97.636,88.24154422,61.1619225,2.442,36.283,1.99,73.402
2655.875,98.244,88.23934372,61.16480125,2.443,36.101,1.993,74.879
2656,97.361,88.23714328,61.16768,2.446,35.68,2.003,75.902
2656.125,96.249,88.23494289,61.17055875,2.447,34.406,2.016,76.565
2656.25,94.78,88.23274256,61.1734375,2.446,32.718,2.033,76.295
2656.375,93.847,88.23054229,61.17631625,2.445,31.898,2.05,75.616
2656.5,93.845,88.22834207,61.179195,2.442,31.488,2.074,75.252
2656.625,93.679,88.2261419,61.18207375,2.438,32.543,2.099,75.086
2656.75,92.907,88.22394179,61.1849525,2.434,34.386,2.12,75.248
2656.875,91.423,88.22174173,61.18783125,2.431,35.797,2.128,75.137
2657,90.621,88.21954173,61.19071,2.428,36.917,2.119,74.223
2657.125,90.255,88.21734178,61.19358875,2.426,37.017,2.106,73.239
2657.25,91.158,88.21514189,61.1964675,2.426,36.675,2.083,72.427
2657.375,93.183,88.21294205,61.19934625,2.428,36.51,2.065,72.313
2657.5,94.393,88.21074227,61.202225,2.43,36.416,2.046,72.596
2657.625,95.236,88.20854254,61.20510375,2.433,36.336,2.028,72.735
2657.75,95.089,88.20634287,61.2079825,2.435,35.878,2.011,72.441
2657.875,94.166,88.20414325,61.21086125,2.436,35.102,2.002,71.923
2658,93.904,88.20194368,61.21374,2.436,34.414,2.004,71.724
2658.125,93.845,88.19974418,61.21661875,2.434,34.094,2.011,71.73
2658.25,94.107,88.19754472,61.2194975,2.431,33.983,2.027,72.163
2658.375,93.982,88.19534532,61.22237625,2.429,33.672,2.045,72.6
2658.5,92.901,88.19314598,61.225255,2.425,33.293,2.06,72.804
2658.625,91.721,88.19094669,61.22813375,2.423,32.814,2.074,72.908
2658.75,90.584,88.18874746,61.2310125,2.425,32.58,2.083,72.802
2658.875,90.438,88.18654828,61.23389125,2.429,33.442,2.086,72.678
2659,91.459,88.18434915,61.23677,2.444,34.487,2.087,72.626
2659.125,92.519,88.18215008,61.23964875,2.468,35.711,2.087,72.595
2659.25,93.485,88.17995107,61.2425275,2.487,36.476,2.083,72.553
2659.375,93.798,88.17775211,61.24540625,2.508,37.001,2.076,72.328
2659.5,93.624,88.1755532,61.248285,2.539,37.613,2.06,71.615
2659.625,93.543,88.17335435,61.25116375,2.565,38.462,2.041,70.942
2659.75,93.746,88.17115555,61.2540425,2.579,39.264,2.018,70.648
2659.875,94.176,88.16895681,61.25692125,2.589,39.37,2.003,71.033
2660,94.178,88.16675813,61.2598,2.595,39.331,1.988,71.935
2660.125,93.986,88.1645595,61.26267875,2.59,38.906,1.972,72.79
2660.25,93.372,88.16236092,61.2655575,2.58,38.386,1.954,73.35
2660.375,92.828,88.1601624,61.26843625,2.565,37.572,1.939,73.507
2660.5,93.146,88.15796393,61.271315,2.538,36.698,1.927,73.676
2660.625,93.641,88.15576552,61.27419375,2.507,35.985,1.916,73.924
2660.75,94.467,88.15356716,61.2770725,2.483,35.971,1.911,74.286
2660.875,95.041,88.15136886,61.27995125,2.456,36.551,1.912,74.489
2661,94.577,88.14917061,61.28283,2.412,37.061,1.917,74.047
2661.125,93.85,88.14697242,61.28570875,2.37,37.157,1.92,73.308
2661.25,92.532,88.14477428,61.2885875,2.349,36.907,1.918,72.064
2661.375,91.253,88.1425762,61.29146625,2.334,36.819,1.91,71.103
2661.5,91.391,88.14037817,61.294345,2.326,36.863,1.896,70.565
2661.625,92.074,88.1381802,61.29722375,2.327,37.354,1.879,70.07
2661.75,94.177,88.13598228,61.3001025,2.33,37.944,1.861,69.645
2661.875,97.01,88.13378442,61.30298125,2.332,37.981,1.848,69.227
2662,98.456,88.13158661,61.30586,2.331,37.933,1.832,69.167
2662.125,99.706,88.12938885,61.30873875,2.322,37.808,1.813,69.497
2662.25,100.49,88.12719116,61.3116175,2.313,37.91,1.79,70.738
2662.375,100.865,88.12499351,61.31449625,2.303,38.149,1.771,72.191
2662.5,100.774,88.12279592,61.317375,2.298,38.331,1.757,73.405
2662.625,100.555,88.12059839,61.32025375,2.308,38.318,1.745,74.277
2662.75,99.951,88.11840091,61.3231325,2.324,38.292,1.743,74.185
2662.875,98.99,88.11620348,61.32601125,2.344,38.722,1.749,73.537
2663,98.181,88.11400611,61.32889,2.365,39.224,1.767,73.047
2663.125,97.312,88.1118088,61.33176875,2.372,39.674,1.789,72.751
2663.25,96.272,88.10961153,61.3346475,2.368,39.669,1.813,72.86
2663.375,95.208,88.10741433,61.33752625,2.364,39.612,1.829,72.93
2663.5,94.612,88.10521718,61.340405,2.364,39.738,1.833,72.651
2663.625,94.123,88.10302008,61.34328375,2.373,40.655,1.83,72.394
2663.75,94.029,88.10082304,61.3461625,2.383,42.041,1.814,72.279
2663.875,94.621,88.09862605,61.34904125,2.393,42.581,1.795,72.293
2664,95.8,88.09642912,61.35192,2.406,42.781,1.771,71.689
2664.125,97.194,88.09423224,61.35479875,2.414,41.972,1.745,70.81
2664.25,99.096,88.09203542,61.3576775,2.418,40.886,1.722,69.585
2664.375,100.956,88.08983865,61.36055625,2.42,40.204,1.71,68.924
2664.5,101.402,88.08764194,61.363435,2.423,39.592,1.706,68.823
2664.625,101.333,88.08544528,61.36631375,2.426,38.922,1.704,68.66
2664.75,99.82,88.08324868,61.3691925,2.428,37.85,1.707,68.261
2664.875,97.204,88.08105213,61.37207125,2.43,36.703,1.713,67.73
2665,95.85,88.07885564,61.37495,2.429,35.635,1.729,67.706
2665.125,94.928,88.0766592,61.37782875,2.422,35.069,1.753,68.033
2665.25,95.089,88.07446281,61.3807075,2.415,35.194,1.793,69.08
2665.375,95.885,88.07226648,61.38358625,2.41,36.129,1.833,70.096
2665.5,95.598,88.07007021,61.386465,2.407,37.02,1.892,70.715
2665.625,94.8,88.06787399,61.38934375,2.407,37.402,1.958,71.065
2665.75,92.737,88.06567782,61.3922225,2.405,37.04,2.026,70.758
2665.875,90.197,88.06348171,61.39510125,2.404,35.698,2.072,70.245
2666,88.796,88.06128566,61.39798,2.407,34.339,2.114,70.001
2666.125,87.394,88.05908966,61.40085875,2.413,33.16,2.158,69.85
2666.25,85.941,88.05689371,61.4037375,2.423,32.22,2.199,69.833
2666.375,84.603,88.05469782,61.40661625,2.427,31.413,2.227,69.665
2666.5,84.306,88.05250198,61.409495,2.419,30.656,2.25,69.139
2666.625,84.362,88.0503062,61.41237375,2.405,30.159,2.27,68.624
2666.75,85.369,88.04811047,61.4152525,2.376,29.887,2.281,68.282
2666.875,87.029,88.0459148,61.41813125,2.352,30.322,2.28,68.252
2667,88.1,88.04371918,61.42101,2.345,30.975,2.262,68.541
2667.125,89.177,88.04152362,61.42388875,2.346,32.259,2.237,69.05
2667.25,90.33,88.03932811,61.4267675,2.357,33.764,2.201,70.044
2667.375,91.503,88.03713266,61.42964625,2.371,34.787,2.171,71.094
2667.5,92.181,88.03493726,61.432525,2.38,35.594,2.142,71.846
2667.625,92.734,88.03274192,61.43540375,2.386,35.706,2.114,72.248
2667.75,92.927,88.03054663,61.4382825,2.391,35.623,2.089,71.765
2667.875,92.753,88.02835139,61.44116125,2.393,35.457,2.076,70.945
2668,92.521,88.02615621,61.44404,2.393,35.186,2.068,70.034
2668.125,92.273,88.02396109,61.44691875,2.395,34.586,2.06,69.016
2668.25,91.953,88.02176602,61.4497975,2.401,34.026,2.052,67.81
2668.375,91.535,88.019571,61.45267625,2.409,34.23,2.046,66.712
2668.5,91.283,88.01737604,61.455555,2.414,34.579,2.04,65.642
2668.625,91.088,88.01518114,61.45843375,2.417,35.112,2.033,64.773
2668.75,91.086,88.01298628,61.4613125,2.418,35.297,2.026,64.6
2668.875,91.373,88.01079149,61.46419125,2.416,34.929,2.023,65.096
2669,91.897,88.00859675,61.46707,2.417,34.595,2.021,66.265
2669.125,92.496,88.00640206,61.46994875,2.422,34.728,2.019,67.595
2669.25,93.202,88.00420743,61.4728275,2.436,35.552,2.016,69.044
2669.375,93.618,88.00201285,61.47570625,2.455,36.608,2.012,69.995
2669.5,93.267,87.99981833,61.478585,2.466,37.509,2.005,70.577
2669.625,92.85,87.99762386,61.48146375,2.472,37.716,1.998,71.043
2669.75,92.453,87.99542944,61.4843425,2.471,37.438,1.991,71.186
2669.875,92.629,87.99323509,61.48722125,2.464,37.153,1.987,71.102
2670,93.468,87.99104078,61.4901,2.457,36.926,1.987,70.789
2670.125,94.358,87.98884653,61.49297875,2.451,36.871,1.988,70.391
2670.25,95.196,87.98665234,61.4958575,2.446,36.803,1.991,69.873
2670.375,95.401,87.9844582,61.49873625,2.444,36.391,1.993,69.504
2670.5,94.875,87.98226411,61.501615,2.442,35.917,1.997,69.495
2670.625,94.184,87.98007008,61.50449375,2.441,35.445,2.001,69.615
2670.75,93.037,87.97787611,61.5073725,2.438,35.282,2.005,69.91
2670.875,91.596,87.97568219,61.51025125,2.436,35.632,2.008,69.935
2671,90.659,87.97348832,61.51313,2.436,36.051,2.007,69.184
2671.125,89.913,87.97129451,61.51600875,2.435,36.481,2.005,68.264
2671.25,89.809,87.96910075,61.5188875,2.435,36.577,1.999,67.25
2671.375,90.597,87.96690705,61.52176625,2.435,36.392,1.994,66.828
2671.5,91.549,87.9647134,61.524645,2.435,36.244,1.987,67.024
2671.625,92.423,87.96251981,61.52752375,2.435,36.283,1.978,67.309
2671.75,93.024,87.96032627,61.5304025,2.437,36.469,1.963,67.707
2671.875,93.164,87.95813279,61.53328125,2.442,36.421,1.949,68.009
2672,92.872,87.95593936,61.53616,2.449,36.247,1.928,68.645
2672.125,92.554,87.95374599,61.53903875,2.458,35.579,1.904,69.529
2672.25,92.296,87.95155267,61.5419175,2.477,34.681,1.879,70.833
2672.375,92.524,87.9493594,61.54479625,2.499,34.448,1.862,71.859
2672.5,93.515,87.94716619,61.547675,2.514,34.46,1.853,72.112
2672.625,94.619,87.94497304,61.55055375,2.528,35.34,1.847,71.933
2672.75,95.781,87.94277994,61.5534325,2.544,36.66,1.847,70.788
2672.875,96.18,87.94058689,61.55631125,2.553,37.387,1.85,69.453
2673,95.496,87.9383939,61.55919,2.552,37.892,1.859,68.142
2673.125,94.758,87.93620096,61.56206875,2.542,37.712,1.872,67.068
2673.25,94.027,87.93400808,61.5649475,2.513,37.385,1.89,66.788
2673.375,93.734,87.93181526,61.56782625,2.472,37.118,1.909,67.217
2673.5,93.708,87.92962248,61.570705,2.441,36.792,1.935,67.788
2673.625,93.547,87.92742977,61.57358375,2.412,36.131,1.964,68.091
2673.75,93.018,87.9252371,61.5764625,2.373,35.081,1.995,67.664
2673.875,92.303,87.92304449,61.57934125,2.344,34.087,2.016,66.898
2674,92.05,87.92085194,61.58222,2.331,33.274,2.036,66.784
2674.125,91.915,87.91865944,61.58509875,2.324,33.202,2.057,67.199
2674.25,92.024,87.916467,61.5879775,2.324,33.607,2.075,68.732
2674.375,92.095,87.91427461,61.59085625,2.334,33.8,2.086,70.258
2674.5,91.668,87.91208227,61.593735,2.344,33.849,2.089,71.099
2674.625,91.085,87.90988999,61.59661375,2.354,33.437,2.088,71.534
2674.75,90.222,87.90769777,61.5994925,2.366,32.86,2.08,71.02
2674.875,89.652,87.9055056,61.60237125,2.377,32.855,2.071,70.259
2675,90.043,87.90331348,61.60525,2.384,33.064,2.064,69.829
2675.125,90.595,87.90112142,61.60812875,2.392,34.054,2.057,69.618
2675.25,91.421,87.89892941,61.6110075,2.402,35.507,2.053,69.904
2675.375,91.986,87.89673746,61.61388625,2.408,36.524,2.049,70.291
2675.5,91.878,87.89454556,61.616765,2.41,37.277,2.038,70.665
2675.625,91.76,87.89235372,61.61964375,2.413,37.113,2.024,71.135
2675.75,91.76,87.89016193,61.6225225,2.425,36.521,2.001,71.807
2675.875,92.204,87.8879702,61.62540125,2.444,36.127,1.979,72.425
2676,93.115,87.88577852,61.62828,2.457,35.843,1.953,72.438
2676.125,94.184,87.88358689,61.63115875,2.47,35.903,1.924,72.067
2676.25,95.555,87.88139532,61.6340375,2.486,36.131,1.891,70.93
2676.375,96.672,87.87920381,61.63691625,2.5,36.568,1.865,69.924
2676.5,97.109,87.87701235,61.639795,2.509,37.074,1.836,69.9
2676.625,97.747,87.87482094,61.64267375,2.517,37.85,1.805,70.386
2676.75,99.039,87.87262959,61.6455525,2.528,38.799,1.777,71.879
2676.875,100.886,87.8704383,61.64843125,2.535,39.776,1.763,73.215
2677,101.738,87.86824705,61.65131,2.536,40.676,1.76,73.666
2677.125,102.19,87.86605587,61.65418875,2.534,40.99,1.761,73.63
2677.25,101.555,87.86386473,61.6570675,2.528,40.534,1.77,72.498
2677.375,100.1,87.86167366,61.65994625,2.521,39.016,1.781,71.152
2677.5,99.274,87.85948263,61.662825,2.515,37.4,1.8,70.075
2677.625,98.598,87.85729167,61.66570375,2.508,35.786,1.824,69.29
2677.75,98.23,87.85510075,61.6685825,2.489,34.71,1.852,69.359
2677.875,97.935,87.85290989,61.67146125,2.46,35.053,1.875,70.077
2678,97.458,87.85071909,61.67434,2.435,35.638,1.894,71.237
2678.125,96.876,87.84852834,61.67721875,2.409,36.727,1.911,72.243
2678.25,96.102,87.84633764,61.6800975,2.378,37.549,1.918,72.593
2678.375,95.536,87.844147,61.68297625,2.358,37.35,1.914,72.198
2678.5,95.499,87.84195642,61.685855,2.351,37.041,1.895,71.559
2678.625,95.456,87.83976588,61.68873375,2.348,36.647,1.871,71.097
2678.75,95.364,87.83757541,61.6916125,2.344,36.458,1.836,71.141
2678.875,95.212,87.83538498,61.69449125,2.337,36.134,1.807,71.407
2679,95.248,87.83319462,61.69737,2.331,35.782,1.774,71.073
2679.125,95.382,87.8310043,61.70024875,2.325,35.548,1.738,70.478
2679.25,95.756,87.82881405,61.7031275,2.319,35.714,1.701,69.52
2679.375,96.199,87.82662384,61.70600625,2.314,36.411,1.676,69.038
2679.5,96.332,87.82443369,61.708885,2.309,37.114,1.659,69.391
2679.625,96.455,87.8222436,61.71176375,2.302,37.691,1.645,69.832
2679.75,96.597,87.82005356,61.7146425,2.29,38.037,1.64,70.22
2679.875,96.845,87.81786357,61.71752125,2.282,38.538,1.645,70.103
2680,97.018,87.81567364,61.7204,2.286,39.116,1.661,69.421
2680.125,96.986,87.81348377,61.72327875,2.298,39.693,1.68,68.658
2680.25,96.314,87.81129395,61.7261575,2.313,39.868,1.704,67.885
2680.375,94.993,87.80910418,61.72903625,2.324,39.377,1.723,67.467
2680.5,94.056,87.80691447,61.731915,2.337,38.786,1.744,67.261
2680.625,93.287,87.80472481,61.73479375,2.356,37.963,1.767,67.063
2680.75,92.985,87.80253521,61.7376725,2.371,37.146,1.79,66.9
2680.875,93.15,87.80034566,61.74055125,2.376,36.657,1.804,66.827
2681,93.509,87.79815616,61.74343,2.375,36.29,1.811,67.17
2681.125,94.066,87.79596672,61.74630875,2.364,36.43,1.814,67.693
2681.25,95.255,87.79377734,61.7491875,2.352,36.998,1.806,68.461
2681.375,97.004,87.79158801,61.75206625,2.349,37.43,1.793,68.883
2681.5,98.359,87.78939873,61.754945,2.351,37.706,1.772,68.677
2681.625,99.709,87.78720951,61.75782375,2.36,37.561,1.75,68.387
2681.75,100.961,87.78502035,61.7607025,2.368,37.277,1.728,68.077
2681.875,101.69,87.78283124,61.76358125,2.37,37.034,1.715,68.072
2682,101.261,87.78064218,61.76646,2.369,36.849,1.708,68.153
2682.125,100.518,87.77845318,61.76933875,2.367,36.928,1.701,68.181
2682.25,99.046,87.77626423,61.7722175,2.37,37.252,1.698,68.128
2682.375,97.485,87.77407533,61.77509625,2.376,37.678,1.698,68.195
2682.5,97.023,87.7718865,61.777975,2.385,38.037,1.704,68.687
2682.625,96.631,87.76969771,61.78085375,2.397,38.104,1.715,69.221
2682.75,96.265,87.76750898,61.7837325,2.405,38.023,1.738,69.633
2682.875,95.609,87.76532031,61.78661125,2.41,38.385,1.764,69.54
2683,95.022,87.76313169,61.78949,2.419,38.821,1.815,68.629
2683.125,94.614,87.76094312,61.79236875,2.444,39.137,1.879,67.438
2683.25,94.702,87.75875461,61.7952475,2.479,38.878,1.967,65.793
2683.375,95.122,87.75656615,61.79812625,2.502,37.291,2.042,64.407
2683.5,94.461,87.75437775,61.801005,2.519,35.335,2.135,62.922
2683.625,92.977,87.7521894,61.80388375,2.526,32.214,2.243,61.492
2683.75,89.314,87.75000111,61.8067625,2.516,28.928,2.371,60.492
2683.875,84.596,87.74781287,61.80964125,2.5,27.423,2.475,60.241
2684,82.45,87.74562469,61.81252,2.481,26.268,2.598,60.199
2684.75,84.14,87.73249673,61.8297925,2.428,26.428,2.892,61.031
2684.875,86.876,87.73030893,61.83267125,2.428,27.714,2.849,62.562
2685,88.129,87.72812118,61.83555,2.425,29.024,2.788,63.792
2685.125,89.157,87.72593349,61.83842875,2.415,29.954,2.718,64.858
2685.25,89.721,87.72374585,61.8413075,2.4,30.202,2.635,65.416
2685.375,90.132,87.72155827,61.84418625,2.389,30.451,2.572,65.553
2685.5,90.676,87.71937074,61.847065,2.379,30.782,2.513,65.552
2685.625,91.224,87.71718326,61.84994375,2.371,31.192,2.454,65.51
2685.75,91.688,87.71499584,61.8528225,2.373,31.274,2.402,65.364
2685.875,91.846,87.71280848,61.85570125,2.38,31.071,2.371,65.182
2686,92.092,87.71062117,61.85858,2.389,30.972,2.345,65.16
2686.125,92.564,87.70843391,61.86145875,2.399,31.416,2.319,65.262
2686.25,93.608,87.70624671,61.8643375,2.4,32.219,2.292,65.647
2686.375,94.851,87.70405956,61.86721625,2.396,32.617,2.273,66.089
2686.5,95.476,87.70187247,61.870095,2.394,32.892,2.253,66.624
2686.625,96.102,87.69968543,61.87297375,2.393,32.959,2.232,67.178
2686.75,96.73,87.69749845,61.8758525,2.397,33.249,2.211,67.689
2686.875,97.186,87.69531152,61.87873125,2.4,34.232,2.197,68.007
2687,97.173,87.69312464,61.88161,2.402,35.313,2.186,68.298
2687.125,97.253,87.69093782,61.88448875,2.405,36.471,2.176,68.557
2687.25,97.751,87.68875106,61.8873675,2.409,37.353,2.167,68.659
2687.375,98.889,87.68656435,61.89024625,2.413,37.475,2.16,68.526
2687.5,99.467,87.68437769,61.893125,2.418,37.334,2.154,68.331
2687.625,99.555,87.68219109,61.89600375,2.427,36.236,2.15,68.286
2687.75,98.25,87.68000454,61.8988825,2.434,34.571,2.147,68.66
2687.875,95.858,87.67781805,61.90176125,2.437,33.289,2.147,69.259
2688,94.345,87.67563161,61.90464,2.438,32.328,2.145,69.7
2688.125,92.988,87.67344523,61.90751875,2.439,32.766,2.14,69.886
2688.25,92.031,87.6712589,61.9103975,2.441,34.347,2.129,69.446
2688.375,91.539,87.66907262,61.91327625,2.445,36.222,2.117,68.8
2688.5,91.712,87.6668864,61.916155,2.45,37.854,2.105,68.25
2688.625,92.014,87.66470024,61.91903375,2.456,38.241,2.093,67.866
2688.75,92.538,87.66251413,61.9219125,2.459,37.37,2.084,67.968
2688.875,92.815,87.66032807,61.92479125,2.458,35.896,2.081,68.41
2689,92.08,87.65814207,61.92767,2.455,34.589,2.082,68.988
2689.125,91.013,87.65595612,61.93054875,2.451,33.984,2.084,69.486
2689.25,89.188,87.65377023,61.9334275,2.45,33.789,2.085,69.672
2689.375,87.362,87.65158439,61.93630625,2.451,33.637,2.086,69.508
2689.5,87.039,87.6493986,61.939185,2.452,33.454,2.092,69.04
2689.625,87.085,87.64721287,61.94206375,2.45,33.294,2.1,68.564
2689.75,88.084,87.6450272,61.9449425,2.441,33.414,2.116,68.225
2689.875,89.685,87.64284158,61.94782125,2.431,33.892,2.134,68.275
2690,90.739,87.64065601,61.9507,2.421,34.319,2.163,68.883
2690.125,91.696,87.6384705,61.95357875,2.41,34.437,2.197,69.577
2690.25,92.295,87.63628504,61.9564575,2.407,34.313,2.236,70.251
2690.375,92.184,87.63409964,61.95933625,2.41,34.231,2.265,70.445
2690.5,91.512,87.63191429,61.962215,2.413,34.12,2.292,69.597
2690.625,90.926,87.629729,61.96509375,2.415,33.658,2.32,68.281
2690.75,90.755,87.62754376,61.9679725,2.414,32.652,2.345,66.163
2690.875,91.418,87.62535857,61.97085125,2.412,31.684,2.364,64.487
2691,92.25,87.62317344,61.97373,2.411,30.986,2.388,64.028
2691.125,92.904,87.62098837,61.97660875,2.414,31.41,2.417,64.094
2691.25,93.013,87.61880335,61.9794875,2.422,32.538,2.45,65.169
2691.375,92.573,87.61661838,61.98236625,2.428,32.922,2.475,66.035
2691.5,92.636,87.61443347,61.985245,2.436,32.95,2.502,66.074
2691.625,92.869,87.61224861,61.98812375,2.447,32.182,2.531,65.947
2691.75,93.348,87.61006381,61.9910025,2.458,31.728,2.561,65.582
2691.875,93.405,87.60787906,61.99388125,2.464,32.029,2.581,65.384
2692,92.439,87.60569437,61.99676,2.468,32.284,2.591,65.032
2692.125,91.248,87.60350973,61.99963875,2.47,32.012,2.595,64.491
2692.25,89.652,87.60132514,62.0025175,2.468,31.046,2.583,63.623
2692.375,88.474,87.59914061,62.00539625,2.466,30.207,2.562,62.977
2692.5,88.89,87.59695613,62.008275,2.464,29.641,2.523,63.066
2692.625,89.887,87.59477171,62.01115375,2.464,30.253,2.477,63.51
2692.75,92.428,87.59258734,62.0140325,2.464,31.703,2.421,64.673
2692.875,95.811,87.59040303,62.01691125,2.464,33.533,2.376,65.821
2693,97.396,87.58821877,62.01979,2.463,35.307,2.324,66.712
2693.125,98.513,87.58603457,62.02266875,2.461,36.643,2.268,67.344
2693.25,98.359,87.58385042,62.0255475,2.456,37.347,2.208,67.266
2693.375,97.114,87.58166632,62.02842625,2.45,37.568,2.169,66.816
2693.5,96.008,87.57948228,62.031305,2.441,37.847,2.141,66.515
2693.625,94.921,87.5772983,62.03418375,2.428,38.281,2.116,66.379
2693.75,93.912,87.57511437,62.0370625,2.416,38.678,2.103,66.61
2693.875,93.181,87.57293049,62.03994125,2.412,38.808,2.101,66.869
2694,92.856,87.57074667,62.04282,2.41,38.883,2.107,66.8
2694.125,92.489,87.5685629,62.04569875,2.412,38.893,2.113,66.642
2694.25,92.03,87.56637918,62.0485775,2.415,38.94,2.117,66.386
2694.375,91.666,87.56419552,62.05145625,2.418,38.937,2.118,66.319
2694.5,91.759,87.56201192,62.054335,2.42,38.908,2.113,66.334
2694.625,92.016,87.55982837,62.05721375,2.423,38.801,2.107,66.246
2694.75,92.715,87.55764487,62.0600925,2.427,38.762,2.099,65.863
2694.875,93.686,87.55546143,62.06297125,2.432,38.796,2.094,65.269
2695,94.511,87.55327804,62.06585,2.437,38.779,2.097,64.388
2695.125,95.375,87.55109471,62.06872875,2.445,38.427,2.103,63.619
2695.25,96.175,87.54891143,62.0716075,2.448,37.733,2.118,63.368
2695.375,96.285,87.54672821,62.07448625,2.446,36.692,2.132,63.809
2695.5,94.939,87.54454504,62.077365,2.439,35.595,2.146,65.172
2695.625,93.128,87.54236193,62.08024375,2.421,34.495,2.16,66.673
2695.75,90.307,87.54017887,62.0831225,2.399,33.712,2.168,68.06
2695.875,87.706,87.53799586,62.08600125,2.385,33.73,2.169,68.486
2696,87.545,87.53581291,62.08888,2.372,33.898,2.167,67.88
2696.125,87.995,87.53363001,62.09175875,2.357,34.483,2.165,67.122
2696.25,90.03,87.53144717,62.0946375,2.346,35.182,2.162,66.289
2696.375,93.025,87.52926438,62.09751625,2.341,35.86,2.161,65.99
2696.5,95.021,87.52708165,62.100395,2.338,36.572,2.162,66.076
2696.625,96.86,87.52489897,62.10327375,2.341,37.429,2.164,66.069
2696.75,98.163,87.52271634,62.1061525,2.349,38.253,2.168,65.784
2696.875,98.484,87.52053377,62.10903125,2.356,38.167,2.174,65.392
2697,97.871,87.51835125,62.11191,2.362,37.818,2.188,65.255
2697.125,96.987,87.51616879,62.11478875,2.37,36.579,2.207,65.196
2697.25,95.317,87.51398639,62.1176675,2.373,34.99,2.233,65.208
2697.375,93.06,87.51180403,62.12054625,2.372,34.092,2.253,64.975
2697.5,91.506,87.50962173,62.123425,2.368,33.405,2.269,64.21
2697.625,90.082,87.50743949,62.12630375,2.361,33.381,2.281,63.463
2697.75,89.14,87.5052573,62.1291825,2.358,33.578,2.277,63.017
2697.875,89.151,87.50307517,62.13206125,2.36,33.751,2.259,63.145
2698,90.551,87.50089309,62.13494,2.365,33.894,2.215,63.439
2698.125,92.567,87.49871106,62.13781875,2.371,34.197,2.162,63.602
2698.25,96.159,87.49652909,62.1406975,2.377,35.088,2.1,63.429
2698.375,100.253,87.49434717,62.14357625,2.381,36.465,2.059,63.146
2698.5,101.841,87.49216531,62.146455,2.387,37.732,2.044,62.822
2698.625,102.879,87.4899835,62.14933375,2.405,38.286,2.043,62.258
2698.75,102.382,87.48780174,62.1522125,2.428,37.965,2.076,61.002
2698.875,100.374,87.48562004,62.15509125,2.444,36.435,2.129,59.235
2699,97.266,87.4834384,62.15797,2.458,34.639,2.241,55.941
2699.125,93.224,87.48125681,62.16084875,2.471,31.706,2.386,52.085
2699.25,86.789,87.47907527,62.1637275,2.476,28.344,2.591,47.607
2700.875,83.359,87.45072024,62.20115125,2.46,25.78,2.82,61.627
2701,87.257,87.44853947,62.20403,2.458,28.162,2.613,62.249
2701.125,91.478,87.44635875,62.20690875,2.46,31.288,2.405,62.694
2701.25,96.378,87.44417808,62.2097875,2.465,34.83,2.223,62.93
2701.375,100.55,87.44199747,62.21266625,2.468,36.802,2.112,63.516
2701.5,101.449,87.43981691,62.215545,2.47,38.278,2.03,64.909
2701.625,101.872,87.43763641,62.21842375,2.47,38.418,1.952,66.335
2701.75,101.224,87.43545596,62.2213025,2.469,38.417,1.895,67.457
2701.875,100.24,87.43327557,62.22418125,2.469,39.306,1.871,67.736
2702,100.259,87.43109523,62.22706,2.47,40.394,1.869,67.377
2702.125,100.34,87.42891494,62.22993875,2.475,41.879,1.871,66.908
2702.25,100.322,87.42673471,62.2328175,2.484,43.049,1.883,66.291
2702.375,99.589,87.42455453,62.23569625,2.491,42.764,1.892,65.839
2702.5,98.572,87.42237441,62.238575,2.497,42.235,1.9,65.32
2702.625,97.814,87.42019434,62.24145375,2.501,41.417,1.906,64.615
2702.75,98.07,87.41801433,62.2443325,2.498,41.338,1.909,63.497
2702.875,99.923,87.41583437,62.24721125,2.494,42.406,1.909,62.338
2703,102.032,87.41365446,62.25009,2.489,43.462,1.908,61.264
2703.125,103.811,87.41147461,62.25296875,2.483,44.032,1.906,60.362
2703.25,104.324,87.40929481,62.2558475,2.482,43.871,1.904,59.988
2703.375,102.736,87.40711507,62.25872625,2.483,43.556,1.901,60.01
2703.5,99.857,87.40493538,62.261605,2.487,43.325,1.895,60.418
2703.625,96.818,87.40275575,62.26448375,2.498,43.144,1.888,61.081
2703.75,93.767,87.40057617,62.2673625,2.509,42.583,1.878,62.269
2703.875,92.218,87.39839665,62.27024125,2.513,41.94,1.871,63.41
2704,93.312,87.39621718,62.27312,2.512,41.418,1.864,64.284
2704.125,94.904,87.39403776,62.27599875,2.5,41.367,1.856,64.971
2704.25,97.548,87.3918584,62.2788775,2.478,41.615,1.85,65.145
2704.375,99.947,87.38967909,62.28175625,2.46,42.28,1.847,65.02
2704.5,100.098,87.38749984,62.284635,2.441,42.983,1.843,64.638
2704.625,99.928,87.38532064,62.28751375,2.419,43.381,1.839,64.103
2704.75,99.195,87.3831415,62.2903925,2.406,42.97,1.833,63.279
2704.875,98.846,87.38096241,62.29327125,2.406,41.773,1.829,62.539
2705,99.589,87.37878337,62.29615,2.411,40.641,1.827,61.92
2705.125,100.347,87.37660439,62.29902875,2.42,40.138,1.825,61.386
2705.25,100.873,87.37442546,62.3019075,2.425,40.447,1.824,61.148
2705.375,100.519,87.37224659,62.30478625,2.425,41.442,1.823,61.255
2705.5,99.947,87.37006777,62.307665,2.421,42.382,1.819,62.049
2705.625,99.662,87.36788901,62.31054375,2.414,42.807,1.813,63.067
2705.75,100.214,87.3657103,62.3134225,2.408,42.633,1.803,64.329
2705.875,101.447,87.36353164,62.31630125,2.408,41.99,1.794,65.072
2706,101.773,87.36135304,62.31918,2.41,41.29,1.782,65.37
2706.125,101.673,87.3591745,62.32205875,2.417,40.429,1.767,65.663
2706.25,100.485,87.356996,62.3249375,2.424,39.541,1.749,65.955
2706.375,98.764,87.35481757,62.32781625,2.426,39.027,1.734,66.202
2706.5,98.203,87.35263918,62.330695,2.423,38.676,1.717,66.244
2706.625,97.975,87.35046085,62.33357375,2.414,39.05,1.698,66.168
2706.75,98.644,87.34828258,62.3364525,2.405,40.038,1.68,65.816
2706.875,100.027,87.34610436,62.33933125,2.402,40.813,1.668,65.357
2707,101.245,87.34392619,62.34221,2.403,41.37,1.657,64.507
2707.125,102.459,87.34174808,62.34508875,2.413,41.38,1.646,63.645
2707.25,103.519,87.33957002,62.3479675,2.426,41.46,1.634,63.065
2707.375,103.848,87.33739202,62.35084625,2.433,41.845,1.626,63.249
2707.5,102.849,87.33521407,62.353725,2.437,42.191,1.619,64.204
2707.625,101.543,87.33303617,62.35660375,2.441,42.182,1.611,65.175
2707.75,99.634,87.33085833,62.3594825,2.444,41.68,1.604,65.922
2707.875,98.07,87.32868055,62.36236125,2.447,41.072,1.6,66.131
2708,98.081,87.32650282,62.36524,2.449,40.587,1.596,65.829
2708.125,98.299,87.32432514,62.36811875,2.448,40.544,1.592,65.294
2708.25,98.886,87.32214751,62.3709975,2.445,40.738,1.588,64.282
2708.375,99.258,87.31996995,62.37387625,2.442,41.281,1.585,63.287
2708.5,98.949,87.31779243,62.376755,2.439,41.884,1.586,62.541
2708.625,98.54,87.31561497,62.37963375,2.438,42.568,1.59,62.078
2708.75,97.896,87.31343757,62.3825125,2.44,43.101,1.598,62.381
2708.875,97.145,87.31126021,62.38539125,2.441,42.82,1.608,63.111
2709,96.021,87.30908292,62.38827,2.441,42.335,1.618,63.851
2709.125,94.447,87.30690567,62.39114875,2.438,41.222,1.628,64.333
2709.25,91.827,87.30472848,62.3940275,2.433,39.923,1.636,64.067
2709.375,89.312,87.30255135,62.39690625,2.429,39.311,1.64,63.345
2709.5,89.855,87.30037427,62.399785,2.426,38.926,1.647,62.901
2709.625,91.313,87.29819724,62.40266375,2.424,39.316,1.657,62.853
2709.75,94.89,87.29602027,62.4055425,2.423,40.127,1.674,63.717
2709.875,98.787,87.29384335,62.40842125,2.422,40.841,1.691,64.71
2710,99.496,87.29166649,62.4113,2.42,41.398,1.712,65.166
2710.125,99.602,87.28948968,62.41417875,2.413,41.318,1.736,65.363
2710.25,98.347,87.28731293,62.4170575,2.404,40.853,1.762,65.009
2710.375,96.689,87.28513623,62.41993625,2.399,40.282,1.784,64.605
2710.5,96.006,87.28295958,62.422815,2.395,39.727,1.816,64.122
2710.625,95.424,87.28078299,62.42569375,2.39,39.325,1.855,63.573
2710.75,95.085,87.27860645,62.4285725,2.385,39.041,1.904,63.012
2710.875,94.966,87.27642997,62.43145125,2.379,38.373,1.943,62.827
2711,94.987,87.27425354,62.43433,2.374,37.582,1.982,63.666
2711.125,94.941,87.27207717,62.43720875,2.367,36.526,2.019,64.94
2711.25,94.635,87.26990085,62.4400875,2.363,35.549,2.049,66.928
2711.375,93.944,87.26772458,62.44296625,2.363,35.434,2.064,68.459
2711.5,93.322,87.26554837,62.445845,2.364,35.557,2.071,69
2711.625,92.777,87.26337221,62.44872375,2.366,36.363,2.077,68.999
2711.75,92.526,87.26119611,62.4516025,2.37,37.32,2.078,67.761
2711.875,92.795,87.25902006,62.45448125,2.375,37.829,2.077,66.259
2712,93.474,87.25684406,62.45736,2.384,38.25,2.075,65.115
2712.125,94.301,87.25466812,62.46023875,2.405,38.434,2.073,64.271
2712.25,95.432,87.25249224,62.4631175,2.429,38.495,2.071,64.21
2712.375,96.358,87.25031641,62.46599625,2.441,37.787,2.069,64.531
2712.5,96.173,87.24814063,62.468875,2.449,36.85,2.068,64.915
2712.625,95.811,87.2459649,62.47175375,2.453,35.481,2.066,65.262
2712.75,95.16,87.24378924,62.4746325,2.453,34.443,2.063,65.437
2712.875,94.816,87.24161362,62.47751125,2.452,34.443,2.06,65.353
2713,95.185,87.23943806,62.48039,2.451,34.659,2.058,64.879
2713.125,95.637,87.23726255,62.48326875,2.448,35.419,2.057,64.382
2713.25,96.239,87.2350871,62.4861475,2.443,36.23,2.055,64.024
2713.375,96.747,87.2329117,62.48902625,2.44,37.218,2.053,64.095
2713.5,96.889,87.23073636,62.491905,2.437,38.262,2.048,64.404
2713.625,96.84,87.22856107,62.49478375,2.434,39.331,2.04,64.599
2713.75,96.199,87.22638584,62.4976625,2.431,40.129,2.026,64.451
2713.875,94.983,87.22421065,62.50054125,2.429,40.82,2.011,64.129
2714,94.205,87.22203553,62.50342,2.427,41.56,1.99,63.962
2714.125,93.686,87.21986046,62.50629875,2.425,42.232,1.968,63.883
2714.25,93.928,87.21768544,62.5091775,2.427,42.552,1.944,63.969
2714.375,94.887,87.21551047,62.51205625,2.431,42.078,1.927,64.002
2714.5,95.413,87.21333556,62.514935,2.437,41.514,1.908,63.647
2714.625,95.796,87.21116071,62.51781375,2.448,41.014,1.886,63.08
2714.75,95.923,87.20898591,62.5206925,2.459,41,1.858,62.098
2714.875,96.162,87.20681116,62.52357125,2.464,41.306,1.834,61.163
2715,97.091,87.20463647,62.52645,2.467,41.602,1.807,60.581
2715.125,98.295,87.20246183,62.52932875,2.464,41.846,1.78,60.368
2715.25,100.044,87.20028724,62.5322075,2.454,42.039,1.755,61.074
2715.375,101.498,87.19811271,62.53508625,2.443,41.58,1.742,62.089
2715.5,101.642,87.19593824,62.537965,2.429,41.29,1.74,62.878
2715.625,101.507,87.19376382,62.54084375,2.408,41.346,1.743,63.484
2715.75,100.555,87.19158945,62.5437225,2.391,41.096,1.754,63.648
2715.875,98.814,87.18941514,62.54660125,2.384,39.716,1.766,63.691
2716,97.163,87.18724088,62.54948,2.382,38.268,1.784,63.985
2716.125,95.451,87.18506667,62.55235875,2.387,37.079,1.804,64.333
2716.25,93.681,87.18289252,62.5552375,2.395,36.805,1.829,64.734
2716.375,92.436,87.18071843,62.55811625,2.4,37.594,1.85,65.056
2716.5,92.143,87.17854438,62.560995,2.401,38.279,1.873,65.538
2716.625,91.882,87.1763704,62.56387375,2.396,38.052,1.897,65.946
2716.75,91.719,87.17419646,62.5667525,2.387,36.793,1.918,65.975
2716.875,91.79,87.17202258,62.56963125,2.381,36.309,1.928,65.467
2717,92.036,87.16984876,62.57251,2.378,35.89,1.929,64.416
2717.125,92.561,87.16767499,62.57538875,2.378,36.485,1.929,63.367
2717.25,93.861,87.16550127,62.5782675,2.378,38.515,1.925,62.559
2717.375,96.14,87.16332761,62.58114625,2.377,40.836,1.915,62.274
2717.5,97.801,87.161154,62.584025,2.374,42.715,1.906,62.427
2717.625,98.951,87.15898045,62.58690375,2.368,42.78,1.897,62.778
2717.75,98.957,87.15680695,62.5897825,2.364,41.641,1.886,63.515
2717.875,98.066,87.1546335,62.59266125,2.365,40.7,1.876,64.149
2718,96.729,87.15246011,62.59554,2.368,40.077,1.869,64.158
2718.125,95.536,87.15028677,62.59841875,2.371,40.659,1.861,63.887
2718.25,94.62,87.14811349,62.6012975,2.371,41.991,1.846,63.103
2718.375,93.844,87.14594026,62.60417625,2.369,42.584,1.824,62.47
2718.5,94.275,87.14376708,62.607055,2.367,42.829,1.807,62.118
2718.625,94.97,87.14159396,62.60993375,2.368,41.932,1.788,61.862
2718.75,96.43,87.1394209,62.6128125,2.375,40.565,1.764,61.903
2718.875,98.98,87.13724788,62.61569125,2.382,39.738,1.742,62.266
2719,101.416,87.13507493,62.61857,2.39,39.103,1.733,63.558
2719.125,103.381,87.13290202,62.62144875,2.399,38.989,1.726,65.21
2719.25,104.188,87.13072917,62.6243275,2.405,38.937,1.722,67.338
2719.375,103.732,87.12855638,62.62720625,2.407,38.569,1.721,68.81
2719.5,101.343,87.12638364,62.630085,2.409,38.149,1.724,69.524
2719.625,99.097,87.12421095,62.63296375,2.413,37.823,1.729,69.979
2719.75,97.151,87.12203832,62.6358425,2.418,38.059,1.737,69.794
2719.875,95.316,87.11986574,62.63872125,2.42,39.113,1.749,69.308
2720,95.012,87.11769321,62.6416,2.421,40.158,1.76,68.261
2720.125,95.022,87.11552074,62.64447875,2.42,40.721,1.773,66.919
2720.25,95.816,87.11334833,62.6473575,2.416,40.481,1.79,65.151
2720.375,97.538,87.11117596,62.65023625,2.415,39.928,1.804,63.914
2720.5,99.271,87.10900366,62.653115,2.414,39.517,1.808,63.725
2720.625,100.493,87.1068314,62.65599375,2.416,39.567,1.811,63.888
2720.75,100.448,87.1046592,62.6588725,2.418,39.664,1.81,64.701
2720.875,99.14,87.10248706,62.66175125,2.419,39.104,1.805,65.352
2721,97.599,87.10031497,62.66463,2.42,38.417,1.806,65.765
2721.125,96.474,87.09814293,62.66750875,2.423,37.541,1.812,66.27
2721.25,96.305,87.09597095,62.6703875,2.427,36.987,1.835,67.005
2721.375,96.913,87.09379902,62.67326625,2.431,37.05,1.878,67.75
2721.5,97.579,87.09162714,62.676145,2.433,37.135,1.927,67.844
2721.625,97.949,87.08945532,62.67902375,2.433,36.803,1.986,67.393
2721.75,97.386,87.08728356,62.6819025,2.425,35.391,2.067,65.707
2721.875,95.249,87.08511184,62.68478125,2.416,32.96,2.153,63.814
2722,91.45,87.08294019,62.68766,2.403,30.605,2.209,62.263
2722.125,88.15,87.08076858,62.69053875,2.383,29.114,2.272,61.152
2722.25,86.231,87.07859703,62.6934175,2.368,28.933,2.355,61.282
2722.375,86.082,87.07642554,62.69629625,2.365,30.62,2.452,62.184
2722.5,88.622,87.0742541,62.699175,2.365,32.4,2.523,63.373
2722.625,90.77,87.07208271,62.70205375,2.372,33.759,2.597,64.38
2722.75,91.67,87.06991138,62.7049325,2.379,33.946,2.671,64.68
2722.875,90.79,87.0677401,62.70781125,2.383,33.084,2.718,64.217
2723,88.418,87.06556887,62.71069,2.386,32.2,2.712,63.28
2723.125,86.435,87.0633977,62.71356875,2.392,31.484,2.702,62.487
2723.25,85.391,87.06122659,62.7164475,2.399,31.102,2.683,62.302
2723.375,85.206,87.05905552,62.71932625,2.403,30.782,2.675,62.829
2723.5,86.027,87.05688452,62.722205,2.408,30.355,2.693,63.762
2723.625,86.619,87.05471356,62.72508375,2.416,29.343,2.716,64.59
2723.75,86.414,87.05254266,62.7279625,2.424,28.068,2.746,65.004
2723.875,84.845,87.05037182,62.73084125,2.429,26.753,2.763,65.017
2724.5,82.768,87.0395184,62.745235,2.449,28.391,2.568,66.83
2724.625,86.105,87.03734788,62.74811375,2.451,31.149,2.557,66.395
2724.75,89.671,87.03517741,62.7509925,2.452,33.716,2.567,65.474
2724.875,93.819,87.033007,62.75387125,2.452,34.123,2.59,64.682
2725,94.827,87.03083664,62.75675,2.452,33.968,2.594,63.718
2725.125,94.801,87.02866634,62.75962875,2.449,32.162,2.585,62.564
2725.25,92.339,87.02649609,62.7625075,2.445,29.74,2.537,61.147
2725.375,87.709,87.02432589,62.76538625,2.44,28.668,2.456,60.117
2725.5,85.774,87.02215575,62.768265,2.435,27.991,2.388,60.041
2725.625,85.324,87.01998566,62.77114375,2.429,29.395,2.316,60.504
2725.75,88.412,87.01781563,62.7740225,2.429,32.91,2.23,62.097
2725.875,94.763,87.01564565,62.77690125,2.433,36.586,2.141,63.684
2726,99.401,87.01347572,62.77978,2.439,39.748,2.075,64.905
2726.125,102.678,87.01130585,62.78265875,2.447,41.065,1.997,65.96
2726.25,103.2,87.00913603,62.7855375,2.453,41.554,1.883,66.527
2726.375,102.345,87.00696627,62.78841625,2.456,42.497,1.763,66.735
2726.5,101.236,87.00479656,62.791295,2.458,43.561,1.702,67.011
2726.625,100.313,87.0026269,62.79417375,2.457,44.775,1.647,67.262
2726.75,99.701,87.0004573,62.7970525,2.452,45.59,1.604,67.343
2726.875,99.098,86.99828776,62.79993125,2.447,44.818,1.579,67.163
2727,98.919,86.99611826,62.80281,2.441,43.845,1.578,66.934
2727.125,98.817,86.99394883,62.80568875,2.436,42.788,1.579,66.821
2727.25,98.844,86.99177944,62.8085675,2.434,42.483,1.582,67.047
2727.375,98.857,86.98961011,62.81144625,2.435,42.589,1.584,67.514
2727.5,98.921,86.98744083,62.814325,2.437,42.516,1.583,68.279
2727.625,99.052,86.98527161,62.81720375,2.442,41.874,1.583,69.099
2727.75,99.357,86.98310244,62.8200825,2.449,41.086,1.581,69.922
2727.875,99.834,86.98093333,62.82296125,2.454,40.918,1.581,70.516
2728,99.965,86.97876427,62.82584,2.459,40.899,1.581,71.051
2728.125,100.051,86.97659526,62.82871875,2.463,41.194,1.581,71.451
2728.25,100.208,86.97442631,62.8315975,2.465,41.488,1.578,71.375
2728.375,100.876,86.97225741,62.83447625,2.466,42.16,1.574,70.821
2728.5,102.017,86.97008857,62.837355,2.467,42.964,1.57,69.814
2728.625,102.934,86.96791978,62.84023375,2.466,44.077,1.566,68.836
2728.75,103.212,86.96575105,62.8431125,2.462,45.066,1.56,68.159
2728.875,102.678,86.96358236,62.84599125,2.457,45.193,1.554,68.008
2729,101.904,86.96141374,62.84887,2.449,45.096,1.55,67.981
2729.125,101.46,86.95924516,62.85174875,2.444,44.163,1.546,67.857
2729.25,101.837,86.95707664,62.8546275,2.442,42.704,1.539,67.516
2729.375,103.006,86.95490818,62.85750625,2.443,41.429,1.533,67.171
2729.5,103.994,86.95273977,62.860385,2.447,40.348,1.53,67.137
2729.625,104.653,86.95057141,62.86326375,2.455,39.906,1.528,67.376
2729.75,104.501,86.94840311,62.8661425,2.462,39.718,1.526,68.266
2729.875,103.53,86.94623486,62.86902125,2.468,39.717,1.526,69.352
2730,101.947,86.94406666,62.8719,2.473,39.794,1.529,70.401
2730.125,100.532,86.94189852,62.87477875,2.473,40.161,1.533,71.24
2730.25,99.489,86.93973044,62.8776575,2.472,40.607,1.542,71.386
2730.375,98.728,86.93756241,62.88053625,2.472,40.464,1.556,70.861
2730.5,98.78,86.93539443,62.883415,2.477,40.234,1.571,69.327
2730.625,98.848,86.9332265,62.88629375,2.485,39.915,1.59,67.573
2730.75,98.854,86.93105863,62.8891725,2.491,39.783,1.621,65.767
2730.875,98.568,86.92889082,62.89205125,2.497,39.67,1.659,64.914
2731,97.706,86.92672305,62.89493,2.508,39.46,1.692,64.973
2731.125,96.844,86.92455535,62.89780875,2.52,38.857,1.73,65.205
2731.25,95.922,86.92238769,62.9006875,2.528,38.007,1.787,65.712
2731.375,94.782,86.92022009,62.90356625,2.533,37.104,1.856,66.078
2731.5,93.995,86.91805255,62.906445,2.527,36.203,1.912,66.271
2731.625,93.29,86.91588505,62.90932375,2.506,35.327,1.975,66.33
2731.75,92.575,86.91371762,62.9122025,2.485,34.56,2.057,66.023
2731.875,91.333,86.91155023,62.91508125,2.466,33.816,2.147,65.503
2732,89.956,86.9093829,62.91796,2.448,32.972,2.206,65.069
2732.125,88.783,86.90721563,62.92083875,2.441,31.751,2.271,64.891
2732.25,88.028,86.9050484,62.9237175,2.441,30.305,2.351,65.391
2732.375,87.516,86.90288124,62.92659625,2.441,29.245,2.434,66.232
2732.5,87.639,86.90071412,62.929475,2.438,28.326,2.487,67.156
2732.625,87.777,86.89854706,62.93235375,2.432,27.922,2.543,67.925
2732.75,87.898,86.89638006,62.9352325,2.429,27.94,2.605,68.154
2732.875,87.914,86.89421311,62.93811125,2.428,28.429,2.657,67.844
2733,87.657,86.89204621,62.94099,2.427,29.014,2.668,67.162
2733.125,87.354,86.88987937,62.94386875,2.425,29.668,2.667,66.582
2733.25,86.907,86.88771258,62.9467475,2.42,29.801,2.632,66.455
2733.375,86.257,86.88554584,62.94962625,2.415,29.39,2.567,66.891
2733.5,86.238,86.88337916,62.952505,2.408,29.085,2.502,67.878
2733.625,86.52,86.88121253,62.95538375,2.405,29.616,2.429,68.83
2733.75,87.634,86.87904596,62.9582625,2.407,31.25,2.332,69.412
2733.875,89.796,86.87687944,62.96114125,2.412,33.334,2.229,69.315
2734,91.655,86.87471298,62.96402,2.421,35.173,2.165,68.772
2734.125,93.089,86.87254656,62.96689875,2.428,35.611,2.098,68.296
2734.25,93.664,86.87038021,62.9697775,2.43,34.856,2.018,68.185
2734.375,93.836,86.8682139,62.97265625,2.431,34.172,1.937,68.637
2734.5,93.83,86.86604766,62.975535,2.434,33.665,1.898,70.101
2734.625,93.9,86.86388146,62.97841375,2.439,33.708,1.864,71.765
2734.75,94.184,86.86171532,62.9812925,2.443,33.877,1.84,73.396
2734.875,94.725,86.85954923,62.98417125,2.446,34.131,1.834,73.925
2735,95.162,86.8573832,62.98705,2.447,34.467,1.85,72.974
2735.125,95.525,86.85521722,62.98992875,2.448,35.059,1.875,71.772
2735.25,95.76,86.85305129,62.9928075,2.449,35.764,1.926,70.378
2735.375,95.984,86.85088542,62.99568625,2.452,35.714,1.997,69.648
2735.5,95.645,86.84871961,62.998565,2.459,35.43,2.055,68.9
2735.625,95.09,86.84655384,63.00144375,2.467,34.35,2.123,67.893
2735.75,93.862,86.84438814,63.0043225,2.469,32.771,2.214,66.448
2735.875,91.608,86.84222248,63.00720125,2.469,31.195,2.31,65.325
2736,89.621,86.84005688,63.01008,2.463,29.72,2.363,64.604
2736.125,88.098,86.83789133,63.01295875,2.456,28.864,2.412,63.974
2736.25,87.616,86.83572584,63.0158375,2.452,28.505,2.451,63.638
2736.375,87.989,86.8335604,63.01871625,2.451,28.65,2.468,63.643
2736.5,89.3,86.83139502,63.021595,2.451,28.917,2.449,64.492
2736.625,90.532,86.82922968,63.02447375,2.452,29.81,2.417,65.638
2736.75,91.662,86.82706441,63.0273525,2.453,31.316,2.353,67.15
2736.875,92.966,86.82489918,63.03023125,2.454,32.979,2.268,68.053
2737,93.829,86.82273402,63.03311,2.458,34.512,2.206,68.084
2737.125,94.521,86.8205689,63.03598875,2.462,35.529,2.142,67.868
2737.25,94.895,86.81840384,63.0388675,2.466,36.263,2.069,67.218
2737.375,95.159,86.81623883,63.04174625,2.468,36.622,2.003,66.747
2737.5,95.056,86.81407388,63.044625,2.469,36.847,1.971,66.688
2737.625,94.941,86.81190898,63.04750375,2.466,36.579,1.941,66.735
2737.75,94.845,86.80974414,63.0503825,2.461,36.067,1.913,66.997
2737.875,94.862,86.80757935,63.05326125,2.456,35.953,1.893,67.319
2738,94.901,86.80541461,63.05614,2.445,35.933,1.887,68.19
2738.125,94.903,86.80324993,63.05901875,2.434,36.38,1.882,69.314
2738.25,94.813,86.8010853,63.0618975,2.428,37.109,1.881,70.744
2738.375,94.648,86.79892072,63.06477625,2.424,37.343,1.882,71.592
2738.5,94.789,86.7967562,63.067655,2.423,37.413,1.887,71.528
2738.625,95.007,86.79459173,63.07053375,2.427,37.232,1.895,71.282
2738.75,95.382,86.79242732,63.0734125,2.43,37.377,1.911,70.799
2738.875,95.847,86.79026296,63.07629125,2.43,37.801,1.935,70.595
2739,96.118,86.78809866,63.07917,2.424,38.091,1.96,70.693
2739.125,96.301,86.7859344,63.08204875,2.409,37.71,1.99,70.797
2739.25,96.212,86.78377021,63.0849275,2.395,36.722,2.033,70.85
2739.375,95.672,86.78160606,63.08780625,2.381,35.45,2.082,70.77
2739.5,94.4,86.77944197,63.090685,2.363,34.329,2.117,70.392
2739.625,93.17,86.77727794,63.09356375,2.351,33.896,2.156,69.822
2739.75,92.015,86.77511396,63.0964425,2.346,33.968,2.206,68.875
2739.875,90.875,86.77295003,63.09932125,2.342,33.835,2.257,67.999
2740,90.807,86.77078616,63.1022,2.333,33.497,2.285,67.407
2740.125,90.886,86.76862234,63.10507875,2.323,32.562,2.313,67.135
2740.25,91.178,86.76645857,63.1079575,2.318,31.595,2.34,67.738
2740.375,91.349,86.76429486,63.11083625,2.317,31.542,2.36,68.834
2740.5,90.966,86.7621312,63.113715,2.328,31.73,2.368,70.159
2740.625,90.591,86.7599676,63.11659375,2.353,32.5,2.375,71.344
2740.75,90.278,86.75780405,63.1194725,2.376,33.197,2.379,71.961
2740.875,90.103,86.75564055,63.12235125,2.399,33.047,2.377,71.948
2741,90.054,86.75347711,63.12523,2.426,32.723,2.367,71.659
2741.125,89.942,86.75131372,63.12810875,2.44,32.02,2.353,71.328
2741.25,89.678,86.74915039,63.1309875,2.442,31.354,2.329,70.927
2741.375,89.335,86.74698711,63.13386625,2.44,31.206,2.301,70.567
2741.5,89.804,86.74482388,63.136745,2.434,31.225,2.289,70.227
2741.625,90.502,86.74266071,63.13962375,2.428,31.745,2.278,69.932
2741.75,91.788,86.74049759,63.1425025,2.423,32.445,2.272,69.812
2741.875,93.698,86.73833453,63.14538125,2.419,33.021,2.268,69.929
2742,94.576,86.73617152,63.14826,2.413,33.51,2.264,70.76
2742.125,95.022,86.73400856,63.15113875,2.41,33.607,2.26,71.861
2742.25,94.543,86.73184566,63.1540175,2.41,33.33,2.256,73.226
2742.375,93.458,86.72968281,63.15689625,2.412,32.638,2.257,73.767
2742.5,92.789,86.72752002,63.159775,2.417,31.874,2.268,72.453
2742.625,92.33,86.72535728,63.16265375,2.42,30.885,2.282,70.696
2742.75,92.174,86.72319459,63.1655325,2.421,29.816,2.302,68.56
2742.875,91.792,86.72103196,63.16841125,2.421,29.266,2.321,67.684
2743,91.002,86.71886938,63.17129,2.419,28.892,2.325,68.33
2743.125,90.334,86.71670685,63.17416875,2.42,29.204,2.328,69.212
2743.25,90.069,86.71454438,63.1770475,2.423,29.872,2.324,70.335
2743.375,90.466,86.71238197,63.17992625,2.429,30.619,2.318,71.006
2743.5,91.691,86.7102196,63.182805,2.439,31.321,2.312,71.554
2743.625,92.754,86.70805729,63.18568375,2.447,31.831,2.306,72.081
2743.75,93.354,86.70589504,63.1885625,2.449,32.24,2.297,72.447
2743.875,93.339,86.70373284,63.19144125,2.45,32.764,2.286,72.519
2744,92.222,86.70157069,63.19432,2.448,33.33,2.276,72.313
2744.125,91.117,86.6994086,63.19719875,2.445,33.947,2.266,72.042
2744.25,90.046,86.69724656,63.2000775,2.443,34.527,2.255,71.686
2744.375,89.001,86.69508457,63.20295625,2.443,34.742,2.248,71.434
2744.5,88.657,86.69292264,63.205835,2.444,34.778,2.25,71.307
2744.625,88.404,86.69076076,63.20871375,2.448,34.286,2.254,71.224
2744.75,88.27,86.68859894,63.2115925,2.453,33.764,2.264,71.24
2744.875,88.031,86.68643717,63.21447125,2.459,33.557,2.278,71.268
2745,87.745,86.68427545,63.21735,2.467,33.39,2.292,71.322
2745.125,87.513,86.68211379,63.22022875,2.471,33.129,2.31,71.42
2745.25,87.442,86.67995218,63.2231075,2.47,32.432,2.341,71.613
2745.375,87.615,86.67779063,63.22598625,2.469,31.327,2.381,71.805
2745.5,87.857,86.67562913,63.228865,2.465,30.331,2.41,71.947
2745.625,87.942,86.67346768,63.23174375,2.463,30.153,2.439,72.04
2745.75,87.528,86.67130629,63.2346225,2.462,30.867,2.466,72.025
2745.875,86.343,86.66914495,63.23750125,2.46,32.041,2.484,72.022
2746,85.173,86.66698366,63.24038,2.455,33.17,2.484,72.339
2746.125,84.417,86.66482243,63.24325875,2.447,33.93,2.482,72.793
2746.25,84.738,86.66266126,63.2461375,2.442,34.29,2.474,73.439
2746.375,86.279,86.66050013,63.24901625,2.439,34.242,2.459,73.843
2746.5,88.262,86.65833906,63.251895,2.441,34.097,2.439,73.745
2746.625,89.877,86.65617805,63.25477375,2.45,33.7,2.414,73.472
2746.75,90.652,86.65401709,63.2576525,2.459,33.34,2.373,72.877
2746.875,90.744,86.65185618,63.26053125,2.468,33.409,2.328,72.343
2747,89.987,86.64969533,63.26341,2.479,33.504,2.305,71.694
2747.125,89.321,86.64753453,63.26628875,2.485,33.506,2.284,71.006
2747.25,88.913,86.64537378,63.2691675,2.485,33.291,2.27,70.358
2747.375,88.81,86.64321309,63.27204625,2.485,32.886,2.268,69.997
2747.5,88.984,86.64105245,63.274925,2.485,32.475,2.279,69.661
2747.625,89.055,86.63889186,63.27780375,2.485,32.124,2.294,69.173
2747.75,88.81,86.63673133,63.2806825,2.486,31.895,2.323,68.358
2747.875,88.119,86.63457086,63.28356125,2.486,31.642,2.358,67.585
2748,87.16,86.63241044,63.28644,2.484,31.361,2.386,67.361
2748.125,86.25,86.63025007,63.28931875,2.481,31.051,2.418,67.51
2748.25,85.357,86.62808975,63.2921975,2.48,30.829,2.458,68.465
2748.375,84.282,86.62592949,63.29507625,2.481,30.797,2.501,69.482
2748.5,84.132,86.62376928,63.297955,2.486,30.791,2.534,70.208
2748.625,84.258,86.62160913,63.30083375,2.491,30.89,2.573,70.841
2748.75,84.984,86.61944903,63.3037125,2.493,31.058,2.629,71.258
2748.875,86.104,86.61728898,63.30659125,2.493,31.364,2.692,71.584
2749,86.219,86.61512899,63.30947,2.491,31.706,2.729,71.545
2749.125,85.999,86.61296906,63.31234875,2.487,32.029,2.764,71.101
2749.25,85.027,86.61080917,63.3152275,2.484,32.1,2.791,69.707
2749.375,83.524,86.60864934,63.31810625,2.482,31.467,2.807,68.095
2749.5,83.447,86.60648956,63.320985,2.483,30.719,2.819,66.741
2749.625,83.869,86.60432984,63.32386375,2.485,29.535,2.84,65.677
2749.75,85.401,86.60217017,63.3267425,2.489,28.367,2.89,65.372
2749.875,87.679,86.60001056,63.32962125,2.494,27.688,2.966,65.378
2750,87.526,86.597851,63.3325,2.506,27.273,3.031,64.666
2750.125,86.635,86.59569149,63.33537875,2.521,27.781,3.098,63.587
2750.25,84.084,86.59353204,63.3382575,2.53,28.655,3.167,61.915
2751,82.952,86.58057645,63.35553,2.476,27.833,3.355,64.659
2751.125,83.515,86.57841737,63.35840875,2.459,27.939,3.373,66.892
2751.25,83.237,86.57625835,63.3612875,2.453,27.608,3.362,69.11
2751.375,82.582,86.57409938,63.36416625,2.452,27.123,3.312,70.291
2752.125,84.244,86.5611467,63.38143875,2.465,30.809,2.793,68.277
2752.25,87.23,86.55898811,63.3843175,2.471,33.205,2.763,68.532
2752.375,91.889,86.55682957,63.38719625,2.477,35.257,2.753,67.999
2752.5,94.687,86.55467109,63.390075,2.481,36.893,2.751,66.332
2752.625,96.29,86.55251266,63.39295375,2.481,36.714,2.744,64.579
2752.75,94.993,86.55035428,63.3958325,2.478,35.094,2.721,63.141
2752.875,90.86,86.54819596,63.39871125,2.475,33.079,2.685,62.845
2753,87.025,86.54603769,63.40159,2.472,31.255,2.658,63.641
2753.125,84.385,86.54387948,63.40446875,2.471,30.409,2.629,64.526
2753.25,84.563,86.54172132,63.4073475,2.47,30.597,2.595,65.346
2753.375,87.26,86.53956321,63.41022625,2.47,31.892,2.557,65.727
2753.5,91.066,86.53740515,63.413105,2.47,33.264,2.52,66.575
2753.625,94.334,86.53524715,63.41598375,2.47,34.71,2.474,67.781
2753.75,96.523,86.53308921,63.4188625,2.471,35.969,2.404,69.62
2753.875,98.177,86.53093132,63.42174125,2.471,36.786,2.328,71.203
2754,97.212,86.52877348,63.42462,2.471,37.43,2.288,72.574
2754.125,95.819,86.52661569,63.42749875,2.471,37.443,2.251,73.673
2754.25,93.407,86.52445796,63.4303775,2.47,37.134,2.219,73.832
2754.375,90.015,86.52230029,63.43325625,2.471,36.711,2.199,73.04
2754.5,88.302,86.52014266,63.436135,2.475,36.278,2.195,71.263
2754.625,87.201,86.5179851,63.43901375,2.487,35.69,2.192,69.485
2754.75,87.307,86.51582758,63.4418925,2.501,34.887,2.194,68.198
2754.875,87.987,86.51367012,63.44477125,2.516,34.484,2.197,68.039
2755,88.517,86.51151271,63.44765,2.53,34.315,2.195,68.651
2755.125,88.867,86.50935536,63.45052875,2.521,35.151,2.187,69.206
2755.25,88.846,86.50719806,63.4534075,2.496,36.608,2.161,69.368
2755.375,88.658,86.50504081,63.45628625,2.463,37.56,2.118,68.908
2755.5,88.892,86.50288362,63.459165,2.41,38.291,2.077,67.921
2755.625,89.381,86.50072648,63.46204375,2.367,38.423,2.032,67.076
2755.75,90.68,86.49856939,63.4649225,2.347,38.609,1.975,66.89
2755.875,93.21,86.49641236,63.46780125,2.335,39.592,1.919,67.551
2756,95.428,86.49425539,63.47068,2.331,40.74,1.892,68.982
2756.125,97.104,86.49209846,63.47355875,2.34,42.161,1.863,70.387
2756.25,97.601,86.48994159,63.4764375,2.353,43.289,1.83,71.367
2756.375,97.253,86.48778478,63.47931625,2.37,44.007,1.796,71.52
2756.5,96.499,86.48562801,63.482195,2.397,44.631,1.779,71.071
2756.625,96.124,86.48347131,63.48507375,2.419,44.803,1.763,70.477
2756.75,96.867,86.48131465,63.4879525,2.429,44.634,1.754,69.634
2756.875,99.124,86.47915805,63.49083125,2.436,44.662,1.757,68.863
2757,101.747,86.4770015,63.49371,2.441,44.843,1.772,67.896
2757.125,103.763,86.47484501,63.49658875,2.446,45.49,1.791,66.928
2757.25,104.258,86.47268857,63.4994675,2.449,46.319,1.82,66.174
2757.375,103.177,86.47053218,63.50234625,2.455,46.275,1.849,65.911
2757.5,100.655,86.46837585,63.505225,2.466,45.935,1.863,65.907
2757.625,98.335,86.46621957,63.50810375,2.482,44.833,1.876,65.897
2757.75,96.332,86.46406335,63.5109825,2.497,43.645,1.886,65.815
2757.875,94.206,86.46190718,63.51386125,2.515,42.791,1.894,65.596
2758,93.73,86.45975106,63.51674,2.543,42.03,1.894,65.017
2758.125,93.666,86.457595,63.51961875,2.563,41.697,1.892,64.305
2758.25,94.565,86.45543899,63.5224975,2.562,41.805,1.882,63.416
2758.375,96.379,86.45328303,63.52537625,2.547,42.127,1.864,62.775
2758.5,98.09,86.45112713,63.528255,2.507,42.445,1.845,62.457
2758.625,99.532,86.44897128,63.53113375,2.467,42.606,1.823,62.252
2758.75,100.549,86.44681549,63.5340125,2.452,42.462,1.794,62.324
2758.875,101.698,86.44465975,63.53689125,2.448,42.34,1.768,62.545
2759,102.387,86.44250406,63.53977,2.459,42.295,1.762,63.169
2759.125,102.783,86.44034843,63.54264875,2.474,42.465,1.761,63.944
2759.25,102.096,86.43819285,63.5455275,2.481,42.573,1.776,64.828
2759.375,99.049,86.43603732,63.54840625,2.483,41.721,1.805,65.165
2759.5,97.745,86.43388185,63.551285,2.482,40.631,1.836,64.303
2759.625,96.432,86.43172643,63.55416375,2.481,38.861,1.87,63.088
2759.75,95.04,86.42957107,63.5570425,2.48,36.988,1.915,61.48
2759.875,93.668,86.42741576,63.55992125,2.479,36.419,1.963,60.725
2760,92.727,86.4252605,63.5628,2.476,36.245,1.994,61.274
2760.125,91.774,86.4231053,63.56567875,2.475,37.196,2.028,62.004
2760.25,90.894,86.42095015,63.5685575,2.475,38.411,2.069,62.766
2760.375,90.505,86.41879505,63.57143625,2.477,39.165,2.109,62.745
2760.5,91.073,86.41664001,63.574315,2.479,39.789,2.126,61.733
2760.625,91.844,86.41448502,63.57719375,2.479,40.045,2.14,60.689
2760.75,92.988,86.41233009,63.5800725,2.478,40.267,2.145,59.931
2760.875,93.83,86.41017521,63.58295125,2.478,40.375,2.142,59.907
2761,93.606,86.40802038,63.58583,2.48,40.301,2.134,60.133
2761.125,93.36,86.40586561,63.58870875,2.482,39.522,2.125,60.325
2761.25,93.273,86.40371089,63.5915875,2.483,38.463,2.116,60.459
2761.375,93.838,86.40155622,63.59446625,2.484,37.93,2.109,60.661
2761.5,94.806,86.39940161,63.597345,2.485,37.614,2.112,61.121
2761.625,95.769,86.39724705,63.60022375,2.487,38.13,2.117,61.595
2761.75,96.654,86.39509255,63.6031025,2.49,39.218,2.128,61.988
2761.875,97.251,86.3929381,63.60598125,2.495,39.991,2.144,62.154
2762,97.447,86.3907837,63.60886,2.505,40.542,2.153,62.092
2762.125,97.447,86.38862936,63.61173875,2.515,40.39,2.161,61.783
2762.25,96.808,86.38647507,63.6146175,2.518,39.864,2.162,60.849
2762.375,95.486,86.38432083,63.61749625,2.518,38.841,2.156,59.701
2762.5,94.689,86.38216665,63.620375,2.51,37.781,2.147,58.883
2762.625,94.194,86.38001252,63.62325375,2.499,36.764,2.136,58.527
2762.75,94.535,86.37785845,63.6261325,2.493,36.025,2.12,59.394
2762.875,95.526,86.37570443,63.62901125,2.489,36.364,2.102,60.913
2763,95.999,86.37355046,63.63189,2.484,36.966,2.086,63.284
2763.125,96.36,86.37139655,63.63476875,2.476,38.178,2.066,65.803
2763.25,96.557,86.36924269,63.6376475,2.469,39.194,2.038,68.1
2763.375,96.947,86.36708888,63.64052625,2.462,39.419,2.007,69.084
2763.5,97.606,86.36493513,63.643405,2.453,39.539,1.988,68.709
2763.625,98.199,86.36278143,63.64628375,2.446,39.324,1.968,68.141
2763.75,98.44,86.36062778,63.6491625,2.442,38.855,1.946,67.425
2763.875,97.95,86.35847419,63.65204125,2.44,38.149,1.927,67.215
2764,97.247,86.35632065,63.65492,2.44,37.541,1.918,67.298
2764.125,96.621,86.35416717,63.65779875,2.444,37.555,1.908,67.332
2764.25,96.229,86.35201374,63.6606775,2.45,38.221,1.895,67.279
2764.375,96.098,86.34986036,63.66355625,2.455,39.19,1.88,67.366
2764.5,95.96,86.34770704,63.666435,2.463,40.053,1.869,67.992
2764.625,95.829,86.34555377,63.66931375,2.468,40.548,1.857,68.628
2764.75,95.786,86.34340056,63.6721925,2.473,41.044,1.844,69.007
2764.875,95.982,86.3412474,63.67507125,2.479,41.627,1.832,68.724
2765,96.086,86.33909429,63.67795,2.487,42.116,1.83,67.96
2765.125,96.04,86.33694123,63.68082875,2.495,41.962,1.829,67.422
2765.25,95.562,86.33478823,63.6837075,2.499,41.105,1.831,67.651
2765.375,94.759,86.33263529,63.68658625,2.502,39.761,1.837,68.487
2765.5,94.317,86.33048239,63.689465,2.506,38.998,1.842,69.286
2765.625,93.996,86.32832955,63.69234375,2.508,39.31,1.848,69.804
2765.75,94.005,86.32617677,63.6952225,2.508,39.231,1.857,69.553
2765.875,94.296,86.32402403,63.69810125,2.509,38.323,1.869,68.868
2766,94.564,86.32187136,63.70098,2.509,37.331,1.882,67.567
2766.125,94.816,86.31971873,63.70385875,2.508,36.38,1.897,65.964
2766.25,94.981,86.31756616,63.7067375,2.507,35.9,1.919,63.923
2766.375,94.909,86.31541364,63.70961625,2.505,35.743,1.945,62.376
2766.5,94.375,86.31326118,63.712495,2.502,35.483,1.963,61.397
2766.625,93.613,86.31110877,63.71537375,2.5,34.815,1.984,60.614
2766.75,92.303,86.30895641,63.7182525,2.5,33.96,2.011,60.338
2766.875,90.933,86.30680411,63.72113125,2.502,33.274,2.041,60.346
2767,90.571,86.30465186,63.72401,2.504,32.692,2.063,60.535
2767.125,90.38,86.30249966,63.72688875,2.506,32.58,2.089,60.769
2767.25,90.618,86.30034752,63.7297675,2.506,32.957,2.123,61.027
2767.375,91.148,86.29819544,63.73264625,2.506,33.909,2.161,61.126
2767.5,91.544,86.2960434,63.735525,2.507,34.834,2.185,61.149
2767.625,91.859,86.29389142,63.73840375,2.509,35.249,2.21,61.222
2767.75,91.897,86.29173949,63.7412825,2.509,34.776,2.235,61.451
2767.875,91.524,86.28958762,63.74416125,2.509,33.608,2.255,61.825
2768,91.038,86.2874358,63.74704,2.507,32.512,2.263,62.684
2768.125,90.583,86.28528403,63.74991875,2.504,31.842,2.271,63.661
2768.25,90.226,86.28313232,63.7527975,2.502,31.612,2.28,64.65
2768.375,90.001,86.28098066,63.75567625,2.501,31.655,2.292,65.088
2768.5,89.788,86.27882906,63.758555,2.5,31.694,2.303,65.073
2768.625,89.531,86.27667751,63.76143375,2.499,31.764,2.315,65.168
2768.75,89.198,86.27452601,63.7643125,2.498,32.004,2.328,65.655
2768.875,88.959,86.27237456,63.76719125,2.497,32.639,2.339,66.475
2769,88.958,86.27022317,63.77007,2.497,33.301,2.344,67.331
2769.125,89.01,86.26807184,63.77294875,2.497,33.845,2.35,67.936
2769.25,89.221,86.26592055,63.7758275,2.497,33.975,2.359,67.784
2769.375,89.605,86.26376932,63.77870625,2.496,33.379,2.371,67.081
2769.5,89.994,86.26161815,63.781585,2.493,32.765,2.382,65.948
2769.625,90.375,86.25946703,63.78446375,2.489,32.397,2.394,64.817
2769.75,90.677,86.25731596,63.7873425,2.488,32.484,2.408,63.931
2769.875,90.731,86.25516494,63.79022125,2.489,32.715,2.423,63.604
2770,90.585,86.25301398,63.7931,2.491,32.863,2.432,63.564
2770.125,90.427,86.25086307,63.79597875,2.491,32.669,2.444,63.549
2770.25,90.228,86.24871222,63.7988575,2.49,32.224,2.459,63.589
2770.375,89.984,86.24656142,63.80173625,2.489,31.76,2.477,63.671
2770.5,89.538,86.24441067,63.804615,2.487,31.334,2.491,63.865
2770.625,88.821,86.24225998,63.80749375,2.486,31.026,2.505,64.051
2770.75,87.322,86.24010934,63.8103725,2.486,30.791,2.518,64.128
2770.875,85.28,86.23795875,63.81325125,2.487,30.581,2.527,63.97
2771,84.193,86.23580822,63.81613,2.488,30.339,2.525,63.568
2771.125,83.504,86.23365774,63.81900875,2.491,30.067,2.519,63.274
2771.25,84.002,86.23150732,63.8218875,2.493,29.976,2.505,63.413
2771.375,85.724,86.22935695,63.82476625,2.495,30.808,2.485,64.055
2771.5,87.199,86.22720663,63.827645,2.5,31.81,2.469,65.237
2771.625,88.566,86.22505636,63.83052375,2.505,33.004,2.452,66.355
2771.75,89.613,86.22290615,63.8334025,2.508,33.635,2.427,67.056
2771.875,90.168,86.220756,63.83628125,2.51,33.269,2.398,67.188
2772,90.344,86.21860589,63.83916,2.509,32.929,2.375,67.498
2772.125,90.528,86.21645584,63.84203875,2.504,32.981,2.349,67.943
2772.25,90.742,86.21430585,63.8449175,2.499,33.448,2.312,68.521
2772.375,90.997,86.2121559,63.84779625,2.491,33.724,2.27,68.737
2772.5,91.475,86.21000602,63.850675,2.478,33.955,2.24,68.521
2772.625,92.156,86.20785618,63.85355375,2.468,34.358,2.208,68.303
2772.75,93.33,86.2057064,63.8564325,2.464,35.377,2.17,68.201
2772.875,94.57,86.20355667,63.85931125,2.463,36.732,2.132,68.347
2773,94.835,86.201407,63.86219,2.465,37.873,2.111,68.748
2773.125,94.908,86.19925738,63.86506875,2.467,37.916,2.088,69.28
2773.25,94.549,86.19710781,63.8679475,2.469,37.096,2.058,70.104
2773.375,94.083,86.19495829,63.87082625,2.471,36.487,2.026,71.021
2773.5,94.08,86.19280883,63.873705,2.477,36.061,2.007,72.255
2773.625,94.217,86.19065943,63.87658375,2.483,36.206,1.989,73.35
2773.75,94.714,86.18851008,63.8794625,2.487,36.644,1.969,73.773
2773.875,95.41,86.18636078,63.88234125,2.489,37.143,1.954,73.293
2774,95.8,86.18421153,63.88522,2.491,37.543,1.949,72.134
2774.125,96.095,86.18206234,63.88809875,2.49,37.473,1.945,71.075
2774.25,96.113,86.1799132,63.8909775,2.488,36.914,1.94,70.572
2774.375,95.846,86.17776412,63.89385625,2.485,36.315,1.936,70.849
2774.5,95.681,86.17561508,63.896735,2.486,35.869,1.934,71.575
2774.625,95.615,86.17346611,63.89961375,2.496,36.022,1.932,72.214
2774.75,95.797,86.17131718,63.9024925,2.51,36.548,1.931,72.46
2774.875,96.097,86.16916831,63.90537125,2.528,36.48,1.931,72.208
2775,96.036,86.1670195,63.90825,2.551,36.152,1.933,71.582
2775.125,95.838,86.16487073,63.91112875,2.56,35.316,1.936,70.985
2775.25,95.325,86.16272202,63.9140075,2.552,34.799,1.939,70.6
2775.375,94.764,86.16057337,63.91688625,2.537,35.144,1.944,70.522
2775.5,94.672,86.15842476,63.919765,2.508,35.546,1.946,70.299
2775.625,94.701,86.15627622,63.92264375,2.482,36.024,1.947,70
2775.75,95.043,86.15412772,63.9255225,2.469,36.471,1.944,69.672
2775.875,95.582,86.15197928,63.92840125,2.458,37.066,1.938,69.695
2776,96.021,86.14983089,63.93128,2.445,37.709,1.931,70.615
2776.125,96.466,86.14768256,63.93415875,2.434,38.338,1.925,71.907
2776.25,96.874,86.14553427,63.9370375,2.431,38.609,1.918,73.796
2776.375,97.028,86.14338605,63.93991625,2.431,38.151,1.913,75.267
2776.5,96.704,86.14123787,63.942795,2.437,37.594,1.914,76.024
2776.625,96.306,86.13908975,63.94567375,2.448,36.662,1.917,76.462
2776.75,95.798,86.13694169,63.9485525,2.456,35.449,1.921,76.154
2776.875,95.482,86.13479367,63.95143125,2.46,34.187,1.928,75.623
2777,95.343,86.13264571,63.95431,2.458,32.956,1.934,75.392
2777.125,95.051,86.13049781,63.95718875,2.451,31.888,1.94,75.393
2777.25,94.33,86.12834995,63.9600675,2.445,31.069,1.949,75.926
2777.375,93.364,86.12620216,63.96294625,2.441,31.233,1.959,76.568
2777.5,92.966,86.12405441,63.965825,2.438,31.65,1.967,76.935
2777.625,92.688,86.12190672,63.96870375,2.436,32.768,1.974,76.985
2777.75,92.672,86.11975908,63.9715825,2.435,33.887,1.981,76.239
2777.875,92.723,86.1176115,63.97446125,2.433,34.165,1.985,75.188
2778,92.702,86.11546396,63.97734,2.43,34.313,1.983,74.052
2778.125,92.718,86.11331649,63.98021875,2.428,34.331,1.98,72.942
2778.25,92.868,86.11116906,63.9830975,2.429,34.634,1.971,72.062
2778.375,93.177,86.10902169,63.98597625,2.433,35.089,1.959,71.661
2778.5,93.461,86.10687437,63.988855,2.439,35.514,1.95,71.969
2778.625,93.759,86.10472711,63.99173375,2.441,35.947,1.943,72.57
2778.75,94.084,86.1025799,63.9946125,2.437,36.567,1.937,73.687
2778.875,94.359,86.10043275,63.99749125,2.427,37.512,1.936,74.546
2779,94.405,86.09828564,64.00037,2.408,38.358,1.944,74.394
2779.125,94.371,86.09613859,64.00324875,2.387,38.404,1.955,73.736
2779.25,94.097,86.0939916,64.0061275,2.375,37.447,1.976,72.084
2779.375,93.589,86.09184466,64.00900625,2.366,36.085,2.004,70.544
2779.5,93.098,86.08969777,64.011885,2.36,34.889,2.025,68.851
2779.625,92.581,86.08755093,64.01476375,2.36,34.417,2.048,66.966
2779.75,92.027,86.08540415,64.0176425,2.361,34.348,2.079,64.923
2779.875,91.619,86.08325742,64.02052125,2.362,33.978,2.111,63.551
2780,91.579,86.08111075,64.0234,2.355,33.528,2.13,63.418
2780.125,91.548,86.07896413,64.02627875,2.342,33.034,2.15,63.799
2780.25,91.506,86.07681756,64.0291575,2.332,32.849,2.168,65.094
2780.375,91.395,86.07467105,64.03203625,2.325,32.903,2.177,65.944
2780.5,91.322,86.07252459,64.034915,2.322,32.953,2.172,65.542
2780.625,91.309,86.07037818,64.03779375,2.329,33.064,2.163,64.993
2780.75,91.5,86.06823183,64.0406725,2.337,33.361,2.141,64.496
2780.875,91.967,86.06608553,64.04355125,2.345,33.741,2.113,64.762
2781,92.543,86.06393928,64.04643,2.349,33.995,2.094,65.717
2781.125,93.207,86.06179309,64.04930875,2.342,33.749,2.074,66.562
2781.25,94.07,86.05964695,64.0521875,2.332,33.406,2.051,66.871
2781.375,94.864,86.05750086,64.05506625,2.322,34.067,2.029,66.531
2781.5,95.117,86.05535483,64.057945,2.31,34.97,2.018,66.056
2781.625,95.305,86.05320885,64.06082375,2.304,36.274,2.007,65.728
2781.75,95.325,86.05106293,64.0637025,2.303,37.136,1.995,65.78
2781.875,95.194,86.04891705,64.06658125,2.302,36.746,1.984,65.95
2782,95.07,86.04677124,64.06946,2.304,36.164,1.98,65.724
2782.125,95.027,86.04462547,64.07233875,2.307,35.245,1.976,65.387
2782.25,95.254,86.04247976,64.0752175,2.31,34.541,1.975,65.012
2782.375,95.787,86.0403341,64.07809625,2.314,34.673,1.979,65.158
2782.5,96.228,86.0381885,64.080975,2.321,34.988,1.986,66.336
2782.625,96.6,86.03604295,64.08385375,2.331,35.702,1.994,67.702
2782.75,96.764,86.03389745,64.0867325,2.339,36.192,2.006,69.106
2782.875,96.692,86.03175201,64.08961125,2.35,35.642,2.016,69.691
2783,96.587,86.02960662,64.09249,2.369,34.983,2.021,69.555
2783.125,96.501,86.02746128,64.09536875,2.386,34.329,2.025,69.467
2783.25,96.459,86.025316,64.0982475,2.39,34.179,2.028,69.677
2783.375,96.438,86.02317077,64.10112625,2.388,35.052,2.028,70.307
2783.5,96.424,86.02102559,64.104005,2.377,36.032,2.027,71.113
2783.625,96.429,86.01888047,64.10688375,2.365,36.924,2.024,71.697
2783.75,96.515,86.0167354,64.1097625,2.362,37.07,2.018,71.596
2783.875,96.729,86.01459038,64.11264125,2.364,36.484,2.008,71.016
2784,97.019,86.01244542,64.11552,2.374,35.968,1.997,70.52
2784.125,97.372,86.01030051,64.11839875,2.381,35.897,1.984,70.221
2784.25,97.844,86.00815566,64.1212775,2.379,36.265,1.967,70.395
2784.375,98.186,86.00601086,64.12415625,2.372,36.386,1.95,70.693
2784.5,97.924,86.00386611,64.127035,2.355,36.314,1.941,70.872
2784.625,97.466,86.00172141,64.12991375,2.338,35.727,1.931,71.05
2784.75,96.533,85.99957677,64.1327925,2.329,35.134,1.92,71.257
2784.875,95.489,85.99743219,64.13567125,2.322,35.129,1.907,71.544
2785,95.205,85.99528765,64.13855,2.32,35.27,1.9,72.207
2785.125,95.167,85.99314317,64.14142875,2.326,35.723,1.892,73.016
2785.25,95.817,85.99099874,64.1443075,2.335,36.031,1.885,73.98
2785.375,97.058,85.98885437,64.14718625,2.346,35.805,1.88,74.56
2785.5,97.981,85.98671005,64.150065,2.362,35.551,1.883,74.369
2785.625,98.704,85.98456578,64.15294375,2.374,35.477,1.887,73.775
2785.75,98.76,85.98242157,64.1558225,2.377,35.823,1.897,72.321
2785.875,97.921,85.98027741,64.15870125,2.377,36.304,1.911,70.763
2786,96.849,85.9781333,64.16158,2.375,36.687,1.926,68.876
2786.125,95.731,85.97598925,64.16445875,2.372,36.626,1.944,66.95
2786.25,94.522,85.97384525,64.1673375,2.372,36.269,1.971,65.3
2786.375,93.495,85.9717013,64.17021625,2.373,35.651,2.004,64.52
2786.5,93.043,85.96955741,64.173095,2.379,34.98,2.024,64.466
2786.625,92.675,85.96741357,64.17597375,2.388,34.176,2.045,64.578
2786.75,92.584,85.96526979,64.1788525,2.395,33.437,2.067,64.994
2786.875,92.897,85.96312605,64.18173125,2.401,33.06,2.084,65.359
2787,93.273,85.96098238,64.18461,2.404,32.757,2.088,65.751
2787.125,93.556,85.95883875,64.18748875,2.402,32.67,2.092,66.168
2787.25,93.501,85.95669518,64.1903675,2.401,32.666,2.091,66.551
2787.375,92.927,85.95455166,64.19324625,2.401,33.047,2.086,66.703
2787.5,92.081,85.9524082,64.196125,2.406,33.568,2.08,66.304
2787.625,91.158,85.95026478,64.19900375,2.413,34.386,2.074,65.691
2787.75,90.137,85.94812143,64.2018825,2.418,35.034,2.063,64.771
2787.875,89.52,85.94597812,64.20476125,2.422,34.628,2.051,64.23
2788,90.014,85.94383487,64.20764,2.426,33.994,2.046,64.429
2788.125,90.777,85.94169167,64.21051875,2.43,32.937,2.042,64.764
2788.25,92.141,85.93954853,64.2133975,2.434,32.248,2.038,65.203
2788.375,93.506,85.93740544,64.21627625,2.44,32.881,2.035,65.235
2788.5,93.958,85.9352624,64.219155,2.454,33.724,2.029,64.691
2788.625,94.35,85.93311942,64.22203375,2.471,34.882,2.021,64.098
2788.75,94.666,85.93097649,64.2249125,2.482,35.667,2.005,63.577
2788.875,95.062,85.92883361,64.22779125,2.492,35.556,1.981,63.421
2789,95.507,85.92669079,64.23067,2.499,35.325,1.963,63.671
2789.125,96.047,85.92454802,64.23354875,2.499,34.919,1.943,64.143
2789.25,96.832,85.9224053,64.2364275,2.495,34.752,1.917,65.111
2789.375,97.656,85.92026264,64.23930625,2.491,34.976,1.89,66.163
2789.5,97.965,85.91812003,64.242185,2.488,35.184,1.872,67.091
2789.625,98.162,85.91597747,64.24506375,2.49,35.119,1.853,67.786
2789.75,98.059,85.91383497,64.2479425,2.494,34.646,1.828,67.815
2789.875,97.72,85.91169252,64.25082125,2.499,34.124,1.805,67.455
2790,97.634,85.90955012,64.2537,2.505,33.72,1.796,67.125
2790.125,97.707,85.90740778,64.25657875,2.508,33.874,1.789,66.795
2790.25,98.203,85.90526549,64.2594575,2.509,34.531,1.789,66.436
2790.375,98.954,85.90312325,64.26233625,2.51,35.021,1.795,66.012
2790.5,99.155,85.90098107,64.265215,2.512,35.305,1.806,65.484
2790.625,99.067,85.89883894,64.26809375,2.513,34.853,1.821,65.16
2790.75,98.139,85.89669687,64.2709725,2.512,34.011,1.843,65.514
2790.875,96.485,85.89455484,64.27385125,2.511,33.776,1.871,66.481
2791,95.169,85.89241287,64.27673,2.51,33.818,1.893,68.259
2791.125,93.885,85.89027096,64.27960875,2.509,34.651,1.916,70.158
2791.25,92.75,85.8881291,64.2824875,2.508,35.486,1.942,71.904
2791.375,92.097,85.88598729,64.28536625,2.507,34.842,1.964,72.657
2791.5,92.096,85.88384553,64.288245,2.507,33.896,1.965,72.268
2791.625,92.227,85.88170383,64.29112375,2.509,32.47,1.961,71.637
2791.75,92.795,85.87956218,64.2940025,2.512,31.59,1.939,70.696
2791.875,93.909,85.87742059,64.29688125,2.515,32.408,1.904,70.182
2792,95.263,85.87527905,64.29976,2.519,33.532,1.873,70.296
2792.125,96.775,85.87313756,64.30263875,2.521,35.345,1.84,70.565
2792.25,98.574,85.87099612,64.3055175,2.52,37.028,1.799,71.108
2792.375,99.965,85.86885474,64.30839625,2.519,37.737,1.758,71.597
2792.5,100.045,85.86671342,64.311275,2.517,38.236,1.737,72.149
2792.625,99.96,85.86457214,64.31415375,2.516,38.14,1.716,72.593
2792.75,99.525,85.86243092,64.3170325,2.517,37.889,1.696,72.582
2792.875,99.06,85.86028975,64.31991125,2.518,37.659,1.68,72.009
2793,98.952,85.85814864,64.32279,2.52,37.429,1.676,70.877
2793.125,98.808,85.85600758,64.32566875,2.523,37.112,1.674,69.784
2793.25,98.491,85.85386657,64.3285475,2.525,36.673,1.676,69.086
2793.375,97.912,85.85172562,64.33142625,2.525,35.91,1.68,69.103
2793.5,97.486,85.84958472,64.334305,2.524,35.076,1.684,69.565
2793.625,97.124,85.84744387,64.33718375,2.523,34.15,1.689,69.972
2793.75,96.928,85.84530307,64.3400625,2.522,33.441,1.696,70.121
2793.875,96.867,85.84316233,64.34294125,2.52,33.706,1.703,69.995
2794,96.744,85.84102165,64.34582,2.511,34.238,1.708,69.879
2794.125,96.588,85.83888101,64.34869875,2.493,35.671,1.715,69.871
2794.25,96.389,85.83674043,64.3515775,2.474,37.546,1.724,70.129
2794.375,96.293,85.8345999,64.35445625,2.452,38.623,1.738,70.461
2794.5,96.327,85.83245943,64.357335,2.421,39.309,1.756,70.635
2794.625,96.395,85.83031901,64.36021375,2.402,38.54,1.783,70.72
2794.75,96.575,85.82817864,64.3630925,2.398,36.893,1.837,70.617
2794.875,96.879,85.82603833,64.36597125,2.398,34.922,1.915,70.48
2795,96.813,85.82389807,64.36885,2.402,33.027,1.988,70.078
2795.125,96.379,85.82175786,64.37172875,2.404,31.401,2.069,69.369
2795.25,94.844,85.81961771,64.3746075,2.404,29.852,2.176,67.957
2795.375,92.352,85.81747761,64.37748625,2.403,28.883,2.287,66.457
2795.5,90.588,85.81533756,64.380365,2.403,28.051,2.349,65.66
2795.625,88.939,85.81319757,64.38324375,2.406,27.742,2.413,65.503
2795.75,87.611,85.81105763,64.3861225,2.408,27.86,2.483,66.847
2795.875,86.817,85.80891774,64.38900125,2.412,28.502,2.548,68.522
2796,86.647,85.80677791,64.39188,2.416,29.263,2.576,69.867
2796.125,86.554,85.80463813,64.39475875,2.419,30.082,2.6,71.04
2796.25,86.687,85.8024984,64.3976375,2.421,30.561,2.616,71.751
2796.375,87.054,85.80035873,64.40051625,2.422,30.333,2.63,72.196
2796.5,87.476,85.79821911,64.403395,2.426,29.936,2.661,72.616
2796.625,87.755,85.79607954,64.40627375,2.43,29.056,2.711,72.865
2796.75,87.33,85.79394003,64.4091525,2.432,28.126,2.819,72.508
2796.875,85.416,85.79180057,64.41203125,2.432,26.942,2.976,71.435
2798,84.21,85.77254784,64.43794,2.428,28.235,3.316,65.875
2798.125,86.612,85.77040891,64.44081875,2.426,29.217,3.154,68.983
2798.25,88.314,85.76827004,64.4436975,2.423,30.177,2.951,72.057
2798.375,89.28,85.76613122,64.44657625,2.419,31.19,2.762,73.923
2798.5,89.28,85.76399245,64.449455,2.414,32.195,2.686,74.981
2798.625,89.155,85.76185374,64.45233375,2.411,32.939,2.621,75.87
2798.75,88.755,85.75971508,64.4552125,2.408,33.119,2.589,76.263
2798.875,88.328,85.75757647,64.45809125,2.405,32.647,2.597,76.175
2799,88.299,85.75543792,64.46097,2.402,32.158,2.643,75.064
2799.125,88.321,85.75329942,64.46384875,2.401,31.619,2.705,73.65
2799.25,88.415,85.75116097,64.4667275,2.403,30.813,2.808,71.941
2799.375,88.418,85.74902258,64.46960625,2.407,29.537,2.933,71.025
2799.5,88.192,85.74688424,64.472485,2.414,28.304,3.014,70.754
2799.625,87.901,85.74474595,64.47536375,2.419,27.222,3.095,70.458
2799.75,87.475,85.74260772,64.4782425,2.419,26.378,3.17,70.041
2799.875,87.124,85.74046954,64.48112125,2.417,26.349,3.214,69.554
2800,87.319,85.73833142,64.484,2.412,26.466,3.192,69.458
2800.125,87.749,85.73619334,64.48687875,2.407,26.949,3.15,69.695
2800.25,88.837,85.73405532,64.4897575,2.406,27.393,3.055,70.659
2800.375,90.38,85.73191736,64.49263625,2.405,27.733,2.928,71.677
2800.5,91.508,85.72977944,64.495515,2.407,28.119,2.834,72.641
2800.625,92.646,85.72764158,64.49839375,2.409,28.747,2.733,73.617
2800.75,93.785,85.72550378,64.5012725,2.411,29.936,2.616,74.52
2800.875,94.673,85.72336602,64.50415125,2.412,30.989,2.507,75.176
2801,94.846,85.72122832,64.50703,2.413,31.84,2.455,75.809
2801.125,94.877,85.71909068,64.50990875,2.415,32.014,2.407,76.422
2801.25,94.555,85.71695308,64.5127875,2.416,31.9,2.369,76.897
2801.375,94.054,85.71481554,64.51566625,2.417,31.833,2.35,77.147
2801.5,93.773,85.71267806,64.518545,2.423,31.717,2.359,77.192
2801.625,93.483,85.71054063,64.52142375,2.431,31.252,2.375,76.962
2801.75,93.145,85.70840325,64.5243025,2.438,30.434,2.405,75.966
2801.875,92.773,85.70626592,64.52718125,2.445,29.452,2.441,74.488
2802,92.54,85.70412865,64.53006,2.453,28.564,2.459,72.464
2802.125,92.321,85.70199143,64.53293875,2.461,28.055,2.473,70.581
2802.25,92.139,85.69985426,64.5358175,2.468,27.841,2.475,69.488
2802.375,92.006,85.69771714,64.53869625,2.478,27.946,2.463,69.553
2802.5,92.112,85.69558008,64.541575,2.496,28.101,2.442,70.431
2802.625,92.387,85.69344308,64.54445375,2.514,28.47,2.417,71.406
2802.75,93.12,85.69130612,64.5473325,2.522,29.185,2.378,72.426
2802.875,94.093,85.68916922,64.55021125,2.526,30.545,2.335,73.135
2803,94.552,85.68703238,64.55309,2.526,31.94,2.307,73.854
2803.125,94.957,85.68489558,64.55596875,2.521,33.093,2.279,74.723
2803.25,95.266,85.68275884,64.5588475,2.517,33.485,2.251,75.941
2803.375,95.556,85.68062216,64.56172625,2.512,32.908,2.23,77.277
2803.5,95.638,85.67848552,64.564605,2.505,32.33,2.229,79.198
2803.625,95.474,85.67634894,64.56748375,2.498,32.049,2.232,81.001
2803.75,94.513,85.67421241,64.5703625,2.495,32.275,2.239,81.974
2803.875,92.692,85.67207594,64.57324125,2.493,32.887,2.248,81.554
2804,91.182,85.66993952,64.57612,2.495,33.501,2.248,79.821
2804.125,89.83,85.66780315,64.57899875,2.499,34.021,2.245,77.959
2804.25,89.061,85.66566684,64.5818775,2.502,34.39,2.233,76.268
2804.375,89.307,85.66353058,64.58475625,2.503,34.837,2.215,75.601
2804.5,90.235,85.66139437,64.587635,2.5,35.286,2.202,75.905
2804.625,91.189,85.65925821,64.59051375,2.495,35.424,2.188,76.375
2804.75,92.089,85.65712211,64.5933925,2.491,34.963,2.172,77.018
2804.875,92.493,85.65498607,64.59627125,2.488,33.995,2.157,77.284
2805,92.061,85.65285007,64.59915,2.487,33.121,2.147,76.92
2805.125,91.44,85.65071413,64.60202875,2.488,32.802,2.136,76.398
2805.25,90.395,85.64857824,64.6049075,2.489,33.077,2.121,75.653
2805.375,89.366,85.64644241,64.60778625,2.489,32.893,2.106,75.104
2805.5,89.221,85.64430663,64.610665,2.49,32.775,2.099,74.675
2805.625,89.292,85.6421709,64.61354375,2.492,33.27,2.092,74.363
2805.75,89.893,85.64003522,64.6164225,2.493,34.475,2.087,74.397
2805.875,90.728,85.6378996,64.61930125,2.495,35.108,2.084,74.649
2806,91.075,85.63576403,64.62218,2.496,35.357,2.082,74.779
2806.125,91.314,85.63362852,64.62505875,2.494,34.368,2.081,74.742
2806.25,91.257,85.63149305,64.6279375,2.49,33.063,2.08,74.319
2806.375,90.912,85.62935765,64.63081625,2.484,32.561,2.082,73.828
2806.5,90.505,85.62722229,64.633695,2.476,32.253,2.091,73.456
2806.625,90.028,85.62508699,64.63657375,2.472,32.431,2.104,73.147
2806.75,89.387,85.62295174,64.6394525,2.473,32.623,2.126,72.995
2806.875,88.807,85.62081654,64.64233125,2.477,32.174,2.155,72.908
2807,88.785,85.6186814,64.64521,2.485,31.574,2.178,72.814
2807.125,88.938,85.61654631,64.64808875,2.489,30.701,2.203,72.712
2807.25,89.527,85.61441128,64.6509675,2.489,30.18,2.239,72.567
2807.375,90.3,85.61227629,64.65384625,2.487,30.919,2.282,72.314
2807.5,90.473,85.61014136,64.656725,2.482,31.851,2.314,71.45
2807.625,90.436,85.60800649,64.65960375,2.478,32.925,2.35,70.398
2807.75,89.819,85.60587166,64.6624825,2.478,33.247,2.396,69.244
2807.875,88.716,85.60373689,64.66536125,2.478,32.165,2.44,68.849
2808,87.62,85.60160218,64.66824,2.48,30.978,2.459,69.112
2808.125,86.418,85.59946751,64.67111875,2.482,29.832,2.474,69.218
2808.25,85.061,85.5973329,64.6739975,2.483,29.202,2.48,69.004
2808.375,84.213,85.59519835,64.67687625,2.485,29.405,2.476,68.745
2808.5,84.839,85.59306384,64.679755,2.487,29.808,2.468,69.194
2808.625,85.854,85.59092939,64.68263375,2.488,30.929,2.457,69.755
2808.75,87.751,85.588795,64.6855125,2.488,32.368,2.437,70.406
2808.875,89.683,85.58666065,64.68839125,2.486,33.159,2.409,70.937
2809,90.139,85.58452636,64.69127,2.483,33.649,2.385,72.02
2809.125,90.367,85.58239212,64.69414875,2.482,33.135,2.358,73.21
2809.25,90.089,85.58025794,64.6970275,2.482,32.206,2.327,74.498
2809.375,89.658,85.57812381,64.69990625,2.484,31.641,2.302,75.653
2809.5,89.471,85.57598973,64.702785,2.484,31.227,2.299,75.433
2809.625,89.254,85.57385571,64.70566375,2.483,31.07,2.3,74.832
2809.75,88.917,85.57172173,64.7085425,2.481,30.701,2.31,73.702
2809.875,88.457,85.56958782,64.71142125,2.479,30.254,2.324,72.798
2810,88.473,85.56745395,64.7143,2.475,29.852,2.333,72.872
2810.125,88.788,85.56532014,64.71717875,2.473,29.777,2.341,73.06
2810.25,89.918,85.56318638,64.7200575,2.474,30.099,2.349,73.29
2810.375,91.578,85.56105268,64.72293625,2.476,30.973,2.359,73.24
2810.5,92.409,85.55891902,64.725815,2.482,31.93,2.374,72.814
2810.625,92.998,85.55678542,64.72869375,2.49,32.925,2.396,72.544
2810.75,92.931,85.55465188,64.7315725,2.494,33.584,2.439,72.669
2810.875,92.287,85.55251839,64.73445125,2.498,33.084,2.499,72.983
2811,91.52,85.55038495,64.73733,2.502,32.315,2.552,73.016
2811.125,90.557,85.54825156,64.74020875,2.506,30.854,2.613,72.927
2811.25,89.046,85.54611823,64.7430875,2.508,29.329,2.695,72.717
2811.375,87.303,85.54398495,64.74596625,2.51,28.737,2.786,72.777
2811.5,86.61,85.54185172,64.748845,2.51,28.319,2.849,74.285
2811.625,86.197,85.53971855,64.75172375,2.507,28.449,2.916,75.713
2811.75,86.503,85.53758543,64.7546025,2.504,28.824,2.994,76.601
2811.875,87.266,85.53545236,64.75748125,2.501,29.063,3.061,76.789
2812,87.674,85.53331935,64.76036,2.496,29.157,3.078,75.953
2812.125,88.026,85.53118639,64.76323875,2.491,28.866,3.087,75.169
2812.25,88.261,85.52905348,64.7661175,2.488,28.44,3.077,74.528
2812.375,88.409,85.52692063,64.76899625,2.485,27.694,3.056,73.737
2812.5,88.13,85.52478782,64.771875,2.483,26.837,3.044,69.844
2812.625,87.516,85.52265508,64.77475375,2.482,25.598,3.035,65.574
2812.75,85.956,85.52052238,64.7776325,2.48,24.216,3.033,60.98
2812.875,83.741,85.51838974,64.78051125,2.478,23.215,3.041,56.532
2814,83.352,85.49919836,64.80642,2.448,24.23,3.059,56.751
2814.125,84.638,85.49706625,64.80929875,2.446,25.337,3.021,57.931
2814.25,85.651,85.49493419,64.8121775,2.445,26.67,2.969,58.189
2814.375,86.265,85.49280219,64.81505625,2.445,27.73,2.922,58.77
2814.5,86.298,85.49067024,64.817935,2.445,28.644,2.909,61.148
2814.625,86.162,85.48853834,64.82081375,2.445,28.896,2.901,63.085
2814.75,85.528,85.4864065,64.8236925,2.446,28.585,2.905,63.492
2814.875,84.468,85.48427471,64.82657125,2.448,27.598,2.918,62.398
2815,83.805,85.48214297,64.82945,2.458,26.541,2.932,57.934
2815.125,83.268,85.48001129,64.83232875,2.471,25.428,2.951,53.869
2815.25,83.069,85.47787966,64.8352075,2.481,24.545,2.988,51.368
2815.375,83.178,85.47574808,64.83808625,2.489,24.232,3.039,50.293
2815.5,83.314,85.47361655,64.840965,2.495,24.027,3.09,51.913
2815.625,83.413,85.47148508,64.84384375,2.497,24.11,3.149,53.793
2815.75,83.389,85.46935366,64.8467225,2.497,24.262,3.23,55.845
2815.875,83.189,85.4672223,64.84960125,2.496,24.615,3.317,57.551
2816,82.778,85.46509099,64.85248,2.492,25.039,3.362,57.67
2817.125,83.165,85.44591157,64.87838875,2.464,26.671,3.398,56.366
2817.25,83.912,85.44378079,64.8812675,2.469,26.453,3.357,57.813
2817.375,84.196,85.44165006,64.88414625,2.473,26.182,3.31,59.209
2817.5,84.045,85.43951938,64.887025,2.475,26,3.286,62.383
2817.625,83.848,85.43738876,64.88990375,2.477,26.222,3.264,65.328
2817.75,83.515,85.43525819,64.8927825,2.481,26.73,3.25,67.224
2817.875,83.073,85.43312768,64.89566125,2.488,26.869,3.248,67.945
2818,82.712,85.43099722,64.89854,2.495,26.805,3.261,65.874
2818.5,82.758,85.4224759,64.910055,2.57,23.377,3.435,60.55
2818.625,83.234,85.4203457,64.91293375,2.586,23.05,3.489,60.289
2818.75,83.795,85.41821556,64.9158125,2.593,22.765,3.532,60.051
2818.875,84.05,85.41608547,64.91869125,2.578,22.322,3.53,59.666
2819,83.293,85.41395543,64.92157,2.558,21.875,3.45,59.09
2819.5,83.278,85.40543582,64.933085,2.498,23.287,2.778,63.026
2819.625,86.891,85.40330604,64.93596375,2.497,25.712,2.624,65.247
2819.75,92.915,85.40117633,64.9388425,2.497,29.151,2.441,66.221
2819.875,99.008,85.39904666,64.94172125,2.499,33.076,2.257,66.323
2820,100.939,85.39691705,64.9446,2.503,36.515,2.156,65.738
2820.125,102.359,85.39478749,64.94747875,2.509,38.074,2.055,65.38
2820.25,102.641,85.39265798,64.9503575,2.52,38.45,1.953,65.615
2820.375,102.365,85.39052853,64.95323625,2.527,38.438,1.874,66.203
2820.5,102.126,85.38839913,64.956115,2.526,38.53,1.856,67.221
2820.625,101.827,85.38626978,64.95899375,2.521,38.953,1.846,68.135
2820.75,101.336,85.38414049,64.9618725,2.512,39.565,1.857,68.757
2820.875,100.713,85.38201125,64.96475125,2.508,39.754,1.885,69.21
2821,100.289,85.37988206,64.96763,2.509,39.702,1.914,68.94
2821.125,99.814,85.37775293,64.97050875,2.512,38.998,1.947,68.4
2821.25,99.172,85.37562385,64.9733875,2.516,38.293,1.992,67.369
2821.375,98.44,85.37349482,64.97626625,2.515,37.767,2.037,66.236
2821.5,97.947,85.37136584,64.979145,2.512,37.204,2.065,65.405
2821.625,97.435,85.36923692,64.98202375,2.51,36.449,2.094,64.842
2821.75,96.878,85.36710805,64.9849025,2.507,35.597,2.127,64.775
2821.875,96.386,85.36497924,64.98778125,2.505,34.835,2.159,64.726
2822,96.114,85.36285047,64.99066,2.504,34.174,2.176,64.12
2822.125,95.808,85.36072177,64.99353875,2.503,34.006,2.193,63.489
2822.25,95.389,85.35859311,64.9964175,2.503,34.282,2.21,62.922
2822.375,94.904,85.35646451,64.99929625,2.503,34.925,2.225,62.515
2822.5,94.568,85.35433595,65.002175,2.502,35.581,2.235,62.404
2822.625,94.259,85.35220746,65.00505375,2.5,36.12,2.247,62.365
2822.75,94.057,85.35007901,65.0079325,2.495,36.371,2.267,62.428
2822.875,94.073,85.34795062,65.01081125,2.49,36.183,2.291,62.453
2823,94.27,85.34582228,65.01369,2.489,36.005,2.311,62.468
2823.125,94.466,85.343694,65.01656875,2.489,35.92,2.335,62.503
2823.25,94.624,85.34156577,65.0194475,2.491,35.97,2.37,62.552
2823.375,94.637,85.33943759,65.02232625,2.496,35.955,2.413,62.524
2823.5,94.492,85.33730946,65.025205,2.499,35.829,2.447,61.851
2823.625,94.29,85.33518139,65.02808375,2.501,35.177,2.487,61.141
2823.75,93.912,85.33305337,65.0309625,2.506,34.072,2.537,60.472
2823.875,93.391,85.3309254,65.03384125,2.511,32.797,2.589,59.931
2824,93.004,85.32879749,65.03672,2.516,31.592,2.615,59.401
2824.125,92.642,85.32666963,65.03959875,2.52,30.749,2.641,58.971
2824.25,92.392,85.32454182,65.0424775,2.523,30.305,2.663,58.813
2824.375,92.383,85.32241407,65.04535625,2.521,29.996,2.677,58.858
2824.5,92.611,85.32028637,65.048235,2.517,29.618,2.677,59.66
2824.625,92.881,85.31815872,65.05111375,2.513,29.13,2.674,60.511
2824.75,93.233,85.31603113,65.0539925,2.506,28.964,2.66,61.331
2824.875,93.537,85.31390358,65.05687125,2.502,30.046,2.637,62.014
2825,93.674,85.31177609,65.05975,2.5,31.289,2.616,62.32
2825.125,93.855,85.30964866,65.06262875,2.497,32.571,2.596,62.371
2825.25,94.185,85.30752128,65.0655075,2.492,33.049,2.574,61.873
2825.375,94.657,85.30539395,65.06838625,2.484,32.077,2.557,61.135
2825.5,94.986,85.30326667,65.071265,2.478,31.012,2.555,60.317
2825.625,95.272,85.30113945,65.07414375,2.473,30.099,2.553,59.778
2825.75,95.425,85.29901227,65.0770225,2.47,29.881,2.553,59.916
2825.875,95.394,85.29688516,65.07990125,2.473,30.655,2.551,60.442
2826,95.281,85.29475809,65.08278,2.477,31.507,2.542,61.35
2826.125,95.189,85.29263108,65.08565875,2.48,32.343,2.529,61.999
2826.25,95.154,85.29050412,65.0885375,2.479,32.725,2.502,61.983
2826.375,95.164,85.28837722,65.09141625,2.472,32.611,2.463,61.582
2826.5,95.145,85.28625036,65.094295,2.466,32.52,2.426,60.92
2826.625,95.135,85.28412357,65.09717375,2.462,32.634,2.383,60.479
2826.75,95.19,85.28199682,65.1000525,2.459,32.98,2.322,60.568
2826.875,95.413,85.27987013,65.10293125,2.463,33.268,2.256,60.897
2827,95.851,85.27774349,65.10581,2.47,33.472,2.215,61.031
2827.125,96.395,85.2756169,65.10868875,2.478,33.371,2.174,61.2
2827.25,97.206,85.27349036,65.1115675,2.492,33.118,2.13,61.342
2827.375,98.083,85.27136388,65.11444625,2.506,33.355,2.093,61.459
2827.5,98.612,85.26923745,65.117325,2.515,33.76,2.079,61.946
2827.625,99.137,85.26711108,65.12020375,2.525,34.626,2.066,62.517
2827.75,99.597,85.26498476,65.1230825,2.535,35.497,2.057,63.114
2827.875,99.756,85.26285849,65.12596125,2.536,35.644,2.05,63.36
2828,99.239,85.26073227,65.12884,2.53,35.63,2.046,63.367
2828.125,98.494,85.25860611,65.13171875,2.521,35.259,2.042,63.449
2828.25,97.217,85.25648,65.1345975,2.508,34.976,2.038,63.768
2828.375,95.929,85.25435394,65.13747625,2.498,34.641,2.037,64.245
2828.5,95.641,85.25222794,65.140355,2.495,34.216,2.04,64.861
2828.625,95.527,85.25010199,65.14323375,2.494,33.736,2.044,65.531
2828.75,95.81,85.24797609,65.1461125,2.496,33.664,2.051,66.251
2828.875,96.22,85.24585024,65.14899125,2.499,34.436,2.058,66.804
2829,96.295,85.24372445,65.15187,2.501,35.268,2.066,67.023
2829.125,96.273,85.24159871,65.15474875,2.503,35.856,2.078,66.958
2829.25,96.001,85.23947303,65.1576275,2.505,35.726,2.101,66.189
2829.375,95.592,85.2373474,65.16050625,2.508,35.489,2.134,65.156
2829.5,95.391,85.23522182,65.163385,2.51,35.483,2.167,64.107
2829.625,95.246,85.23309629,65.16626375,2.513,36.213,2.206,63.255
2829.75,95.236,85.23097081,65.1691425,2.516,37.039,2.257,63.048
2829.875,95.273,85.22884539,65.17202125,2.517,36.74,2.309,63.396
2830,95.128,85.22672003,65.1749,2.514,36.183,2.336,63.986
2830.125,94.933,85.22459471,65.17777875,2.51,35.02,2.362,64.441
2830.25,94.658,85.22246945,65.1806575,2.503,33.93,2.385,64.406
2830.375,94.506,85.22034424,65.18353625,2.497,33.287,2.404,63.879
2830.5,94.558,85.21821908,65.186415,2.495,32.717,2.408,63.042
2830.625,94.564,85.21609398,65.18929375,2.495,32.288,2.408,62.332
2830.75,94.399,85.21396893,65.1921725,2.499,31.875,2.396,62.126
2830.875,94.019,85.21184394,65.19505125,2.504,32.03,2.374,62.454
2831,93.758,85.20971899,65.19793,2.508,32.36,2.354,63.085
2831.125,93.566,85.2075941,65.20080875,2.511,33.112,2.334,63.722
2831.25,93.559,85.20546926,65.2036875,2.515,33.828,2.314,64.278
2831.375,93.712,85.20334448,65.20656625,2.516,34.075,2.3,64.643
2831.5,93.792,85.20121975,65.209445,2.515,34.211,2.301,65.018
2831.625,93.805,85.19909507,65.21232375,2.512,34.076,2.305,65.214
2831.75,93.612,85.19697044,65.2152025,2.506,34.016,2.313,64.784
2831.875,93.192,85.19484587,65.21808125,2.501,33.849,2.323,63.737
2832,92.638,85.19272135,65.22096,2.499,33.568,2.331,62.041
2832.125,91.966,85.19059688,65.22383875,2.498,33.004,2.342,60.475
2832.25,91.022,85.18847247,65.2267175,2.501,32.56,2.358,59.632
2832.375,90.133,85.18634811,65.22959625,2.506,32.732,2.378,59.825
2832.5,89.961,85.1842238,65.232475,2.509,33.049,2.392,60.91
2832.625,89.922,85.18209954,65.23535375,2.51,33.745,2.404,62.135
2832.75,90.201,85.17997534,65.2382325,2.508,34.297,2.411,63.4
2832.875,90.607,85.17785119,65.24111125,2.504,34.012,2.408,64.113
2833,90.765,85.1757271,65.24399,2.502,33.599,2.397,64.299
2833.125,90.901,85.17360305,65.24686875,2.499,32.998,2.386,64.253
2833.25,91.012,85.17147906,65.2497475,2.497,32.638,2.375,63.665
2833.375,91.188,85.16935512,65.25262625,2.496,32.728,2.369,62.93
2833.5,91.539,85.16723124,65.255505,2.497,32.877,2.375,62.158
2833.625,91.994,85.16510741,65.25838375,2.497,32.975,2.383,61.443
2833.75,92.681,85.16298363,65.2612625,2.497,32.682,2.395,60.994
2833.875,93.316,85.16085991,65.26414125,2.495,32.279,2.403,60.885
2834,93.222,85.15873623,65.26702,2.493,31.932,2.399,60.427
2834.125,92.853,85.15661261,65.26989875,2.489,31.709,2.393,59.591
2834.25,91.756,85.15448905,65.2727775,2.483,31.348,2.38,58.053
2834.375,90.261,85.15236553,65.27565625,2.478,30.624,2.366,56.838
2834.5,89.647,85.15024207,65.278535,2.475,29.934,2.36,57.102
2834.625,89.314,85.14811866,65.28141375,2.474,29.731,2.355,58.11
2834.75,89.716,85.14599531,65.2842925,2.476,30.367,2.347,60.556
2834.875,90.618,85.14387201,65.28717125,2.481,31.419,2.334,62.714
2835,90.979,85.14174876,65.29005,2.487,32.254,2.319,64.191
2835.125,91.146,85.13962556,65.29292875,2.495,32.13,2.302,65.533
2835.25,90.839,85.13750242,65.2958075,2.506,31.341,2.281,66.47
2835.375,90.317,85.13537933,65.29868625,2.516,30.973,2.264,66.979
2835.5,90.306,85.13325629,65.301565,2.521,30.847,2.258,66.744
2835.625,90.46,85.13113331,65.30444375,2.525,31.458,2.252,66.13
2835.75,91.011,85.12901038,65.3073225,2.53,32.284,2.243,64.769
2835.875,91.692,85.1268875,65.31020125,2.532,32.817,2.228,63.496
2836,91.936,85.12476467,65.31308,2.532,33.253,2.209,62.442
2836.125,92.15,85.1226419,65.31595875,2.53,33.425,2.186,61.54
2836.25,92.36,85.12051918,65.3188375,2.525,33.532,2.152,61.167
2836.375,92.739,85.11839652,65.32171625,2.519,33.629,2.113,61.354
2836.5,93.362,85.1162739,65.324595,2.517,33.746,2.087,62.291
2836.625,94.136,85.11415134,65.32747375,2.517,34.047,2.058,63.415
2836.75,95.286,85.11202883,65.3303525,2.519,34.664,2.018,64.674
2836.875,96.484,85.10990638,65.33323125,2.521,35.501,1.969,65.331
2837,97.02,85.10778398,65.33611,2.522,36.294,1.932,65.204
2837.125,97.505,85.10566163,65.33898875,2.521,36.826,1.892,64.901
2837.25,97.889,85.10353933,65.3418675,2.52,37.105,1.846,64.374
2837.375,98.214,85.10141709,65.34474625,2.521,37.372,1.804,64.154
2837.5,98.57,85.0992949,65.347625,2.522,37.703,1.787,64.292
2837.625,99.021,85.09717276,65.35050375,2.525,38.194,1.77,64.423
2837.75,99.668,85.09505068,65.3533825,2.528,38.728,1.753,64.479
2837.875,100.179,85.09292865,65.35626125,2.53,39.156,1.735,64.475
2838,99.853,85.09080667,65.35914,2.53,39.519,1.723,65.084
2838.125,99.225,85.08868474,65.36201875,2.531,39.59,1.71,66.044
2838.25,97.869,85.08656287,65.3648975,2.535,39.675,1.695,67.598
2838.375,96.34,85.08444105,65.36777625,2.543,39.257,1.683,68.782
2838.5,95.964,85.08231928,65.370655,2.548,38.71,1.681,69.221
2838.625,95.894,85.08019757,65.37353375,2.551,37.914,1.679,69.404
2838.75,96.603,85.07807591,65.3764125,2.549,37.281,1.678,69.071
2838.875,97.755,85.0759543,65.37929125,2.539,37.625,1.678,68.771
2839,98.284,85.07383275,65.38217,2.53,38.15,1.676,68.924
2839.125,98.653,85.07171124,65.38504875,2.52,39.025,1.673,69.277
2839.25,98.622,85.06958979,65.3879275,2.506,39.619,1.671,70.025
2839.375,98.324,85.0674684,65.39080625,2.492,39.276,1.673,70.745
2839.5,98.239,85.06534705,65.393685,2.486,38.824,1.682,71.369
2839.625,98.232,85.06322576,65.39656375,2.482,38.176,1.696,71.805
2839.75,98.393,85.06110453,65.3994425,2.485,37.694,1.72,71.638
2839.875,98.579,85.05898334,65.40232125,2.494,37.431,1.752,70.929
2840,98.563,85.05686221,65.4052,2.502,37.136,1.778,69.596
2840.125,98.463,85.05474113,65.40807875,2.509,36.646,1.807,68.271
2840.25,98.134,85.0526201,65.4109575,2.513,35.873,1.846,67.326
2840.375,97.655,85.05049913,65.41383625,2.512,35.341,1.888,67.23
2840.5,97.343,85.04837821,65.416715,2.51,35.01,1.916,67.851
2840.625,97.066,85.04625734,65.41959375,2.508,35.465,1.945,68.466
2840.75,96.907,85.04413653,65.4224725,2.508,36.454,1.979,68.802
2840.875,96.927,85.04201577,65.42535125,2.51,36.776,2.011,68.538
2841,97.026,85.03989506,65.42823,2.511,36.78,2.024,67.78
2841.125,97.127,85.0377744,65.43110875,2.511,35.897,2.035,67.094
2841.25,97.21,85.0356538,65.4339875,2.512,34.985,2.044,66.801
2841.375,97.194,85.03353325,65.43686625,2.511,35.409,2.049,67.081
2841.5,96.95,85.03141275,65.439745,2.509,36.099,2.05,67.765
2841.625,96.588,85.02929231,65.44262375,2.506,37.295,2.051,68.337
2841.75,95.931,85.02717192,65.4455025,2.499,38.22,2.052,68.445
2841.875,95.196,85.02505158,65.44838125,2.49,38.206,2.053,68.05
2842,94.914,85.02293129,65.45126,2.483,38.054,2.054,67.1
2842.125,94.688,85.02081106,65.45413875,2.476,37.608,2.056,66.067
2842.25,94.586,85.01869088,65.4570175,2.469,37.287,2.061,65.147
2842.375,94.539,85.01657075,65.45989625,2.466,37.153,2.068,64.994
2842.5,94.572,85.01445068,65.462775,2.468,36.937,2.076,66.567
2842.625,94.696,85.01233066,65.46565375,2.472,36.543,2.087,68.768
2842.75,95.099,85.01021069,65.4685325,2.479,36.396,2.103,71.854
2842.875,95.752,85.00809077,65.47141125,2.484,37.253,2.122,73.874
2843,96.2,85.00597091,65.47429,2.485,38.298,2.136,74.106
2843.125,96.579,85.0038511,65.47716875,2.484,39.535,2.152,73.7
2843.25,96.731,85.00173134,65.4800475,2.481,40.134,2.174,71.977
2843.375,96.571,84.99961164,65.48292625,2.478,39.139,2.202,70.147
2843.5,96.304,84.99749199,65.485805,2.476,37.923,2.225,68.054
2843.625,96.078,84.99537239,65.48868375,2.476,36.381,2.25,66.028
2843.75,95.996,84.99325284,65.4915625,2.476,35.121,2.284,64.612
2843.875,96.107,84.99113335,65.49444125,2.477,34.901,2.319,64.367
2844,96.146,84.98901391,65.49732,2.477,34.967,2.338,65.126
2844.125,96.065,84.98689452,65.50019875,2.477,35.685,2.358,65.956
2844.25,95.65,84.98477519,65.5030775,2.478,36.287,2.378,66.665
2844.375,95.009,84.98265591,65.50595625,2.479,36.235,2.398,66.783
2844.5,94.682,84.98053668,65.508835,2.481,36.094,2.413,66.276
2844.625,94.44,84.9784175,65.51171375,2.484,35.807,2.431,65.696
2844.75,94.427,84.97629838,65.5145925,2.489,35.554,2.459,65.166
2844.875,94.606,84.97417931,65.51747125,2.493,35.092,2.492,65.093
2845,94.802,84.97206029,65.52035,2.495,34.549,2.52,65.372
2845.125,95.003,84.96994133,65.52322875,2.495,33.718,2.555,65.612
2845.25,95.216,84.96782242,65.5261075,2.493,32.758,2.607,65.653
2845.375,95.401,84.96570356,65.52898625,2.489,31.945,2.673,65.444
2845.5,95.421,84.96358475,65.531865,2.486,31.241,2.732,64.678
2845.625,95.39,84.961466,65.53474375,2.485,31.068,2.803,63.555
2845.75,95.204,84.9593473,65.5376225,2.489,31.337,2.909,61.699
2845.875,94.87,84.95722865,65.54050125,2.496,31.473,3.038,59.846
2846,94.509,84.95511006,65.54338,2.503,31.451,3.136,57.976
2846.125,94.062,84.95299151,65.54625875,2.508,30.878,3.245,56.361
2846.25,93.372,84.95087303,65.5491375,2.513,30.071,3.384,55.661
2846.375,92.57,84.94875459,65.55201625,2.517,29.611,3.53,55.853
2846.5,92.109,84.94663621,65.554895,2.519,29.285,3.614,56.247
2846.625,91.674,84.94451788,65.55777375,2.523,29.379,3.7,56.449
2846.75,91.294,84.9423996,65.5606525,2.527,29.63,3.789,56.138
2846.875,90.994,84.94028137,65.56353125,2.528,29.793,3.863,55.634
2847,90.762,84.9381632,65.56641,2.526,29.893,3.882,55.545
2847.125,90.417,84.93604508,65.56928875,2.522,29.729,3.89,55.695
2847.25,89.723,84.93392702,65.5721675,2.517,29.291,3.87,56.273
2847.375,88.718,84.931809,65.57504625,2.514,28.66,3.824,56.663
2847.5,87.91,84.92969104,65.577925,2.513,27.997,3.774,56.519
2847.625,87.102,84.92757314,65.58080375,2.513,27.356,3.715,56.342
2847.75,86.351,84.92545528,65.5836825,2.512,26.92,3.631,56.286
2847.875,85.93,84.92333748,65.58656125,2.51,27.024,3.537,56.677
2848,86.128,84.92121973,65.58944,2.508,27.246,3.47,57.479
2848.125,86.469,84.91910203,65.59231875,2.507,27.746,3.396,58.221
2848.25,87.176,84.91698439,65.5951975,2.506,28.221,3.301,58.69
2848.375,88.05,84.9148668,65.59807625,2.506,28.443,3.203,58.914
2848.5,88.594,84.91274926,65.600955,2.505,28.644,3.146,59.782
2848.625,89.14,84.91063177,65.60383375,2.501,28.868,3.087,60.947
2848.75,89.689,84.90851434,65.6067125,2.489,29.403,3.022,62.491
2848.875,90.132,84.90639696,65.60959125,2.472,30.222,2.96,63.451
2849,90.268,84.90427964,65.61247,2.458,31.016,2.926,63.79
2849.125,90.38,84.90216236,65.61534875,2.442,31.448,2.891,64.081
2849.25,90.444,84.90004514,65.6182275,2.42,31.344,2.849,64.342
2849.375,90.483,84.89792797,65.62110625,2.403,30.614,2.807,64.731
2849.5,90.506,84.89581086,65.623985,2.397,29.872,2.78,65.528
2849.625,90.533,84.89369379,65.62686375,2.394,29.368,2.75,66.4
2849.75,90.584,84.89157678,65.6297425,2.397,29.313,2.711,67.23
2849.875,90.682,84.88945983,65.63262125,2.404,29.502,2.667,67.575
2850,90.869,84.88734292,65.6355,2.41,29.671,2.636,67.181
2850.125,91.139,84.88522607,65.63837875,2.416,29.916,2.604,66.524
2850.25,91.64,84.88310927,65.6412575,2.424,30.487,2.565,65.424
2850.375,92.277,84.88099252,65.64413625,2.429,31.648,2.529,64.553
2850.5,92.6,84.87887583,65.647015,2.432,32.836,2.514,64.249
2850.625,92.839,84.87675919,65.64989375,2.434,33.722,2.501,64.293
2850.75,92.847,84.8746426,65.6527725,2.436,33.862,2.493,65.126
2850.875,92.657,84.87252607,65.65565125,2.437,33.265,2.489,66.097
2851,92.491,84.87040959,65.65853,2.438,32.65,2.489,66.835
2851.125,92.292,84.86829316,65.66140875,2.44,32.154,2.49,67.365
2851.25,91.956,84.86617678,65.6642875,2.444,31.968,2.493,67.323
2851.375,91.439,84.86406046,65.66716625,2.452,32.374,2.497,66.921
2851.5,91.046,84.86194418,65.670045,2.459,32.877,2.502,66.282
2851.625,90.732,84.85982797,65.67292375,2.467,33.579,2.506,65.652
2851.75,90.665,84.8577118,65.6758025,2.478,34.112,2.505,65.187
2851.875,90.874,84.85559569,65.67868125,2.484,33.865,2.494,65.082
2852,90.991,84.85347963,65.68156,2.486,33.495,2.473,65.378
2852.125,91.015,84.85136362,65.68443875,2.486,32.862,2.446,65.82
2852.25,90.815,84.84924767,65.6873175,2.486,32.252,2.404,66.53
2852.375,90.552,84.84713176,65.69019625,2.487,31.747,2.355,67.185
2852.5,90.593,84.84501591,65.693075,2.489,31.244,2.319,67.92
2852.625,90.725,84.84290012,65.69595375,2.491,30.818,2.278,68.668
2852.75,91.072,84.84078438,65.6988325,2.495,30.542,2.22,69.347
2852.875,91.472,84.83866868,65.70171125,2.497,31.056,2.152,69.821
2853,91.716,84.83655305,65.70459,2.498,31.745,2.106,70.297
2853.125,92.051,84.83443746,65.70746875,2.499,32.786,2.058,70.771
2853.25,92.707,84.83232193,65.7103475,2.502,33.677,2.002,71.198
2853.375,93.704,84.83020645,65.71322625,2.505,34.053,1.948,71.55
2853.5,94.484,84.82809102,65.716105,2.506,34.372,1.92,72.033
2853.625,95.211,84.82597565,65.71898375,2.504,34.734,1.892,72.503
2853.75,95.729,84.82386033,65.7218625,2.499,35.35,1.862,72.827
2853.875,95.818,84.82174506,65.72474125,2.495,35.635,1.836,72.849
2854,95.552,84.81962984,65.72762,2.494,35.65,1.826,72.517
2854.125,95.27,84.81751468,65.73049875,2.495,34.912,1.818,72.036
2854.25,94.99,84.81539957,65.7333775,2.5,34.272,1.813,71.242
2854.375,94.856,84.81328451,65.73625625,2.505,34.724,1.812,70.395
2854.5,94.947,84.81116951,65.739135,2.508,35.355,1.813,69.553
2854.625,95.064,84.80905455,65.74201375,2.511,36.366,1.814,68.959
2854.75,95.234,84.80693965,65.7448925,2.514,37.298,1.814,69.109
2854.875,95.408,84.80482481,65.74777125,2.515,37.859,1.812,69.744
2855,95.64,84.80271001,65.75065,2.515,38.313,1.808,70.158
2855.125,95.952,84.80059527,65.75352875,2.514,38.386,1.804,70.228
2855.25,96.442,84.79848058,65.7564075,2.512,38.123,1.797,69.506
2855.375,96.87,84.79636595,65.75928625,2.511,37.766,1.787,68.681
2855.5,96.776,84.79425137,65.762165,2.511,37.552,1.781,68.542
2855.625,96.626,84.79213684,65.76504375,2.512,37.774,1.774,68.725
2855.75,96.453,84.79002236,65.7679225,2.511,38.037,1.766,69.501
2855.875,96.622,84.78790793,65.77080125,2.51,37.888,1.758,70.084
2856,97.322,84.78579356,65.77368,2.509,37.596,1.754,70.047
2856.125,98.182,84.78367924,65.77655875,2.509,36.828,1.749,69.773
2856.25,99.392,84.78156497,65.7794375,2.511,35.884,1.743,69.006
2856.375,100.519,84.77945076,65.78231625,2.514,35.644,1.737,68.188
2856.5,100.847,84.7773366,65.785195,2.514,35.614,1.734,67.377
2856.625,101.011,84.77522249,65.78807375,2.514,36.056,1.731,66.808
2856.75,100.736,84.77310844,65.7909525,2.509,36.309,1.729,67.053
2856.875,100.122,84.77099443,65.79383125,2.503,36.009,1.727,68.059
2857,99.636,84.76888048,65.79671,2.497,35.718,1.726,69.824
2857.125,99.132,84.76676658,65.79958875,2.492,35.796,1.726,71.557
2857.25,98.549,84.76465274,65.8024675,2.485,36.422,1.725,72.829
2857.375,97.925,84.76253895,65.80534625,2.479,36.823,1.728,73.245
2857.5,97.423,84.76042521,65.808225,2.475,36.972,1.736,73.344
2857.625,96.878,84.75831152,65.81110375,2.472,36.174,1.746,73.445
2857.75,96.218,84.75619789,65.8139825,2.471,34.869,1.766,73.552
2857.875,95.56,84.75408431,65.81686125,2.475,34.243,1.793,73.653
2858,95.188,84.75197078,65.81974,2.481,33.904,1.816,73.839
2858.125,94.867,84.7498573,65.82261875,2.487,34.45,1.842,73.938
2858.25,94.73,84.74774388,65.8254975,2.492,35.25,1.877,73.643
2858.375,94.894,84.74563051,65.82837625,2.488,35.208,1.916,72.77
2858.5,95.125,84.74351719,65.831255,2.481,34.938,1.945,71.143
2858.625,95.272,84.74140392,65.83413375,2.473,34.227,1.977,69.752
2858.75,95.144,84.73929071,65.8370125,2.462,33.806,2.017,69.389
2858.875,94.692,84.73717755,65.83989125,2.455,34.096,2.06,70.194
2859,94.234,84.73506445,65.84277,2.454,34.43,2.086,71.303
2859.125,93.712,84.73295139,65.84564875,2.456,34.687,2.112,72.043
2859.25,92.982,84.73083839,65.8485275,2.464,34.65,2.139,71.73
2859.375,92.102,84.72872544,65.85140625,2.474,34.606,2.162,70.825
2859.5,91.509,84.72661254,65.854285,2.481,34.645,2.177,70.13
2859.625,91.013,84.7244997,65.85716375,2.487,34.9,2.196,69.763
2859.75,90.862,84.72238691,65.8600425,2.491,35.09,2.228,70.223
2859.875,91.246,84.72027417,65.86292125,2.491,34.68,2.271,71.023
2860,91.794,84.71816149,65.8658,2.49,34.141,2.307,71.773
2860.125,92.21,84.71604885,65.86867875,2.49,33.256,2.348,72.309
2860.25,92.116,84.71393627,65.8715575,2.493,32.358,2.398,72.211
2860.375,91.205,84.71182375,65.87443625,2.498,31.424,2.449,71.65
2860.5,89.939,84.70971127,65.877315,2.501,30.42,2.479,70.504
2860.625,88.585,84.70759885,65.88019375,2.503,29.256,2.51,69.177
2860.75,87.102,84.70548648,65.8830725,2.504,28.325,2.544,67.697
2860.875,86.007,84.70337416,65.88595125,2.504,27.843,2.574,66.784
2861,85.826,84.7012619,65.88883,2.503,27.461,2.581,66.76
2861.125,85.764,84.69914969,65.89170875,2.501,27.323,2.582,67.122
2861.25,86.03,84.69703753,65.8945875,2.498,27.177,2.564,68.306
2861.375,86.622,84.69492542,65.89746625,2.493,26.833,2.528,69.573
2861.5,87.396,84.69281337,65.900345,2.491,26.52,2.489,70.771
2861.625,88.326,84.69070137,65.90322375,2.49,26.602,2.445,71.761
2861.75,89.639,84.68858942,65.9061025,2.493,27.293,2.387,72.04
2861.875,90.988,84.68647753,65.90898125,2.499,28.548,2.328,71.667
2862,91.692,84.68436568,65.91186,2.504,29.841,2.299,71.109
2862.125,92.377,84.68225389,65.91473875,2.508,30.845,2.272,70.782
2862.25,92.999,84.68014216,65.9176175,2.511,31.293,2.249,71.158
2862.375,93.394,84.67803047,65.92049625,2.511,31.617,2.234,72.055
2862.5,93.301,84.67591884,65.923375,2.51,32.007,2.23,73.454
2862.625,93.062,84.67380726,65.92625375,2.51,32.313,2.228,74.796
2862.75,92.404,84.67169573,65.9291325,2.511,32.02,2.226,75.64
2862.875,91.405,84.66958426,65.93201125,2.512,31.235,2.226,75.567
2863,90.691,84.66747284,65.93489,2.513,30.558,2.227,74.687
2863.125,90.134,84.66536147,65.93776875,2.514,30.448,2.23,73.836
2863.25,90.163,84.66325015,65.9406475,2.515,30.923,2.237,73.387
2863.375,91.137,84.66113889,65.94352625,2.516,31.978,2.246,73.707
2863.5,92.509,84.65902768,65.946405,2.515,33.069,2.251,74.486
2863.625,93.871,84.65691652,65.94928375,2.514,34.137,2.255,75.112
2863.75,95.043,84.65480541,65.9521625,2.512,34.956,2.254,75.164
2863.875,95.49,84.65269436,65.95504125,2.513,34.772,2.249,74.65
2864,95.183,84.65058336,65.95792,2.514,34.311,2.243,74.019
2864.125,94.838,84.64847241,65.96079875,2.515,33.171,2.238,73.647
2864.25,94.436,84.64636152,65.9636775,2.515,32.133,2.232,74.045
2864.375,94.108,84.64425068,65.96655625,2.514,31.672,2.229,75.012
2864.5,93.961,84.64213989,65.969435,2.513,31.216,2.229,76.799
2864.625,93.862,84.64002915,65.97231375,2.512,30.5,2.229,78.625
2864.75,93.901,84.63791846,65.9751925,2.513,29.357,2.227,80.003
2864.875,94.045,84.63580783,65.97807125,2.515,28.96,2.223,80.099
2865,93.999,84.63369725,65.98095,2.516,28.862,2.22,78.697
2865.125,93.818,84.63158673,65.98382875,2.515,29.89,2.218,77.064
2865.25,93.26,84.62947625,65.9867075,2.507,31.234,2.22,75.389
2865.375,92.439,84.62736583,65.98958625,2.493,31.502,2.225,74.705
2865.5,91.767,84.62525546,65.992465,2.481,31.569,2.235,74.798
2865.625,90.968,84.62314515,65.99534375,2.468,31.273,2.247,74.893
2865.75,89.803,84.62103488,65.9982225,2.451,31.163,2.263,74.832
2865.875,88.491,84.61892467,66.00110125,2.434,31.152,2.283,74.405
2866,87.906,84.61681452,66.00398,2.423,31.096,2.297,73.339
2866.125,87.501,84.61470441,66.00685875,2.41,30.858,2.313,72.237
2866.25,87.584,84.61259436,66.0097375,2.393,30.533,2.331,71.404
2866.375,88.075,84.61048436,66.01261625,2.381,30.247,2.35,71.394
2866.5,88.36,84.60837441,66.015495,2.378,29.958,2.359,72.41
2866.625,88.544,84.60626451,66.01837375,2.379,29.732,2.366,73.655
2866.75,88.452,84.60415467,66.0212525,2.383,29.72,2.367,75.098
2866.875,88.135,84.60204488,66.02413125,2.386,29.922,2.359,75.882
2867,87.908,84.59993514,66.02701,2.388,30.122,2.342,75.516
2867.125,87.714,84.59782546,66.02988875,2.388,30.193,2.321,74.762
2867.25,87.635,84.59571583,66.0327675,2.388,30.049,2.288,73.394
2867.375,87.748,84.59360625,66.03564625,2.386,29.688,2.248,72.52
2867.5,88.186,84.59149672,66.038525,2.384,29.33,2.222,72.789
2867.625,88.819,84.58938725,66.04140375,2.383,29.107,2.195,73.313
2867.75,89.951,84.58727783,66.0442825,2.382,29.092,2.163,74.097
2867.875,91.26,84.58516846,66.04716125,2.384,29.709,2.132,74.269
2868,91.819,84.58305914,66.05004,2.386,30.49,2.116,73.675
2868.125,92.238,84.58094988,66.05291875,2.389,31.696,2.103,73.114
2868.25,92.305,84.57884067,66.0557975,2.394,32.983,2.093,72.909
2868.375,92.112,84.57673151,66.05867625,2.398,33.509,2.09,73.328
2868.5,91.876,84.5746224,66.061555,2.401,33.777,2.098,74.165
2868.625,91.633,84.57251335,66.06443375,2.405,33.275,2.109,74.9
2868.75,91.409,84.57040435,66.0673125,2.414,32.595,2.129,75.224
2868.875,91.354,84.5682954,66.07019125,2.426,31.967,2.152,75.134
2869,91.469,84.5661865,66.07307,2.436,31.292,2.167,75.184
2869.125,91.566,84.56407766,66.07594875,2.445,30.433,2.182,75.396
2869.25,91.604,84.56196887,66.0788275,2.458,29.576,2.195,75.869
2869.375,91.58,84.55986013,66.08170625,2.466,29.752,2.202,76.091
2869.5,91.771,84.55775145,66.084585,2.469,30.209,2.201,75.425
2869.625,92.147,84.55564281,66.08746375,2.47,31.315,2.2,74.478
2869.75,92.989,84.55353423,66.0903425,2.468,32.225,2.197,73.184
2869.875,93.962,84.55142571,66.09322125,2.464,32.301,2.195,72.457
2870,94.142,84.54931723,66.0961,2.462,32.29,2.196,72.531
2870.125,94.092,84.54720881,66.09897875,2.462,32.206,2.199,72.865
2870.25,93.442,84.54510044,66.1018575,2.464,32.354,2.202,73.746
2870.375,92.415,84.54299212,66.10473625,2.467,32.497,2.203,74.721
2870.5,91.696,84.54088386,66.107615,2.468,32.563,2.201,75.753
2870.625,90.941,84.53877565,66.11049375,2.467,32.462,2.198,76.545
2870.75,90.106,84.53666749,66.1133725,2.462,32.42,2.193,76.539
2870.875,89.43,84.53455938,66.11625125,2.454,32.156,2.19,75.857
2871,89.519,84.53245133,66.11913,2.449,31.748,2.193,74.915
2871.125,89.815,84.53034332,66.12200875,2.448,30.916,2.198,74.111
2871.25,90.595,84.52823538,66.1248875,2.452,30.097,2.205,73.793
2871.375,91.462,84.52612748,66.12776625,2.461,30.289,2.212,73.94
2871.5,91.578,84.52401963,66.130645,2.467,30.731,2.214,74.468
2871.625,91.487,84.52191184,66.13352375,2.47,31.67,2.215,75.034
2871.75,90.865,84.5198041,66.1364025,2.47,32.298,2.214,75.507
2871.875,89.945,84.51769642,66.13928125,2.469,32.101,2.214,75.547
2872,89.449,84.51558878,66.14216,2.469,31.852,2.215,75.11
2872.125,89.054,84.5134812,66.14503875,2.472,31.616,2.217,74.658
2872.25,88.933,84.51137367,66.1479175,2.479,31.618,2.219,74.337
2872.375,89.083,84.5092662,66.15079625,2.485,31.815,2.217,74.375
2872.5,89.237,84.50715877,66.153675,2.489,32.001,2.21,74.709
2872.625,89.379,84.5050514,66.15655375,2.49,32.059,2.201,75.042
2872.75,89.53,84.50294409,66.1594325,2.487,31.92,2.185,75.275
2872.875,89.791,84.50083682,66.16231125,2.482,31.71,2.168,75.296
2873,90.193,84.49872961,66.16519,2.477,31.57,2.162,75.186
2873.125,90.622,84.49662245,66.16806875,2.474,31.724,2.156,75.002
2873.25,91.015,84.49451534,66.1709475,2.474,32.108,2.152,74.623
2873.375,91.023,84.49240828,66.17382625,2.478,32.124,2.148,74.141
2873.5,90.501,84.49030128,66.176705,2.482,31.97,2.146,73.54
2873.625,89.912,84.48819433,66.17958375,2.487,31.346,2.144,72.996
2873.75,89.256,84.48608743,66.1824625,2.491,30.674,2.144,72.712
2873.875,88.928,84.48398058,66.18534125,2.492,30.457,2.147,72.742
2874,89.135,84.48187379,66.18822,2.491,30.341,2.153,72.914
2874.125,89.369,84.47976705,66.19109875,2.489,30.465,2.16,73.132
2874.25,89.598,84.47766036,66.1939775,2.486,30.607,2.166,73.441
2874.375,89.613,84.47555373,66.19685625,2.485,30.59,2.169,73.715
2874.5,89.419,84.47344714,66.199735,2.486,30.549,2.165,73.596
2874.625,89.25,84.47134061,66.20261375,2.488,30.495,2.16,73.322
2874.75,89.221,84.46923414,66.2054925,2.493,30.46,2.151,72.873
2874.875,89.485,84.46712771,66.20837125,2.499,30.735,2.141,72.811
2875,89.945,84.46502134,66.21125,2.503,31.139,2.137,73.262
2875.125,90.474,84.46291502,66.21412875,2.507,32.028,2.134,73.608
2875.25,91.152,84.46080875,66.2170075,2.512,33.186,2.132,73.502
2875.375,91.749,84.45870253,66.21988625,2.517,33.79,2.132,72.916
2875.5,91.84,84.45659637,66.222765,2.52,34.131,2.131,72.213
2875.625,91.811,84.45449026,66.22564375,2.523,33.637,2.131,71.645
2875.75,91.469,84.4523842,66.2285225,2.526,32.896,2.131,71.499
2875.875,90.939,84.4502782,66.23140125,2.528,32.491,2.131,71.674
2876,90.607,84.44817225,66.23428,2.529,32.123,2.131,71.922
2876.125,90.314,84.44606635,66.23715875,2.53,31.742,2.131,72.097
2876.25,90.168,84.4439605,66.2400375,2.532,31.186,2.129,72.053
2876.375,90.3,84.4418547,66.24291625,2.533,30.98,2.125,71.867
2876.5,90.779,84.43974896,66.245795,2.531,30.94,2.119,71.793
2876.625,91.364,84.43764327,66.24867375,2.528,31.367,2.113,71.843
2876.75,92.149,84.43553763,66.2515525,2.523,31.801,2.101,72.159
2876.875,92.776,84.43343205,66.25443125,2.518,32.001,2.086,72.45
2877,92.849,84.43132652,66.25731,2.514,32.198,2.077,72.393
2877.125,92.877,84.42922104,66.26018875,2.511,32.593,2.067,72.183
2877.25,92.809,84.42711561,66.2630675,2.506,33.393,2.058,71.688
2877.375,92.684,84.42501023,66.26594625,2.502,34.335,2.051,71.273
2877.5,92.49,84.42290491,66.268825,2.5,35.111,2.05,71.266
2877.625,92.256,84.42079964,66.27170375,2.499,35.133,2.05,71.497
2877.75,91.967,84.41869442,66.2745825,2.499,34.636,2.052,72.2
2877.875,91.822,84.41658926,66.27746125,2.498,33.846,2.055,72.783
2878,91.969,84.41448415,66.28034,2.497,33.01,2.058,72.701
2878.125,92.14,84.41237909,66.28321875,2.494,32.117,2.061,72.41
2878.25,92.329,84.41027408,66.2860975,2.485,31.36,2.064,71.817
2878.375,92.404,84.40816913,66.28897625,2.473,31.253,2.065,71.543
2878.5,92.319,84.40606422,66.291855,2.466,31.315,2.064,71.864
2878.625,92.266,84.40395937,66.29473375,2.461,31.963,2.062,72.288
2878.75,92.367,84.40185458,66.2976125,2.458,32.859,2.055,72.746
2878.875,92.748,84.39974983,66.30049125,2.457,33.503,2.045,72.786
2879,93.334,84.39764514,66.30337,2.455,34.046,2.038,72.216
2879.125,94.031,84.3955405,66.30624875,2.449,34.167,2.029,71.544
2879.25,94.991,84.39343591,66.3091275,2.435,33.88,2.019,70.807
2879.375,95.914,84.39133138,66.31200625,2.42,33.272,2.01,70.357
2879.5,96.272,84.38922689,66.314885,2.413,32.767,2.003,69.793
2879.625,96.582,84.38712246,66.31776375,2.408,32.872,1.995,69.101
2879.75,96.775,84.38501808,66.3206425,2.403,33.617,1.98,68.251
2879.875,96.854,84.38291376,66.32352125,2.399,34.565,1.962,67.696
2880,96.87,84.38080949,66.3264,2.397,35.361,1.948,67.545
2880.125,96.923,84.37870527,66.32927875,2.394,35.475,1.933,67.411
2880.25,97.093,84.3766011,66.3321575,2.391,35.073,1.916,67.205
2880.375,97.385,84.37449698,66.33503625,2.388,34.725,1.9,66.777
2880.5,97.621,84.37239292,66.337915,2.388,34.503,1.892,65.914
2880.625,97.811,84.37028891,66.34079375,2.388,34.798,1.883,65.003
2880.75,97.839,84.36818495,66.3436725,2.391,35.511,1.872,64.237
2880.875,97.635,84.36608105,66.34655125,2.396,36.32,1.86,64.085
2881,97.373,84.36397719,66.34943,2.401,36.985,1.854,64.896
2881.125,97.107,84.36187339,66.35230875,2.406,37.038,1.848,65.948
2881.25,96.853,84.35976965,66.3551875,2.416,36.673,1.845,67.268
2881.375,96.711,84.35766595,66.35806625,2.425,36.214,1.844,68.103
2881.5,96.752,84.35556231,66.360945,2.429,35.847,1.846,68.944
2881.625,96.828,84.35345872,66.36382375,2.431,35.911,1.849,69.929
2881.75,96.975,84.35135518,66.3667025,2.428,36.299,1.852,71.04
2881.875,97.09,84.34925169,66.36958125,2.421,36.397,1.853,71.663
2882,96.955,84.34714826,66.37246,2.415,36.32,1.85,71.706
2882.125,96.745,84.34504488,66.37533875,2.408,35.654,1.846,71.681
2882.25,96.381,84.34294155,66.3782175,2.401,34.675,1.837,71.583
2882.375,96.07,84.34083827,66.38109625,2.397,34.192,1.826,71.558
2882.5,96.186,84.33873505,66.383975,2.397,33.955,1.82,71.047
2882.625,96.406,84.33663188,66.38685375,2.397,34.483,1.813,70.3
2882.75,96.863,84.33452876,66.3897325,2.398,35.33,1.806,69.237
2882.875,97.343,84.3324257,66.39261125,2.398,35.998,1.801,68.612
2883,97.522,84.33032268,66.39549,2.398,36.576,1.802,68.441
2883.125,97.671,84.32821972,66.39836875,2.399,36.594,1.806,68.315
2883.25,97.757,84.32611681,66.4012475,2.401,36.502,1.821,68.244
2883.375,97.816,84.32401396,66.40412625,2.406,36.287,1.847,68.103
2883.5,97.792,84.32191115,66.407005,2.411,36.08,1.873,67.542
2883.625,97.677,84.3198084,66.40988375,2.416,35.967,1.904,66.796
2883.75,97.273,84.3177057,66.4127625,2.423,35.966,1.944,65.763
2883.875,96.578,84.31560305,66.41564125,2.429,35.852,1.987,64.958
2884,95.999,84.31350046,66.41852,2.431,35.658,2.013,64.292
2884.125,95.473,84.31139792,66.42139875,2.431,35.094,2.043,63.738
2884.25,95.159,84.30929543,66.4242775,2.432,34.229,2.08,63.605
2884.375,95.237,84.30719299,66.42715625,2.432,33.695,2.121,63.981
2884.5,95.536,84.30509061,66.430035,2.433,33.363,2.144,64.92
2884.625,95.802,84.30298828,66.43291375,2.432,33.628,2.164,65.745
2884.75,95.923,84.300886,66.4357925,2.427,33.974,2.179,65.938
2884.875,95.784,84.29878377,66.43867125,2.418,33.688,2.184,65.215
2885,95.62,84.2966816,66.44155,2.411,33.257,2.18,63.631
2885.125,95.523,84.29457947,66.44442875,2.407,32.671,2.176,62.083
2885.25,95.619,84.2924774,66.4473075,2.412,32.571,2.169,61.015
2885.375,95.881,84.29037539,66.45018625,2.435,33.165,2.16,60.865
2885.5,96.04,84.28827342,66.453065,2.459,33.713,2.153,61.291
2885.625,96.177,84.28617151,66.45594375,2.488,33.794,2.143,61.682
2885.75,96.28,84.28406965,66.4588225,2.524,33.371,2.126,61.865
2885.875,96.417,84.28196784,66.46170125,2.543,33.228,2.103,61.811
2886,96.666,84.27986608,66.46458,2.542,33.296,2.084,62.114
2886.125,97.002,84.27776438,66.46745875,2.532,34.164,2.063,62.666
2886.25,97.592,84.27566273,66.4703375,2.51,35.453,2.035,63.626
2886.375,98.38,84.27356113,66.47321625,2.488,36.021,2.005,64.253
2886.5,98.843,84.27145959,66.476095,2.478,36.271,1.986,64.03
2886.625,99.163,84.26935809,66.47897375,2.473,35.492,1.967,63.617
2886.75,99.048,84.26725665,66.4818525,2.47,34.364,1.946,63.035
2886.875,98.464,84.26515526,66.48473125,2.472,33.987,1.926,62.985
2887,97.943,84.26305393,66.48761,2.473,33.877,1.915,63.711
2887.125,97.469,84.26095264,66.49048875,2.475,34.42,1.903,64.514
2887.25,97.153,84.25885141,66.4933675,2.478,34.861,1.889,65.26
2887.375,97.12,84.25675023,66.49624625,2.481,35.069,1.876,65.565
2887.5,97.343,84.25464911,66.499125,2.483,35.313,1.874,65.723
2887.625,97.627,84.25254803,66.50200375,2.485,35.621,1.874,65.837
2887.75,98.007,84.25044701,66.5048825,2.487,35.682,1.88,65.741
2887.875,98.19,84.24834604,66.50776125,2.489,34.457,1.893,65.311
2888,97.776,84.24624513,66.51064,2.49,33.062,1.904,64.365
2888.125,97.201,84.24414426,66.51351875,2.492,31.727,1.916,63.464
2888.25,96.26,84.24204345,66.5163975,2.498,31.384,1.93,62.955
2888.375,95.33,84.23994269,66.51927625,2.505,32.344,1.945,63.13
2888.5,95.024,84.23784198,66.522155,2.509,33.315,1.956,63.963
2888.625,94.803,84.23574133,66.52503375,2.512,33.988,1.969,64.963
2888.75,94.778,84.23364072,66.5279125,2.514,34.123,1.989,66.169
2888.875,94.871,84.23154017,66.53079125,2.515,33.589,2.014,67.038
2889,94.93,84.22943968,66.53367,2.516,32.979,2.035,66.712
2889.125,94.904,84.22733923,66.53654875,2.517,32.176,2.061,65.477
2889.25,94.591,84.22523884,66.5394275,2.517,31.345,2.097,62.26
2889.375,93.959,84.2231385,66.54230625,2.515,30.896,2.138,58.915
2889.5,93.442,84.22103821,66.545185,2.512,30.584,2.167,56.506
2889.625,92.974,84.21893797,66.54806375,2.51,30.67,2.201,54.801
2889.75,92.657,84.21683779,66.5509425,2.506,30.889,2.248,54.867
2889.875,92.547,84.21473766,66.55382125,2.504,31.133,2.301,55.596
2890,92.415,84.21263758,66.5567,2.502,31.335,2.34,55.8
2890.125,92.184,84.21053755,66.55957875,2.501,31.278,2.384,55.951
2890.25,91.714,84.20843758,66.5624575,2.497,30.958,2.442,56.252
2890.375,91.205,84.20633766,66.56533625,2.491,30.672,2.509,57.197
2890.5,91.038,84.20423779,66.568215,2.487,30.453,2.562,59.415
2890.625,90.84,84.20213797,66.57109375,2.481,30.353,2.623,61.776
2890.75,90.438,84.20003821,66.5739725,2.471,30.049,2.708,63.883
2890.875,89.609,84.19793849,66.57685125,2.46,29.113,2.801,64.747
2891,88.557,84.19583883,66.57973,2.453,28.122,2.862,65.008
2891.125,87.399,84.19373923,66.58260875,2.448,27.115,2.929,65.406
2891.25,86.026,84.19163967,66.5854875,2.442,26.419,3.019,66.215
2891.375,84.835,84.18954017,66.58836625,2.44,26.67,3.126,67.275
2891.5,84.278,84.18744072,66.591245,2.441,27.083,3.224,68.657
2891.625,83.64,84.18534132,66.59412375,2.443,27.688,3.342,69.914
2891.75,82.71,84.18324197,66.5970025,2.448,27.914,3.521,70.504
2891.875,81.482,84.18114268,66.59988125,2.452,26.964,3.727,70.047
2892,80.049,84.17904344,66.60276,2.455,25.733,3.851,67.315
2892.125,78.106,84.17694425,66.60563875,2.457,23.666,3.968,63.622
2894,78.086,84.1454627,66.64882,2.479,24.607,3.065,69.618
2894.125,80.963,84.14336435,66.65169875,2.474,27.668,2.935,71.71
2894.25,84.346,84.14126605,66.6545775,2.466,30.493,2.775,72.381
2894.375,87.211,84.1391678,66.65745625,2.46,31.79,2.611,72.223
2894.5,88.428,84.13706961,66.660335,2.458,32.808,2.521,72.022
2894.625,89.649,84.13497147,66.66321375,2.457,32.873,2.433,71.875
2894.75,90.865,84.13287338,66.6660925,2.458,32.298,2.35,71.867
2894.875,91.776,84.13077534,66.66897125,2.465,31.389,2.288,71.938
2895,91.935,84.12867736,66.67185,2.473,30.585,2.272,72.074
2895.125,92.003,84.12657942,66.67472875,2.483,30.34,2.261,72.229
2895.25,91.836,84.12448154,66.6776075,2.498,30.672,2.263,72.408
2895.375,91.489,84.12238371,66.68048625,2.508,31.392,2.276,72.585
2895.5,91.107,84.12028594,66.683365,2.51,32.096,2.292,73.189
2895.625,90.578,84.11818821,66.68624375,2.508,32.624,2.31,73.95
2895.75,89.595,84.11609054,66.6891225,2.498,32.819,2.332,74.819
2895.875,88.242,84.11399292,66.69200125,2.483,32.326,2.35,75.104
2896,87.435,84.11189536,66.69488,2.474,31.766,2.357,74.275
2896.125,86.878,84.10979784,66.69775875,2.466,31.19,2.364,73.216
2896.25,87.094,84.10770038,66.7006375,2.456,30.866,2.368,71.972
2896.375,88.169,84.10560297,66.70351625,2.444,30.965,2.37,71.361
2896.5,89.131,84.10350562,66.706395,2.433,31.123,2.368,71.11
2896.625,89.987,84.10140831,66.70927375,2.421,31.459,2.363,70.837
2896.75,90.535,84.09931106,66.7121525,2.409,31.953,2.35,70.548
2896.875,90.693,84.09721386,66.71503125,2.408,32.594,2.331,70.398
2897,90.709,84.09511671,66.71791,2.415,33.146,2.317,70.456
2897.125,90.768,84.09301961,66.72078875,2.425,33.163,2.304,70.501
2897.25,90.907,84.09092257,66.7236675,2.44,32.565,2.292,70.433
2897.375,90.992,84.08882558,66.72654625,2.449,31.863,2.286,70.172
2897.5,90.87,84.08672864,66.729425,2.451,31.353,2.29,69.512
2897.625,90.699,84.08463175,66.73230375,2.452,31.645,2.296,68.594
2897.75,90.425,84.08253492,66.7351825,2.458,32.428,2.305,67.129
2897.875,90.194,84.08043814,66.73806125,2.469,32.865,2.315,65.615
2898,90.261,84.07834141,66.74094,2.478,33.159,2.318,64.141
2898.125,90.438,84.07624473,66.74381875,2.484,33.352,2.318,63.052
2898.25,90.914,84.0741481,66.7466975,2.487,31.647,2.314,63.191
2898.375,91.584,84.07205153,66.74957625,2.484,32.503,2.305,64.345
2898.5,92.075,84.06995501,66.752455,2.479,33.05,2.296,66.385
2898.625,92.548,84.06785854,66.75533375,2.472,33.195,2.285,68.478
2898.75,92.93,84.06576213,66.7582125,2.463,33.718,2.27,70.258
2898.875,93.042,84.06366576,66.76109125,2.453,34.631,2.252,71.077
2899,92.752,84.06156945,66.76397,2.448,35.585,2.238,71.385
2899.125,92.4,84.05947319,66.76684875,2.444,36.605,2.223,71.587
2899.25,91.957,84.05737698,66.7697275,2.443,37.478,2.204,71.504
2899.375,91.702,84.05528083,66.77260625,2.446,36.985,2.185,71.228
2899.5,91.861,84.05318473,66.775485,2.45,35.367,2.178,70.672
2899.625,92.091,84.05108868,66.77836375,2.453,33.312,2.172,70.005
2899.75,92.492,84.04899268,66.7812425,2.454,32.839,2.17,69.203
2899.875,92.949,84.04689673,66.78412125,2.451,33.207,2.173,68.654
2900,93.288,84.04480084,66.787,2.449,33.559,2.177,68.534
2900.125,93.678,84.042705,66.78987875,2.451,33.592,2.181,68.609
2900.25,94.187,84.04060921,66.7927575,2.458,33.178,2.185,69.099
2900.375,94.657,84.03851347,66.79563625,2.466,32.739,2.188,69.617
2900.5,94.743,84.03641779,66.798515,2.469,32.386,2.187,70.09
2900.625,94.748,84.03432216,66.80139375,2.468,32.314,2.186,70.564
2900.75,94.559,84.03222658,66.8042725,2.462,32.413,2.183,71.012
2900.875,94.296,84.03013105,66.80715125,2.456,32.635,2.18,71.362
2901,94.243,84.02803557,66.81003,2.455,32.807,2.185,71.495
2901.125,94.234,84.02594015,66.81290875,2.456,32.751,2.195,71.468
2901.25,94.307,84.02384478,66.8157875,2.462,32.532,2.219,71.078
2901.375,94.333,84.02174946,66.81866625,2.471,31.895,2.258,70.644
2901.5,93.912,84.0196542,66.821545,2.476,31.159,2.297,70.461
2901.625,93.162,84.01755898,66.82442375,2.48,30.199,2.345,70.428
2901.75,91.492,84.01546382,66.8273025,2.483,29.198,2.417,70.717
2901.875,89.232,84.01336871,66.83018125,2.485,28.482,2.504,71.001
2902,87.838,84.01127365,66.83306,2.488,27.792,2.575,70.939
2902.125,86.542,84.00917865,66.83593875,2.49,27.285,2.656,70.731
2902.25,85.477,84.0070837,66.8388175,2.495,26.981,2.766,70.279
2902.375,84.681,84.0049888,66.84169625,2.5,27.044,2.883,70.006
2902.5,84.209,84.00289395,66.844575,2.502,27.15,2.941,70.178
2902.625,83.742,84.00079915,66.84745375,2.503,27.224,2.991,70.468
2902.75,83.362,83.99870441,66.8503325,2.505,27.07,3.017,70.95
2902.875,83.311,83.99660972,66.85321125,2.506,27.008,3.012,71.359
2903,83.749,83.99451508,66.85609,2.506,27.035,2.976,72.07
2903.125,84.361,83.99242049,66.85896875,2.507,27.325,2.928,72.854
2903.25,85.443,83.99032595,66.8618475,2.508,27.722,2.849,73.528
2903.375,86.797,83.98823147,66.86472625,2.509,28.252,2.754,73.51
2903.5,87.81,83.98613704,66.867605,2.511,28.846,2.688,72.341
2903.625,88.87,83.98404266,66.87048375,2.512,29.822,2.617,71.067
2903.75,90.062,83.98194834,66.8733625,2.512,31.01,2.531,69.988
2903.875,91.201,83.97985406,66.87624125,2.508,31.634,2.447,69.784
2904,91.837,83.97775984,66.87912,2.504,32.104,2.403,69.858
2904.125,92.457,83.97566567,66.88199875,2.499,32.138,2.359,69.679
2904.25,93,83.97357156,66.8848775,2.495,32.051,2.315,68.841
2904.375,93.283,83.97147749,66.88775625,2.493,32.113,2.279,67.727
2904.5,93.139,83.96938348,66.890635,2.494,32.217,2.265,66.451
2904.625,92.932,83.96728952,66.89351375,2.495,32.453,2.251,65.319
2904.75,92.594,83.96519561,66.8963925,2.498,32.813,2.239,64.815
2904.875,92.268,83.96310175,66.89927125,2.5,33.61,2.226,65.132
2905,92.173,83.96100795,66.90215,2.502,34.427,2.217,66.331
2905.125,92.158,83.9589142,66.90502875,2.504,34.932,2.205,67.645
2905.25,92.386,83.9568205,66.9079075,2.507,34.771,2.189,68.939
2905.375,92.864,83.95472685,66.91078625,2.51,34.195,2.173,69.72
2905.5,93.28,83.95263326,66.913665,2.512,33.697,2.169,70.455
2905.625,93.648,83.95053971,66.91654375,2.513,33.625,2.17,71.177
2905.75,93.798,83.94844622,66.9194225,2.512,33.889,2.179,71.701
2905.875,93.471,83.94635279,66.92230125,2.509,34.141,2.196,71.786
2906,92.492,83.9442594,66.92518,2.504,34.376,2.209,71.209
2906.125,91.226,83.94216607,66.92805875,2.499,34.67,2.224,70.406
2906.25,89.334,83.94007278,66.9309375,2.492,35.133,2.242,69.276
2906.375,87.632,83.93797955,66.93381625,2.489,35.102,2.264,68.524
2906.5,87.556,83.93588638,66.936695,2.489,34.867,2.286,69.04
2906.625,87.735,83.93379325,66.93957375,2.491,34.036,2.313,70.196
2906.75,88.396,83.93170018,66.9424525,2.496,33.12,2.35,72.53
2906.875,88.893,83.92960716,66.94533125,2.504,32.516,2.388,74.44
2907,88.658,83.92751419,66.94821,2.508,31.968,2.4,75.384
2907.125,88.395,83.92542127,66.95108875,2.511,31.675,2.407,76.013
2907.25,88.194,83.92332841,66.9539675,2.509,31.69,2.403,75.954
2907.375,88.376,83.9212356,66.95684625,2.504,32.214,2.391,75.772
2907.5,88.727,83.91914284,66.959725,2.5,32.768,2.384,75.63
2907.625,89.007,83.91705013,66.96260375,2.498,33.063,2.379,75.332
2907.75,89.039,83.91495748,66.9654825,2.498,32.722,2.378,74.609
2907.875,88.737,83.91286487,66.96836125,2.502,32.054,2.379,73.673
2908,88.552,83.91077232,66.97124,2.505,31.54,2.381,72.507
2908.125,88.518,83.90867982,66.97411875,2.505,31.772,2.383,71.448
2908.25,88.887,83.90658738,66.9769975,2.504,32.545,2.388,70.913
2908.375,89.496,83.90449498,66.97987625,2.501,32.832,2.396,71.102
2908.5,89.714,83.90240264,66.982755,2.5,32.86,2.409,72.325
2908.625,89.807,83.90031035,66.98563375,2.501,31.973,2.426,73.986
2908.75,89.545,83.89821811,66.9885125,2.502,30.726,2.454,76.386
2908.875,88.94,83.89612593,66.99139125,2.502,29.668,2.487,78.369
2909,88.206,83.89403379,66.99427,2.501,28.733,2.506,79.716
2909.125,87.32,83.89194171,66.99714875,2.498,28.14,2.525,80.704
2909.25,86.089,83.88984968,67.0000275,2.492,27.694,2.539,80.733
2909.375,84.982,83.8877577,67.00290625,2.485,27.844,2.547,80.217
2909.5,85.013,83.88566578,67.005785,2.48,28.136,2.545,79.315
2909.625,85.375,83.88357391,67.00866375,2.476,28.834,2.54,78.287
2909.75,86.574,83.88148209,67.0115425,2.471,29.861,2.528,77.145
2909.875,88.182,83.87939032,67.01442125,2.469,30.476,2.509,76.386
2910,89.012,83.8772986,67.0173,2.47,30.974,2.487,76.03
2910.125,89.742,83.87520694,67.02017875,2.473,31.177,2.461,75.712
2910.25,90.24,83.87311533,67.0230575,2.476,31.388,2.423,75.391
2910.375,90.536,83.87102377,67.02593625,2.478,31.798,2.383,74.861
2910.5,90.578,83.86893226,67.028815,2.475,32.169,2.368,74.026
2910.625,90.515,83.8668408,67.03169375,2.47,32.288,2.358,73.335
2910.75,90.13,83.8647494,67.0345725,2.459,32.112,2.363,73.174
2910.875,89.443,83.86265805,67.03745125,2.451,31.34,2.384,73.49
2911,88.659,83.86056675,67.04033,2.449,30.473,2.41,73.81
2911.125,87.587,83.8584755,67.04320875,2.45,29.345,2.438,73.955
2911.25,85.668,83.85638431,67.0460875,2.456,28.454,2.472,73.645
2911.375,83.164,83.85429317,67.04896625,2.463,27.991,2.504,73.143
2911.5,81.718,83.85220208,67.051845,2.468,27.636,2.52,72.556
2911.625,80.595,83.85011104,67.05472375,2.473,27.677,2.538,72.052
2911.75,80.444,83.84802005,67.0576025,2.479,27.915,2.561,71.929
2911.875,81.401,83.84592912,67.06048125,2.484,27.979,2.587,72.364
2912,82.485,83.84383824,67.06336,2.485,27.966,2.598,73.867
2912.125,83.554,83.84174741,67.06623875,2.485,27.765,2.604,75.703
2912.25,84.56,83.83965663,67.0691175,2.483,27.585,2.598,77.89
2912.375,85.33,83.8375659,67.07199625,2.48,27.874,2.579,79.225
2912.5,85.825,83.83547523,67.074875,2.48,28.305,2.562,79.383
2912.625,86.234,83.83338461,67.07775375,2.481,29.395,2.549,79.193
2912.75,86.504,83.83129404,67.0806325,2.484,30.578,2.543,78.361
2912.875,87.402,83.82920352,67.08351125,2.485,30.508,2.529,77.684
2913,88.292,83.82711306,67.08639,2.485,30.235,2.528,77.435
2913.125,88.986,83.82502265,67.08926875,2.485,29.697,2.53,77.231
2913.25,89.185,83.82293228,67.0921475,2.487,29.648,2.537,77.012
2913.375,88.829,83.82084198,67.09502625,2.492,30.348,2.551,76.543
2913.5,87.927,83.81875172,67.097905,2.496,30.96,2.565,75.446
2913.625,87.181,83.81666152,67.10078375,2.499,30.875,2.578,74.185
2913.75,86.839,83.81457136,67.1036625,2.499,29.979,2.593,72.833
2913.875,86.911,83.81248126,67.10654125,2.495,29.189,2.615,72.107
2914,87.089,83.81039122,67.10942,2.491,28.557,2.636,72.235
2914.125,87.102,83.80830122,67.11229875,2.488,28.423,2.653,72.572
2914.25,86.716,83.80621128,67.1151775,2.483,28.545,2.661,73.185
2914.375,86.015,83.80412139,67.11805625,2.479,28.644,2.662,73.415
2914.5,85.968,83.80203155,67.120935,2.477,28.773,2.648,72.75
2914.625,86.123,83.79994176,67.12381375,2.476,28.843,2.633,71.855
2914.75,86.737,83.79785203,67.1266925,2.475,28.764,2.616,70.746
2914.875,87.755,83.79576234,67.12957125,2.476,28.584,2.59,70.272
2915,88.577,83.79367271,67.13245,2.479,28.413,2.562,70.51
2915.125,89.225,83.79158313,67.13532875,2.482,28.368,2.535,70.81
2915.25,89.492,83.78949361,67.1382075,2.485,28.537,2.508,71.106
2915.375,89.455,83.78740413,67.14108625,2.486,29.077,2.47,71.132
2915.5,89.016,83.78531471,67.143965,2.484,29.658,2.44,70.926
2915.625,88.631,83.78322534,67.14684375,2.482,30.242,2.415,70.684
2915.75,88.407,83.78113602,67.1497225,2.478,30.713,2.399,70.394
2915.875,88.401,83.77904676,67.15260125,2.475,30.797,2.385,70.149
2916,88.622,83.77695754,67.15548,2.474,30.804,2.379,69.99
2916.125,88.805,83.77486838,67.15835875,2.473,30.713,2.375,69.935
2916.25,88.895,83.77277927,67.1612375,2.472,30.65,2.373,70.138
2916.375,88.908,83.77069021,67.16411625,2.474,30.893,2.372,70.419
2916.5,88.779,83.76860121,67.166995,2.476,31.235,2.374,70.805
2916.625,88.585,83.76651225,67.16987375,2.478,31.642,2.376,71.293
2916.75,88.266,83.76442335,67.1727525,2.481,31.605,2.38,71.985
2916.875,87.886,83.7623345,67.17563125,2.482,30.728,2.387,72.65
2917,87.437,83.76024571,67.17851,2.48,29.799,2.4,73.183
2917.125,87.147,83.75815696,67.18138875,2.477,29.089,2.415,73.549
2917.25,87.254,83.75606827,67.1842675,2.471,29.008,2.441,73.444
2917.375,87.604,83.75397963,67.18714625,2.468,29.569,2.494,73.012
2917.5,88.408,83.75189104,67.190025,2.469,30.128,2.59,71.507
2917.625,89.11,83.7498025,67.19290375,2.471,30.371,2.693,69.3
2917.75,89.479,83.74771402,67.1957825,2.476,30.031,2.833,65.708
2917.875,89.564,83.74562558,67.19866125,2.482,28.692,3.068,62.269
2918,88.011,83.7435372,67.20154,2.484,27.128,3.364,58.447
2918.125,86.063,83.74144887,67.20441875,2.484,24.804,3.652,54.617
2918.25,83.451,83.7393606,67.2072975,2.479,22.174,3.963,51.412
2918.375,80.652,83.73727237,67.21017625,2.473,20.434,4.41,49.718
2918.5,78.32,83.7351842,67.213055,2.469,19.069,4.899,48.394
2918.75,77.47,83.73100801,67.2188125,2.469,20.505,5.765,45.354
2918.875,78.842,83.72892,67.22169125,2.473,22.123,6.227,44.289
2919,80.851,83.72683203,67.22457,2.475,23.52,6.296,43.997
2919.125,82.509,83.72474412,67.22744875,2.476,24.077,6.258,44.153
2919.25,83.307,83.72265626,67.2303275,2.474,24.211,5.962,45.458
2919.375,83.751,83.72056845,67.23320625,2.47,24.4,5.424,47.428
2919.5,84.135,83.7184807,67.236085,2.467,24.638,4.946,51.491
2919.625,84.496,83.71639299,67.23896375,2.466,25.075,4.547,56.291
2919.75,84.822,83.71430534,67.2418425,2.467,25.719,4.287,61.761
2919.875,85.173,83.71221774,67.24472125,2.471,26.989,4.046,65.083
2920,85.115,83.7101302,67.2476,2.476,28.363,3.937,65.764
2920.125,84.831,83.7080427,67.25047875,2.482,30.086,3.858,65.539
2920.25,84.11,83.70595526,67.2533575,2.491,31.329,3.832,63.373
2920.375,83.262,83.70386787,67.25623625,2.497,31.158,3.826,60.892
2920.5,82.931,83.70178053,67.259115,2.5,30.902,3.859,58.449
2920.625,83.172,83.69969324,67.26199375,2.501,29.478,3.9,56.578
2920.75,84.635,83.69760601,67.2648725,2.5,28.506,3.966,56.685
2920.875,85.951,83.69551882,67.26775125,2.499,27.804,4.08,58.74
2921,86.549,83.69343169,67.27063,2.5,27.214,4.208,62.377
2921.125,87.031,83.69134461,67.27350875,2.501,27.203,4.324,65.63
2921.25,87.321,83.68925759,67.2763875,2.503,27.692,4.415,66.994
2921.375,87.568,83.68717061,67.27926625,2.503,27.711,4.501,65.828
2921.5,87.174,83.68508369,67.282145,2.503,27.435,4.495,62.371
2921.625,86.685,83.68299682,67.28502375,2.502,26.232,4.471,58.737
2921.75,86.007,83.68091,67.2879025,2.501,24.783,4.404,55.614
2921.875,85.242,83.67882323,67.29078125,2.5,24.163,4.293,54.52
2922,85.113,83.67673652,67.29366,2.498,23.78,4.191,55.755
2922.125,85.071,83.67464985,67.29653875,2.495,24.088,4.1,57.836
2922.25,85.106,83.67256324,67.2994175,2.488,24.616,4.023,61.488
2922.375,84.897,83.67047669,67.30229625,2.481,25.402,3.92,64.792
2922.5,84.184,83.66839018,67.305175,2.478,26.251,3.827,68.348
2922.625,83.506,83.66630372,67.30805375,2.476,27.288,3.746,71.924
2922.75,82.977,83.66421732,67.3109325,2.477,28.347,3.684,74.812
2922.875,82.766,83.66213097,67.31381125,2.479,28.893,3.625,75.812
2923,83.276,83.66004467,67.31669,2.481,29.212,3.632,74.055
2923.125,83.683,83.65795843,67.31956875,2.483,28.795,3.66,71.064
2923.25,83.662,83.65587223,67.3224475,2.486,27.925,3.751,65.624
2923.375,82.801,83.65378609,67.32532625,2.489,26.595,3.94,60.327
2923.5,81.123,83.6517,67.328205,2.49,25.215,4.203,54.013
2923.625,79.65,83.64961396,67.33108375,2.49,23.752,4.46,47.45
2923.75,78.646,83.64752798,67.3339625,2.488,22.359,4.739,41.548
2923.875,77.994,83.64544204,67.33684125,2.486,21.676,5.138,38.582
2924,78.283,83.64335616,67.33972,2.485,21.23,5.509,37.941
2924.125,78.665,83.64127033,67.34259875,2.484,21.596,5.831,37.686
2924.25,79.233,83.63918455,67.3454775,2.486,22.327,6.06,38.083
2924.375,79.888,83.63709882,67.34835625,2.488,22.594,6.251,38.262
2924.5,79.829,83.63501315,67.351235,2.488,22.668,6.19,38.143
2924.625,79.608,83.63292753,67.35411375,2.486,22.119,6.086,38.194
2924.75,79.043,83.63084196,67.3569925,2.481,21.339,5.873,38.784
2924.875,78.274,83.62875644,67.35987125,2.474,20.827,5.544,39.774
2925,77.982,83.62667097,67.36275,2.471,20.399,5.275,41.377
2925.125,77.796,83.62458556,67.36562875,2.472,20.213,5.051,43.147
2925.25,77.764,83.6225002,67.3685075,2.477,20.109,4.907,45.018
2925.375,77.654,83.62041489,67.37138625,2.486,20.135,4.771,46.332
2925.5,77.332,83.61832963,67.374265,2.491,20.207,4.719,47.299
2927.5,77.836,83.58497257,67.420325,2.51,25.506,5.056,64.549
2927.625,79.441,83.5828882,67.42320375,2.517,25.65,4.955,67.61
2927.75,80.906,83.58080387,67.4260825,2.523,25.38,4.861,69.942
2927.875,82.408,83.5787196,67.42896125,2.526,25.079,4.742,70.944
2928,82.497,83.57663539,67.43184,2.526,24.848,4.642,70.298
2928.125,82.206,83.57455122,67.43471875,2.527,24.878,4.553,69.179
2928.25,80.93,83.57246711,67.4375975,2.528,25.078,4.474,67.393
2928.375,78.508,83.57038304,67.44047625,2.528,25.554,4.368,66.384
2929,79.582,83.55996351,67.45487,2.519,26.662,4.045,67.181
2929.125,82.194,83.55787976,67.45774875,2.515,25.976,4.024,65.799
2929.25,83.292,83.55579606,67.4606275,2.507,25.079,4.017,63.951
2929.375,82.568,83.55371241,67.46350625,2.499,23.928,4.016,62.603
2929.5,79.772,83.55162882,67.466385,2.494,22.756,4.018,61.829
2929.625,77.353,83.54954528,67.46926375,2.488,21.672,4.019,61.455
2930.5,77.433,83.53496193,67.489415,2.44,24.554,3.919,68.711
2930.625,77.769,83.53287881,67.49229375,2.44,25.017,3.881,68.969
2930.75,78.177,83.53079573,67.4951725,2.446,25.021,3.844,69.216
2930.875,78.556,83.52871271,67.49805125,2.456,24.55,3.797,69.348
2931,78.143,83.52662974,67.50093,2.464,24.076,3.767,69.596
2931.125,77.608,83.52454682,67.50380875,2.471,23.703,3.745,69.891
2932.125,78.248,83.50788533,67.52683875,2.504,23.367,3.714,67.877
2932.25,79.704,83.50580288,67.5297175,2.505,24.358,3.703,69.418
2932.375,81.462,83.50372048,67.53259625,2.505,25.258,3.691,70.375
2932.5,82.124,83.50163813,67.535475,2.507,26.004,3.677,70.851
2932.625,82.545,83.49955583,67.53835375,2.51,26.213,3.664,71.186
2932.75,82.65,83.49747359,67.5412325,2.511,26.201,3.645,71.078
2932.875,83.139,83.4953914,67.54411125,2.512,26.256,3.603,70.49
2933,83.02,83.49330926,67.54699,2.508,26.265,3.594,68.783
2933.125,82.607,83.49122717,67.54986875,2.5,26.024,3.587,66.839
2933.25,81.473,83.48914513,67.5527475,2.493,25.573,3.587,64.901
2933.375,80.157,83.48706315,67.55562625,2.487,25.041,3.594,64.182
2933.5,79.89,83.48498122,67.558505,2.484,24.518,3.604,64.919
2933.625,79.822,83.48289934,67.56138375,2.485,24.152,3.615,65.881
2933.75,80.236,83.48081751,67.5642625,2.488,24.114,3.624,66.978
2933.875,80.881,83.47873573,67.56714125,2.491,24.626,3.626,67.344
2934,81.352,83.476654,67.57002,2.493,25.15,3.618,66.99
2934.125,81.886,83.47457233,67.57289875,2.494,25.446,3.608,66.703
2934.25,82.576,83.47249071,67.5757775,2.495,25.263,3.595,66.819
2934.375,83.234,83.47040914,67.57865625,2.495,24.914,3.586,67.496
2934.5,83.323,83.46832762,67.581535,2.492,24.662,3.59,68.441
2934.625,83.25,83.46624616,67.58441375,2.487,24.799,3.6,69.117
2934.75,82.719,83.46416474,67.5872925,2.483,25.129,3.62,68.931
2934.875,81.787,83.46208338,67.59017125,2.48,25.279,3.65,68.083
2935,81.125,83.46000207,67.59305,2.48,25.368,3.675,67.256
2935.125,80.526,83.45792082,67.59592875,2.483,25.295,3.704,66.769
2935.25,80.113,83.45583961,67.5988075,2.486,25.232,3.74,67.191
2935.375,79.984,83.45375846,67.60168625,2.49,25.133,3.776,68.056
2935.5,80.07,83.45167735,67.604565,2.495,24.966,3.791,69.402
2935.625,80.205,83.4495963,67.60744375,2.5,24.621,3.801,71.005
2935.75,80.501,83.4475153,67.6103225,2.503,24.28,3.797,72.991
2935.875,80.982,83.44543436,67.61320125,2.504,24.613,3.774,74.606
2936,81.492,83.44335346,67.61608,2.505,25.156,3.741,75.874
2936.125,82.042,83.44127262,67.61895875,2.505,26.172,3.7,76.828
2936.25,82.687,83.43919183,67.6218375,2.505,26.942,3.639,76.823
2936.375,83.306,83.43711109,67.62471625,2.505,26.815,3.569,76.053
2936.5,83.726,83.4350304,67.627595,2.503,26.635,3.527,74.704
2936.625,84.141,83.43294977,67.63047375,2.499,26.497,3.484,73.391
2936.75,84.485,83.43086919,67.6333525,2.496,26.546,3.438,72.479
2936.875,84.537,83.42878865,67.63623125,2.492,26.551,3.396,72.343
2937,84.338,83.42670817,67.63911,2.488,26.509,3.379,73.199
2937.125,84.23,83.42462775,67.64198875,2.485,26.448,3.366,74.424
2937.25,84.446,83.42254737,67.6448675,2.485,26.653,3.365,76.253
2937.375,85.057,83.42046705,67.64774625,2.485,27.34,3.379,77.684
2937.5,85.351,83.41838678,67.650625,2.485,28.018,3.394,78.191
2937.625,85.424,83.41630656,67.65350375,2.488,28.445,3.406,78.178
2937.75,84.893,83.41422639,67.6563825,2.491,28.508,3.404,77.049
2937.875,83.932,83.41214627,67.65926125,2.495,28.065,3.379,75.93
2938,83.491,83.41006621,67.66214,2.502,27.594,3.339,76.119
2938.125,83.283,83.40798619,67.66501875,2.507,27.267,3.292,76.882
2938.25,83.735,83.40590623,67.6678975,2.507,27.308,3.225,78.638
2938.375,84.757,83.40382632,67.67077625,2.505,27.662,3.154,79.88
2938.5,85.477,83.40174647,67.673655,2.501,28.02,3.109,79.739
2938.625,86.086,83.39966666,67.67653375,2.499,28.301,3.06,79.256
2938.75,86.375,83.39758691,67.6794125,2.499,28.411,2.999,78.367
2938.875,86.293,83.39550721,67.68229125,2.499,28.596,2.934,78.199
2939,86.031,83.39342756,67.68517,2.5,28.847,2.898,79.233
2939.125,85.72,83.39134796,67.68804875,2.497,29.315,2.866,80.419
2939.25,85.288,83.38926841,67.6909275,2.495,29.716,2.842,81.596
2939.375,84.864,83.38718892,67.69380625,2.492,29.964,2.838,82.099
2939.5,84.748,83.38510948,67.696685,2.49,30.12,2.861,82.225
2939.625,84.606,83.38303009,67.69956375,2.492,30.203,2.893,82.242
2939.75,84.305,83.38095075,67.7024425,2.494,30.169,2.953,81.894
2939.875,83.699,83.37887146,67.70532125,2.496,29.486,3.028,81.131
2940,83.138,83.37679223,67.7082,2.499,28.738,3.078,79.706
2940.125,82.643,83.37471305,67.71107875,2.503,27.754,3.131,78.377
2940.25,82.412,83.37263391,67.7139575,2.504,26.736,3.188,77.649
2940.375,82.65,83.37055484,67.71683625,2.506,26.251,3.24,77.79
2940.5,83.128,83.36847581,67.719715,2.506,25.93,3.262,78.127
2940.625,83.593,83.36639683,67.72259375,2.505,26.215,3.28,78.313
2940.75,83.968,83.36431791,67.7254725,2.505,26.868,3.284,78.154
2940.875,84.095,83.36223904,67.72835125,2.505,27.537,3.271,77.989
2941,84.121,83.36016022,67.73123,2.505,28.1,3.246,77.85
2941.125,84.228,83.35808145,67.73410875,2.506,28.224,3.216,77.494
2941.25,84.53,83.35600273,67.7369875,2.506,28.105,3.175,76.596
2941.375,84.837,83.35392407,67.73986625,2.507,28.173,3.134,75.554
2941.5,84.67,83.35184546,67.742745,2.508,28.294,3.117,74.547
2941.625,84.383,83.3497669,67.74562375,2.508,28.38,3.104,73.629
2941.75,83.84,83.34768839,67.7485025,2.506,28.124,3.098,73.034
2941.875,83.314,83.34560993,67.75138125,2.503,27.657,3.1,72.777
2942,83.059,83.34353152,67.75426,2.495,27.249,3.105,72.783
2942.125,82.749,83.34145317,67.75713875,2.487,27.222,3.11,72.958
2942.25,82.283,83.33937487,67.7600175,2.483,27.576,3.113,73.499
2942.375,81.795,83.33729662,67.76289625,2.481,27.802,3.112,74.069
2942.5,81.81,83.33521842,67.765775,2.483,27.909,3.11,74.47
2942.625,81.996,83.33314028,67.76865375,2.489,27.651,3.111,74.643
2942.75,82.612,83.33106218,67.7715325,2.494,27.312,3.12,74.145
2942.875,83.411,83.32898414,67.77441125,2.499,27.161,3.142,73.125
2943,83.636,83.32690615,67.77729,2.503,27.078,3.178,71.088
2943.125,83.611,83.32482821,67.78016875,2.505,27.296,3.226,68.806
2943.25,82.836,83.32275032,67.7830475,2.504,27.698,3.308,66.489
2943.375,81.33,83.32067249,67.78592625,2.503,27.714,3.412,65.319
2943.5,80.026,83.3185947,67.788805,2.5,27.585,3.49,65.378
2943.625,78.789,83.31651697,67.79168375,2.497,26.958,3.571,65.805
2943.75,77.85,83.31443929,67.7945625,2.494,26.116,3.651,66.936
2943.875,77.59,83.31236166,67.79744125,2.492,25.819,3.696,67.964
2944,78.123,83.31028409,67.80032,2.49,25.762,3.656,68.78
2944.125,79.02,83.30820656,67.80319875,2.489,26.591,3.586,69.573
2944.25,81.044,83.30612909,67.8060775,2.488,27.868,3.432,70.263
2944.375,84.135,83.30405167,67.80895625,2.488,29.935,3.227,70.809
2944.5,86.904,83.3019743,67.811835,2.489,32.02,3.077,71.529
2944.625,89.839,83.29989699,67.81471375,2.491,33.821,2.918,72.184
2944.75,93.088,83.29781972,67.8175925,2.494,35.286,2.736,72.413
2944.875,95.747,83.29574251,67.82047125,2.498,36.484,2.57,71.89
2945,96.377,83.29366534,67.82335,2.504,37.52,2.504,69.928
2945.125,96.623,83.29158823,67.82622875,2.51,37.682,2.452,67.391
2945.25,95.772,83.28951118,67.8291075,2.513,36.958,2.435,63.937
2945.375,93.856,83.28743417,67.83198625,2.516,35.45,2.462,61.099
2945.5,91.686,83.28535722,67.834865,2.519,33.871,2.528,58.659
2945.625,89.199,83.28328031,67.83774375,2.519,32.182,2.616,56.482
2945.75,85.956,83.28120346,67.8406225,2.516,30.691,2.767,55.246
2945.875,82.856,83.27912666,67.84350125,2.51,29.811,2.961,54.939
2946,81.592,83.27704992,67.84638,2.495,29.079,3.114,54.584
2946.125,80.58,83.27497322,67.84925875,2.477,28.71,3.284,54.05
2946.25,80.226,83.27289658,67.8521375,2.465,28.258,3.492,53.249
2946.375,80.462,83.27081998,67.85501625,2.458,27.733,3.69,52.755
2946.5,80.778,83.26874344,67.857895,2.458,27.289,3.759,52.954
2946.625,81.033,83.26666696,67.86077375,2.467,27.316,3.803,53.457
2946.75,81.126,83.26459052,67.8636525,2.477,27.84,3.771,54.586
2946.875,81.103,83.26251413,67.86653125,2.486,28.474,3.66,55.762
2947,81.436,83.2604378,67.86941,2.496,29.036,3.516,57.415
2947.125,82.151,83.25836152,67.87228875,2.503,29.354,3.348,59.272
2947.25,84.031,83.25628529,67.8751675,2.51,29.64,3.114,61.306
2947.375,86.968,83.25420911,67.87804625,2.517,30.568,2.867,62.756
2947.5,89.542,83.25213299,67.880925,2.527,31.655,2.725,64.181
2947.625,92.169,83.25005691,67.88380375,2.532,33.035,2.579,65.696
2947.75,94.757,83.24798089,67.8866825,2.53,34.155,2.419,67.192
2947.875,96.435,83.24590492,67.88956125,2.527,34.603,2.268,68.163
2948,96.586,83.243829,67.89244,2.519,34.982,2.189,68.686
2948.125,96.662,83.24175313,67.89531875,2.511,35.132,2.11,69.056
2948.25,96.613,83.23967732,67.8981975,2.506,34.962,2.029,69.069
2948.375,96.591,83.23760156,67.90107625,2.502,34.601,1.956,69.004
2948.5,96.614,83.23552584,67.903955,2.498,34.314,1.927,69.065
2948.625,96.602,83.23345018,67.90683375,2.498,34.477,1.901,69.087
2948.75,96.486,83.23137457,67.9097125,2.5,35.258,1.881,68.974
2948.875,96.316,83.22929902,67.91259125,2.503,36.731,1.869,68.783
2949,96.45,83.22722351,67.91547,2.505,38.116,1.868,69.116
2949.125,96.736,83.22514806,67.91834875,2.506,38.803,1.869,69.781
2949.25,97.411,83.22307266,67.9212275,2.505,38.671,1.872,71.028
2949.375,98.214,83.22099731,67.92410625,2.504,38.044,1.879,71.954
2949.5,98.283,83.21892201,67.926985,2.503,37.449,1.887,71.82
2949.625,98.151,83.21684677,67.92986375,2.503,37.003,1.897,71.261
2949.75,97.559,83.21477157,67.9327425,2.503,36.548,1.915,69.925
2949.875,96.894,83.21269643,67.93562125,2.502,35.724,1.939,68.827
2950,96.673,83.21062134,67.9385,2.498,34.876,1.96,68.255
2950.125,96.412,83.2085463,67.94137875,2.494,34.162,1.985,67.912
2950.25,95.948,83.20647131,67.9442575,2.493,33.669,2.017,68.145
2950.375,95.144,83.20439638,67.94713625,2.494,33.065,2.051,68.649
2950.5,94.455,83.20232149,67.950015,2.495,32.415,2.071,69.354
2950.625,93.854,83.20024666,67.95289375,2.494,31.767,2.091,70.151
2950.75,93.607,83.19817188,67.9557725,2.491,31.328,2.109,71.099
2950.875,94.023,83.19609715,67.95865125,2.486,31.666,2.123,71.964
2951,94.936,83.19402248,67.96153,2.477,32.192,2.126,72.833
2951.125,95.929,83.19194785,67.96440875,2.469,33.305,2.129,73.52
2951.25,97.009,83.18987328,67.9672875,2.466,34.63,2.128,73.619
2951.375,97.66,83.18779876,67.97016625,2.466,35.398,2.126,73.251
2951.5,97.442,83.18572429,67.973045,2.468,35.917,2.121,73.06
2951.625,97.087,83.18364987,67.97592375,2.473,35.578,2.114,73.083
2951.75,96.427,83.1815755,67.9788025,2.477,34.861,2.102,73.528
2951.875,95.727,83.17950119,67.98168125,2.483,34.305,2.087,73.874
2952,95.491,83.17742692,67.98456,2.497,33.803,2.078,73.766
2952.125,95.323,83.17535271,67.98743875,2.513,33.441,2.068,73.531
2952.25,95.277,83.17327855,67.9903175,2.522,33.056,2.058,73.077
2952.375,95.195,83.17120445,67.99319625,2.526,32.887,2.05,72.654
2952.5,94.969,83.16913039,67.996075,2.52,32.849,2.046,71.952
2952.625,94.73,83.16705638,67.99895375,2.509,33.381,2.041,71.202
2952.75,94.52,83.16498243,68.0018325,2.501,34.415,2.032,70.574
2952.875,94.541,83.16290853,68.00471125,2.495,35.78,2.021,70.476
2953,94.825,83.16083468,68.00759,2.491,37.132,2.013,70.52
2953.125,95.13,83.15876088,68.01046875,2.489,38.248,2.006,70.263
2953.25,95.431,83.15668714,68.0133475,2.488,38.881,2.001,69.249
2953.375,95.532,83.15461344,68.01622625,2.487,38.491,2,68.03
2953.5,95.155,83.1525398,68.019105,2.483,37.908,2.004,67.213
2953.625,94.606,83.15046621,68.02198375,2.478,36.865,2.009,66.707
2953.75,93.663,83.14839267,68.0248625,2.474,35.828,2.017,66.934
2953.875,92.704,83.14631919,68.02774125,2.471,35.179,2.027,67.362
2954,92.477,83.14424575,68.03062,2.469,34.64,2.036,67.779
2954.125,92.413,83.14217237,68.03349875,2.47,34.581,2.046,68.329
2954.25,92.773,83.14009903,68.0363775,2.472,35.01,2.062,69.197
2954.375,93.396,83.13802575,68.03925625,2.473,36.037,2.08,70.118
2954.5,93.717,83.13595253,68.042135,2.473,37.065,2.09,71.253
2954.625,93.956,83.13387935,68.04501375,2.472,37.824,2.099,72.46
2954.75,93.98,83.13180622,68.0478925,2.472,37.986,2.104,73.626
2954.875,93.837,83.12973315,68.05077125,2.472,37.55,2.101,74.286
2955,93.846,83.12766013,68.05365,2.473,37.135,2.094,74.34
2955.125,93.973,83.12558716,68.05652875,2.474,36.995,2.085,74.273
2955.25,94.414,83.12351424,68.0594075,2.475,37.23,2.074,74.08
2955.375,95.024,83.12144137,68.06228625,2.476,37.579,2.062,74.193
2955.5,95.341,83.11936856,68.065165,2.479,37.851,2.055,74.928
2955.625,95.639,83.11729579,68.06804375,2.482,37.731,2.046,75.663
2955.75,95.924,83.11522308,68.0709225,2.483,37.301,2.034,76.098
2955.875,96.252,83.11315042,68.07380125,2.483,36.859,2.02,75.855
2956,96.63,83.11107781,68.07668,2.477,36.451,2.01,74.893
2956.125,97.103,83.10900526,68.07955875,2.468,36.254,2,73.739
2956.25,97.844,83.10693275,68.0824375,2.461,36.335,1.988,72.314
2956.375,98.735,83.1048603,68.08531625,2.457,36.761,1.98,71.16
2956.5,99.346,83.1027879,68.088195,2.456,37.215,1.979,70.189
2956.625,99.935,83.10071555,68.09107375,2.461,37.653,1.979,69.425
2956.75,100.42,83.09864325,68.0939525,2.466,37.884,1.983,69.308
2956.875,100.622,83.096571,68.09683125,2.47,37.354,1.989,69.708
2957,100.475,83.09449881,68.09971,2.475,36.625,1.993,70.301
2957.125,100.274,83.09242666,68.10258875,2.479,35.334,1.997,70.838
2957.25,99.934,83.09035457,68.1054675,2.481,33.95,1.999,71.165
2957.375,99.534,83.08828253,68.10834625,2.481,33.334,1.997,71.294
2957.5,99.338,83.08621054,68.111225,2.478,32.987,1.992,71.463
2957.625,99.172,83.08413861,68.11410375,2.473,33.519,1.985,71.639
2957.75,99.063,83.08206672,68.1169825,2.47,34.439,1.972,71.764
2957.875,98.976,83.07999489,68.11986125,2.468,35.428,1.954,71.708
2958,99.083,83.07792311,68.12274,2.469,36.378,1.937,70.953
2958.125,99.337,83.07585138,68.12561875,2.473,37.239,1.918,69.83
2958.25,99.975,83.0737797,68.1284975,2.475,38.032,1.891,68.04
2958.375,100.774,83.07170807,68.13137625,2.473,38.365,1.864,66.475
2958.5,100.812,83.0696365,68.134255,2.459,38.638,1.855,65.239
2958.625,100.522,83.06756498,68.13713375,2.439,38.844,1.849,64.32
2958.75,99.347,83.0654935,68.1400125,2.425,39.216,1.854,64.359
2958.875,97.583,83.06342208,68.14289125,2.414,39.125,1.874,65.125
2959,96.174,83.06135072,68.14577,2.406,38.808,1.902,66.089
2959.125,94.621,83.0592794,68.14864875,2.404,37.762,1.94,66.854
2959.25,92.696,83.05720813,68.1515275,2.406,36.452,2.001,67.043
2959.375,90.83,83.05513692,68.15440625,2.409,35.665,2.076,66.941
2959.5,89.902,83.05306576,68.157285,2.419,35.018,2.134,67.46
2959.625,88.976,83.05099465,68.16016375,2.433,34.562,2.198,68.243
2959.75,88.043,83.04892359,68.1630425,2.445,33.776,2.279,69.355
2959.875,87.275,83.04685258,68.16592125,2.458,32.529,2.361,69.918
2960,87.218,83.04478163,68.1688,2.478,31.298,2.404,70.013
2960.125,87.335,83.04271073,68.17167875,2.495,30.405,2.447,70.303
2960.25,87.875,83.04063987,68.1745575,2.502,30.152,2.486,71.166
2960.375,88.568,83.03856907,68.17743625,2.506,30.794,2.514,72.33
2960.5,88.789,83.03649833,68.180315,2.504,31.46,2.517,73.292
2960.625,88.893,83.03442763,68.18319375,2.499,31.805,2.516,73.824
2960.75,88.67,83.03235698,68.1860725,2.5,31.481,2.506,73.186
2960.875,88.167,83.03028639,68.18895125,2.503,30.815,2.497,71.92
2961,87.847,83.02821585,68.19183,2.508,30.204,2.504,69.991
2961.125,87.627,83.02614536,68.19470875,2.511,29.827,2.519,67.69
2961.25,87.632,83.02407492,68.1975875,2.513,29.502,2.557,64.72
2961.375,87.648,83.02200453,68.20046625,2.514,29.023,2.612,61.935
2961.5,87.033,83.0199342,68.203345,2.512,28.563,2.646,58.429
2961.625,86.24,83.01786391,68.20622375,2.509,28.277,2.674,55
2961.75,85.266,83.01579368,68.2091025,2.506,28.214,2.68,52.614
2961.875,85.138,83.0137235,68.21198125,2.5,28.235,2.654,52.402
2962,86.748,83.01165337,68.21486,2.495,28.25,2.613,54.513
2962.125,88.791,83.00958329,68.21773875,2.492,28.426,2.564,57.023
2962.25,91.771,83.00751327,68.2206175,2.49,29.016,2.495,59.765
2962.375,94.586,83.00544329,68.22349625,2.488,30.888,2.419,61.195
2962.5,95.845,83.00337337,68.226375,2.487,32.894,2.367,61.902
2962.625,97.044,83.0013035,68.22925375,2.488,34.805,2.313,62.677
2962.75,98.07,82.99923368,68.2321325,2.49,35.873,2.252,63.536
2962.875,98.653,82.99716391,68.23501125,2.496,35.851,2.2,64.095
2963,98.414,82.9950942,68.23789,2.504,35.497,2.193,63.753
2963.125,97.958,82.99302453,68.24076875,2.51,35.655,2.2,63.134
2963.25,96.87,82.99095492,68.2436475,2.516,35.615,2.249,62.151
2963.375,95.218,82.98888536,68.24652625,2.524,35.384,2.34,61.665
2963.5,93.332,82.98681585,68.249405,2.528,35.055,2.453,61.64
2963.625,91.041,82.98474639,68.25228375,2.528,33.757,2.596,61.574
2963.75,87.7,82.98267699,68.2551625,2.524,30.815,2.827,61.414
2963.875,84.102,82.98060763,68.25804125,2.516,27.81,3.11,61.375
2964,82.139,82.97853833,68.26092,2.508,24.997,3.314,62.217
2964.125,80.288,82.97646908,68.26379875,2.504,23.007,3.528,63.344
2964.25,78.815,82.97439988,68.2666775,2.502,21.665,3.758,64.805
2964.375,78.212,82.97233073,68.26955625,2.501,21.299,3.94,65.699
2964.5,79.126,82.97026163,68.272435,2.499,21.118,3.959,66.863
2964.625,80.534,82.96819259,68.27531375,2.498,21.585,3.945,68.494
2964.75,83.165,82.96612359,68.2781925,2.495,22.512,3.841,70.942
2964.875,86.138,82.96405465,68.28107125,2.49,23.984,3.674,72.887
2965,87.277,82.96198576,68.28395,2.488,25.473,3.538,73.79
2965.125,88.001,82.95991692,68.28682875,2.488,26.834,3.393,74.339
2965.25,87.658,82.95784813,68.2897075,2.49,27.873,3.222,74.134
2965.375,86.594,82.9557794,68.29258625,2.493,28.401,3.063,73.849
2965.5,86.219,82.95371072,68.295465,2.494,28.832,2.997,73.594
2965.625,86.093,82.95164208,68.29834375,2.494,29.116,2.939,73.193
2965.75,86.522,82.9495735,68.3012225,2.494,29.559,2.905,72.478
2965.875,87.019,82.94750497,68.30410125,2.498,30.147,2.901,71.814
2966,86.7,82.9454365,68.30698,2.504,30.662,2.924,71.096
2966.125,86.159,82.94336807,68.30985875,2.51,30.702,2.956,70.321
2966.25,85.154,82.9412997,68.3127375,2.514,30.193,3.008,69.569
2966.375,84.258,82.93923137,68.31561625,2.517,29.275,3.07,69.205
2966.5,84.247,82.9371631,68.318495,2.515,28.362,3.116,69.389
2966.625,84.41,82.93509488,68.32137375,2.51,27.458,3.169,69.715
2966.75,84.981,82.93302671,68.3242525,2.504,26.608,3.237,70.23
2966.875,85.685,82.9309586,68.32713125,2.494,26.142,3.311,70.482
2967,85.873,82.92889053,68.33001,2.487,25.8,3.356,70.189
2967.125,85.907,82.92682252,68.33288875,2.487,25.9,3.402,69.766
2967.25,85.518,82.92475456,68.3357675,2.493,26.161,3.447,69.203
2967.375,84.797,82.92268665,68.33864625,2.514,25.94,3.481,68.941
2967.5,84.059,82.92061879,68.341525,2.539,25.584,3.479,69.315
2967.625,83.208,82.91855098,68.34440375,2.552,24.971,3.468,69.862
2967.75,82.074,82.91648322,68.3472825,2.555,24.584,3.427,70.561
2967.875,80.969,82.91441552,68.35016125,2.54,24.986,3.363,70.722
2968,80.63,82.91234787,68.35304,2.511,25.525,3.307,69.579
2968.125,80.432,82.91028027,68.35591875,2.489,26.382,3.245,68.066
2968.25,80.608,82.90821272,68.3587975,2.469,27.217,3.167,66.169
2968.375,81.095,82.90614522,68.36167625,2.452,27.847,3.088,65.222
2968.5,81.673,82.90407777,68.364555,2.452,28.408,3.043,65.817
2968.625,82.352,82.90201038,68.36743375,2.46,28.734,2.997,66.806
2968.75,83.289,82.89994304,68.3703125,2.47,28.952,2.95,68.366
2968.875,84.245,82.89787574,68.37319125,2.478,29.281,2.911,69.441
2969,84.694,82.8958085,68.37607,2.472,29.635,2.904,70.452
2969.125,85.087,82.89374132,68.37894875,2.463,30.098,2.903,71.587
2969.25,85.323,82.89167418,68.3818275,2.455,30.648,2.921,72.785
2969.375,85.35,82.88960709,68.38470625,2.447,30.673,2.955,73.428
2969.5,85.066,82.88754006,68.387585,2.439,30.457,2.988,73.137
2969.625,84.728,82.88547308,68.39046375,2.432,29.348,3.026,72.613
2969.75,84.324,82.88340615,68.3933425,2.421,28.033,3.075,71.812
2969.875,84.138,82.88133927,68.39622125,2.404,26.864,3.128,71.51
2970,84.314,82.87927244,68.3991,2.392,25.805,3.163,72.114
2970.125,84.462,82.87720566,68.40197875,2.387,25.238,3.201,72.922
2970.25,84.434,82.87513894,68.4048575,2.385,25.138,3.245,73.958
2970.375,84.028,82.87307227,68.40773625,2.384,25.853,3.285,74.587
2970.5,83.545,82.87100565,68.410615,2.382,26.715,3.299,74.905
2970.625,83.102,82.86893908,68.41349375,2.382,27.74,3.311,75.11
2970.75,82.767,82.86687256,68.4163725,2.382,28.316,3.313,74.987
2970.875,82.518,82.86480609,68.41925125,2.387,28.053,3.309,74.589
2971,82.038,82.86273967,68.42213,2.398,27.749,3.303,73.583
2971.125,81.332,82.86067331,68.42500875,2.409,27.559,3.296,72.418
2971.25,80.076,82.858607,68.4278875,2.421,27.716,3.287,71.189
2971.375,78.753,82.85654074,68.43076625,2.437,28.155,3.277,70.626
2971.5,78.562,82.85447453,68.433645,2.447,28.574,3.273,70.975
2971.625,78.675,82.85240837,68.43652375,2.448,28.815,3.273,71.553
2971.75,79.534,82.85034226,68.4394025,2.448,28.845,3.283,72.446
2971.875,80.716,82.84827621,68.44228125,2.446,28.713,3.303,72.97
2972,81.223,82.84621021,68.44516,2.445,28.567,3.327,72.791
2972.125,81.636,82.84414426,68.44803875,2.446,28.377,3.356,72.337
2972.25,81.853,82.84207836,68.4509175,2.447,28.153,3.4,71.329
2972.375,81.998,82.84001251,68.45379625,2.451,27.832,3.455,70.322
2972.5,82.128,82.83794671,68.456675,2.456,27.499,3.502,69.421
2972.625,82.215,82.83588096,68.45955375,2.459,27.144,3.557,68.671
2972.75,82.123,82.83381527,68.4624325,2.462,26.806,3.633,68.351
2972.875,81.734,82.83174963,68.46531125,2.465,26.584,3.716,68.226
2973,81.251,82.82968404,68.46819,2.469,26.388,3.772,67.296
2973.125,80.769,82.8276185,68.47106875,2.473,26.302,3.836,66.006
2973.25,80.357,82.82555301,68.4739475,2.477,26.288,3.921,64.211
2973.375,80.244,82.82348757,68.47682625,2.478,26.203,4.02,63.02
2973.5,80.427,82.82142219,68.479705,2.472,26.075,4.086,62.401
2973.625,80.582,82.81935685,68.48258375,2.464,25.732,4.155,61.776
2973.75,80.6,82.81729157,68.4854625,2.455,25.199,4.228,61.125
2973.875,80.343,82.81522634,68.48834125,2.445,24.515,4.287,60.538
2974,79.911,82.81316116,68.49122,2.443,23.838,4.305,60.478
2974.125,79.449,82.81109604,68.49409875,2.447,23.202,4.323,60.921
2974.25,78.97,82.80903096,68.4969775,2.453,22.585,4.344,62.566
2974.375,78.719,82.80696593,68.49985625,2.463,22.077,4.369,64.59
2974.5,78.812,82.80490096,68.502735,2.47,21.631,4.387,66.878
2974.625,78.846,82.80283604,68.50561375,2.47,21.467,4.4,68.926
2974.75,78.63,82.80077117,68.5084925,2.466,21.564,4.394,69.947
2974.875,78.054,82.79870635,68.51137125,2.45,21.941,4.361,69.683
2975,77.927,82.79664158,68.51425,2.425,22.322,4.312,68.502
2975.125,78.22,82.79457687,68.51712875,2.405,22.592,4.257,67.39
2975.25,79.673,82.79251221,68.5200075,2.386,22.666,4.187,66.812
2975.375,81.874,82.79044759,68.52288625,2.363,22.662,4.12,67.107
2975.5,82.795,82.78838303,68.525765,2.349,22.719,4.088,67.937
2975.625,83.28,82.78631852,68.52864375,2.345,23.215,4.052,68.564
2975.75,82.617,82.78425406,68.5315225,2.344,24.311,3.999,68.429
2975.875,81.17,82.78218966,68.53440125,2.344,25.79,3.927,67.524
2976,80.474,82.7801253,68.53728,2.345,27.131,3.86,65.925
2976.125,80.074,82.778061,68.54015875,2.344,27.669,3.781,64.321
2976.25,80.53,82.77599675,68.5430375,2.343,27.412,3.672,63.094
2976.375,81.846,82.77393255,68.54591625,2.339,27.053,3.551,62.828
2976.5,83.242,82.7718684,68.548795,2.335,26.887,3.474,64.001
2976.625,84.703,82.7698043,68.55167375,2.333,27.474,3.39,65.692
2976.75,86.238,82.76774025,68.5545525,2.33,28.454,3.286,68.188
2976.875,87.325,82.76567626,68.55743125,2.326,29.213,3.178,70.028
2977,87.396,82.76361231,68.56031,2.326,29.8,3.109,70.827
2977.125,87.387,82.76154842,68.56318875,2.33,29.813,3.036,71.281
2977.25,87.257,82.75948458,68.5660675,2.341,29.644,2.948,70.994
2977.375,87.252,82.75742079,68.56894625,2.37,29.796,2.863,70.609
2977.5,87.482,82.75535706,68.571825,2.406,30.02,2.819,70.415
2977.625,87.813,82.75329337,68.57470375,2.428,30.449,2.775,70.275
2977.75,88.404,82.75122974,68.5775825,2.445,30.946,2.73,70.245
2977.875,89.1,82.74916615,68.58046125,2.458,31.398,2.691,70.243
2978,89.413,82.74710262,68.58334,2.458,31.839,2.674,70.243
2978.125,89.658,82.74503914,68.58621875,2.453,32.186,2.659,70.243
2978.25,89.755,82.74297571,68.5890975,2.446,32.349,2.646,70.245
2978.375,89.803,82.74091233,68.59197625,2.433,31.954,2.637,70.25
2978.5,89.88,82.73884901,68.594855,2.42,31.545,2.633,70.396
2978.625,89.929,82.73678573,68.59773375,2.41,31.477,2.629,70.689
2978.75,89.855,82.73472251,68.6006125,2.399,32.072,2.623,71.336
2978.875,89.585,82.73265934,68.60349125,2.382,32.69,2.615,72.118
2979,89.296,82.73059622,68.60637,2.37,33.074,2.609,73.306
2979.125,89.004,82.72853315,68.60924875,2.368,32.665,2.604,74.572
2979.25,88.724,82.72647013,68.6121275,2.369,32.104,2.597,75.725
2979.375,88.541,82.72440717,68.61500625,2.377,32.317,2.589,76.186
2979.5,88.638,82.72234426,68.617885,2.39,32.636,2.582,75.675
2979.625,88.844,82.72028139,68.62076375,2.403,32.947,2.572,74.934
2979.75,89.329,82.71821858,68.6236425,2.418,32.756,2.557,73.939
2979.875,89.935,82.71615582,68.62652125,2.444,32.541,2.54,73.465
2980,90.311,82.71409311,68.6294,2.465,32.253,2.528,73.717
2980.125,90.662,82.71203046,68.63227875,2.47,34.653,2.516,74.13
2980.25,90.916,82.70996785,68.6351575,2.469,35.297,2.502,74.773
2980.375,90.96,82.7079053,68.63803625,2.461,35.479,2.489,75.22
2980.5,90.724,82.70584279,68.640915,2.458,35.663,2.482,75.599
2980.625,90.416,82.70378034,68.64379375,2.461,35.676,2.476,76.035
2980.75,89.912,82.70171794,68.6466725,2.47,35.412,2.469,76.561
2980.875,89.293,82.69965559,68.64955125,2.486,34.724,2.462,76.985
2981,88.717,82.6975933,68.65243,2.497,33.982,2.463,76.994
2981.125,88.136,82.69553105,68.65530875,2.499,33.309,2.466,76.701
2981.25,87.694,82.69346886,68.6581875,2.497,33.015,2.479,75.734
2981.375,87.853,82.69140671,68.66106625,2.491,33.652,2.502,74.667
2981.5,88.676,82.68934462,68.663945,2.486,34.445,2.531,73.702
2981.625,89.531,82.68728258,68.66682375,2.483,35.432,2.567,72.807
2981.75,90.265,82.6852206,68.6697025,2.48,36.014,2.622,72.125
2981.875,90.246,82.68315866,68.67258125,2.477,35.695,2.686,71.58
2982,89.375,82.68109677,68.67546,2.473,35.277,2.731,70.666
2982.125,88.402,82.67903494,68.67833875,2.47,34.561,2.782,69.564
2982.25,87.307,82.67697316,68.6812175,2.467,33.685,2.85,68.212
2982.375,86.648,82.67491142,68.68409625,2.463,32.708,2.928,67.234
2982.5,86.822,82.67284974,68.686975,2.461,31.718,2.987,66.983
2982.625,87.012,82.67078812,68.68985375,2.46,30.61,3.053,67.12
2982.75,87.079,82.66872654,68.6927325,2.461,29.321,3.136,68.1
2982.875,86.607,82.66666501,68.69561125,2.464,28.626,3.218,69.154
2983,85.592,82.66460354,68.69849,2.467,28.083,3.259,69.906
2983.125,84.413,82.66254212,68.70136875,2.469,28.048,3.299,70.638
2983.25,82.904,82.66048075,68.7042475,2.471,28.248,3.337,71.376
2983.375,81.64,82.65841943,68.70712625,2.472,28.243,3.371,72.204
2983.5,81.496,82.65635816,68.710005,2.466,28.164,3.389,73.233
2983.625,81.632,82.65429694,68.71288375,2.456,27.853,3.408,74.101
2983.75,82.524,82.65223577,68.7157625,2.441,27.447,3.427,74.367
2983.875,83.96,82.65017466,68.71864125,2.418,27.087,3.442,74.04
2984,84.883,82.6481136,68.72152,2.403,26.767,3.445,73.792
2984.125,85.661,82.64605258,68.72439875,2.404,26.678,3.449,73.818
2984.25,86.004,82.64399162,68.7272775,2.414,26.839,3.458,74.465
2984.375,85.818,82.64193072,68.73015625,2.432,26.894,3.475,75.177
2984.5,85.359,82.63986986,68.733035,2.439,26.844,3.496,75.158
2984.625,84.779,82.63780905,68.73591375,2.431,26.491,3.521,74.585
2984.75,83.855,82.6357483,68.7387925,2.415,26.142,3.552,72.77
2984.875,82.764,82.63368759,68.74167125,2.388,26.244,3.579,70.741
2985,82.262,82.63162694,68.74455,2.366,26.436,3.589,68.787
2985.125,81.942,82.62956634,68.74742875,2.356,26.857,3.599,67.203
2985.25,82.166,82.62750579,68.7503075,2.348,27.276,3.607,66.873
2985.375,82.956,82.62544529,68.75318625,2.341,27.657,3.612,67.715
2985.5,83.797,82.62338485,68.756065,2.343,28.074,3.605,69.088
2985.625,84.691,82.62132445,68.75894375,2.352,28.614,3.588,70.111
2985.75,85.685,82.61926411,68.7618225,2.365,29.355,3.54,69.964
2985.875,86.495,82.61720382,68.76470125,2.381,30.113,3.463,68.863
2986,86.818,82.61514358,68.76758,2.377,30.831,3.391,67.674
2986.125,87.198,82.61308339,68.77045875,2.358,31.402,3.311,66.85
2986.25,87.777,82.61102325,68.7733375,2.331,31.817,3.213,67.014
2986.375,88.502,82.60896316,68.77621625,2.296,32.033,3.122,67.648
2986.5,88.808,82.60690313,68.779095,2.279,32.258,3.079,68.043
2986.625,88.949,82.60484314,68.78197375,2.283,32.538,3.036,68.294
2986.75,88.673,82.60278321,68.7848525,2.294,32.894,2.988,68.266
2986.875,88.204,82.60072333,68.78773125,2.317,33.001,2.939,68.295
2987,88.416,82.5986635,68.79061,2.338,32.999,2.906,68.774
2987.125,88.878,82.59660372,68.79348875,2.348,32.713,2.872,69.382
2987.25,89.884,82.59454399,68.7963675,2.355,32.472,2.84,70.099
2987.375,90.823,82.59248432,68.79924625,2.362,32.416,2.825,70.424
2987.5,90.551,82.59042469,68.802125,2.367,32.308,2.839,69.778
2987.625,89.932,82.58836512,68.80500375,2.373,31.873,2.861,68.641
2987.75,88.415,82.5863056,68.8078825,2.381,31.209,2.899,66.56
2987.875,86.397,82.58424613,68.81076125,2.396,30.537,2.936,64.671
2988,84.968,82.58218671,68.81364,2.414,29.865,2.946,63.494
2988.125,83.669,82.58012734,68.81651875,2.426,29.16,2.95,62.827
2988.25,82.96,82.57806803,68.8193975,2.439,28.557,2.937,63.408
2988.375,83.538,82.57600876,68.82227625,2.455,28.636,2.908,64.361
2988.5,85.25,82.57394955,68.825155,2.467,29.041,2.869,64.525
2988.625,87.15,82.57189039,68.82803375,2.472,30.546,2.82,64.386
2988.75,89.374,82.56983127,68.8309125,2.474,32.461,2.738,63.878
2988.875,91.149,82.56777221,68.83379125,2.475,33.987,2.637,64.07
2989,91.884,82.56571321,68.83667,2.476,35.33,2.568,65.826
2989.125,92.656,82.56365425,68.83954875,2.478,35.877,2.497,67.678
2989.25,93.494,82.56159534,68.8424275,2.48,35.697,2.423,69.098
2989.375,94.083,82.55953649,68.84530625,2.486,34.489,2.363,69.141
2989.5,93.874,82.55747769,68.848185,2.492,33.233,2.344,68.399
2989.625,93.516,82.55541894,68.85106375,2.495,32.179,2.329,67.734
2989.75,92.853,82.55336024,68.8539425,2.5,31.669,2.322,67.38
2989.875,92.282,82.55130159,68.85682125,2.51,31.461,2.324,67.267
2990,92.343,82.54924299,68.8597,2.524,31.192,2.333,66.786
2990.125,92.533,82.54718444,68.86257875,2.535,30.79,2.346,66.224
2990.25,93.019,82.54512595,68.8654575,2.544,30.509,2.365,65.73
2990.375,93.571,82.54306751,68.86833625,2.547,30.784,2.383,65.838
2990.5,93.897,82.54100911,68.871215,2.541,31.156,2.381,67.059
2990.625,94.273,82.53895077,68.87409375,2.533,31.753,2.369,68.608
2990.75,94.83,82.53689248,68.8769725,2.527,32.419,2.331,70.545
2990.875,95.584,82.53483425,68.87985125,2.522,33.612,2.27,71.782
2991,96.421,82.53277606,68.88273,2.522,34.875,2.212,72.105
2991.125,97.53,82.53071792,68.88560875,2.524,36.081,2.146,72.12
2991.25,99.411,82.52865984,68.8884875,2.527,36.813,2.056,71.492
2991.375,101.708,82.52660181,68.89136625,2.529,36.913,1.958,70.814
2991.5,102.759,82.52454382,68.894245,2.53,37.02,1.896,70.401
2991.625,103.36,82.52248589,68.89712375,2.531,37.355,1.834,70.202
2991.75,102.645,82.52042802,68.9000025,2.531,37.971,1.771,70.523
2991.875,100.646,82.51837019,68.90288125,2.532,37.991,1.718,70.992
2992,99.882,82.51631241,68.90576,2.531,37.793,1.702,70.78
2992.125,98.559,82.51425469,68.90863875,2.528,36.824,1.69,69.875
2992.25,96.081,82.51219701,68.9115175,2.524,35.257,1.691,67.331
2992.375,92.418,82.51013939,68.91439625,2.516,33.067,1.706,64.326
2992.5,88.866,82.50808182,68.917275,2.51,30.965,1.734,61.259
2992.625,85.982,82.5060243,68.92015375,2.508,29.636,1.776,58.759
2992.75,84.782,82.50396683,68.9230325,2.508,29.417,1.858,58.191
2992.875,85.469,82.50190942,68.92591125,2.509,29.963,1.978,59.414
2993,87.96,82.49985205,68.92879,2.51,30.262,2.079,61.772
2993.125,89.813,82.49779474,68.93166875,2.509,29.392,2.193,63.986
2993.25,89.864,82.49573747,68.9345475,2.507,28.116,2.338,65.307
2993.375,87.685,82.49368026,68.93742625,2.501,27.62,2.483,65.266
2993.5,85.062,82.4916231,68.940305,2.495,27.437,2.565,64.212
2993.625,83.274,82.48956599,68.94318375,2.492,28.146,2.654,63.172
2993.75,83.413,82.48750893,68.9460625,2.49,29.069,2.768,62.562
2993.875,85.027,82.48545193,68.94894125,2.49,29.342,2.893,62.895
2994,85.885,82.48339497,68.95182,2.492,29.321,2.961,64.673
2994.125,86.162,82.48133807,68.95469875,2.495,28.674,3.022,66.895
2994.25,85.199,82.47928121,68.9575775,2.499,27.974,3.058,69.651
2994.375,83.496,82.47722441,68.96045625,2.506,27.521,3.062,71.45
2994.5,83.062,82.47516766,68.963335,2.514,27.143,3.046,71.771
2994.625,83.013,82.47311096,68.96621375,2.519,27.076,3.031,71.548
2994.75,83.715,82.47105432,68.9690925,2.522,27.263,3.024,70.275
2994.875,84.717,82.46899772,68.97197125,2.525,27.357,3.035,69.181
2995,84.988,82.46694117,68.97485,2.524,27.359,3.068,68.78
2995.125,85.116,82.46488468,68.97772875,2.518,27.152,3.11,68.528
2995.25,84.993,82.46282824,68.9806075,2.508,27.026,3.18,68.495
2995.375,84.79,82.46077185,68.98348625,2.485,27.309,3.26,68.262
2995.5,84.355,82.45871551,68.986365,2.46,27.628,3.292,67.099
2995.625,83.87,82.45665922,68.98924375,2.446,27.914,3.303,65.539
2995.75,83.286,82.45460298,68.9921225,2.437,27.99,3.25,63.399
2995.875,82.742,82.4525468,68.99500125,2.428,28.234,3.124,61.887
2996,83.781,82.45049066,68.99788,2.421,28.632,2.978,61.906
2996.125,85.253,82.44843458,69.00075875,2.418,30.016,2.811,62.712
2996.25,88.042,82.44637855,69.0036375,2.415,32.223,2.583,65.131
2996.375,92.802,82.44432256,69.00651625,2.409,34.377,2.343,67.476
2996.5,97.426,82.44226663,69.009395,2.404,36.315,2.202,68.989
2996.625,101.331,82.44021076,69.01227375,2.4,37.378,2.054,69.994
2996.75,103.851,82.43815493,69.0151525,2.398,37.824,1.887,69.71
2996.875,105.857,82.43609915,69.01803125,2.401,38.247,1.731,68.863
2997,106.038,82.43404343,69.02091,2.41,38.766,1.664,68.225
2997.125,105.976,82.43198776,69.02378875,2.417,40.039,1.604,67.777
2997.25,105.428,82.42993213,69.0266675,2.424,40.33,1.56,67.744
2997.375,104.587,82.42787656,69.02954625,2.427,39.523,1.539,67.738
2997.5,103.89,82.42582104,69.032425,2.428,38.637,1.547,67.335
2997.625,103.319,82.42376557,69.03530375,2.429,37.735,1.559,66.914
2997.75,103.011,82.42171016,69.0381825,2.434,37.219,1.582,66.661
2997.875,102.855,82.41965479,69.04106125,2.447,37.605,1.609,66.889
2998,102.878,82.41759948,69.04394,2.467,38.131,1.627,67.543
2998.125,102.903,82.41554421,69.04681875,2.484,38.783,1.649,68.145
2998.25,102.986,82.413489,69.0496975,2.501,38.835,1.683,68.413
2998.375,103.293,82.41143384,69.05257625,2.524,37.712,1.727,68.131
2998.5,103.907,82.40937873,69.055455,2.541,36.522,1.765,66.885
2998.625,104.366,82.40732367,69.05833375,2.547,35.457,1.806,65.338
2998.75,104.228,82.40526867,69.0612125,2.549,34.821,1.857,63.442
2998.875,102.934,82.40321371,69.06409125,2.547,34.62,1.906,62.203
2999,100.508,82.40115881,69.06697,2.543,34.42,1.933,61.814
2999.125,98.422,82.39910395,69.06984875,2.54,34.076,1.965,61.681
2999.25,97.169,82.39704915,69.0727275,2.538,33.541,2.014,62.036
2999.375,96.691,82.3949944,69.07560625,2.534,32.984,2.079,62.316
2999.5,96.91,82.3929397,69.078485,2.528,32.486,2.137,61.779
2999.625,96.847,82.39088505,69.08136375,2.524,32.243,2.201,60.79
2999.75,95.88,82.38883046,69.0842425,2.522,32.135,2.28,58.967
2999.875,93.588,82.38677591,69.08712125,2.53,31.793,2.357,57.43
3000,91.435,82.38472141,69.09,2.547,31.336,2.401,56.579
3000.125,89.808,82.38266697,69.09287875,2.561,30.567,2.451,56
3000.25,89.298,82.38061258,69.0957575,2.571,29.814,2.521,56.029
3000.375,89.48,82.37855824,69.09863625,2.57,29.337,2.608,56.151
3000.5,89.85,82.37650395,69.101515,2.557,28.943,2.671,55.973
3000.625,90.039,82.37444971,69.10439375,2.545,28.71,2.736,55.85
3000.75,89.776,82.37239552,69.1072725,2.535,28.393,2.801,55.985
3000.875,89.07,82.37034139,69.11015125,2.529,27.989,2.848,56.384
3001,88.447,82.3682873,69.11303,2.534,27.623,2.853,56.673
3001.125,87.956,82.36623327,69.11590875,2.542,27.518,2.854,56.745
3001.25,87.67,82.36417929,69.1187875,2.551,27.742,2.844,56.297
3001.375,87.294,82.36212536,69.12166625,2.561,28.225,2.828,55.736
3001.5,86.747,82.36007148,69.124545,2.566,28.69,2.817,55.564
3001.625,86.246,82.35801765,69.12742375,2.566,29.391,2.805,55.593
3001.75,85.87,82.35596387,69.1303025,2.563,30.484,2.784,56.008
3001.875,85.666,82.35391014,69.13318125,2.556,31.725,2.756,56.338
3002,86.139,82.35185647,69.13606,2.549,32.828,2.732,56.439
3002.125,86.691,82.34980284,69.13893875,2.544,33.103,2.705,56.659
3002.25,87.463,82.34774927,69.1418175,2.541,32.534,2.671,57.29
3002.375,88.524,82.34569575,69.14469625,2.536,31.637,2.634,58.283
3002.5,89.108,82.34364228,69.147575,2.531,30.865,2.61,59.413
3002.625,89.505,82.34158886,69.15045375,2.527,30.729,2.585,60.221
3002.75,89.547,82.33953549,69.1533325,2.523,31.161,2.553,60.041
3002.875,89.498,82.33748218,69.15621125,2.51,32.14,2.521,59.167
3003,89.769,82.33542891,69.15909,2.493,33.139,2.507,58.237
3003.125,90.125,82.3333757,69.16196875,2.478,33.87,2.495,57.504
3003.25,90.696,82.33132253,69.1648475,2.464,34.03,2.492,57.327
3003.375,91.477,82.32926942,69.16772625,2.448,33.154,2.498,57.492
3003.5,91.566,82.32721636,69.170605,2.44,32.105,2.51,58.091
3003.625,91.394,82.32516335,69.17348375,2.44,30.452,2.522,58.939
3003.75,90.588,82.32311039,69.1763625,2.444,28.693,2.532,60.218
3003.875,89.197,82.32105749,69.17924125,2.454,27.543,2.536,61.277
3004,88.879,82.31900463,69.18212,2.464,26.61,2.532,61.967
3004.125,89.078,82.31695183,69.18499875,2.47,26.748,2.527,62.47
3004.25,90.608,82.31489907,69.1878775,2.475,27.846,2.52,62.469
3004.375,93.623,82.31284637,69.19075625,2.481,30.007,2.515,62.17
3004.5,96.18,82.31079372,69.193635,2.482,32.051,2.516,61.544
3004.625,98.125,82.30874112,69.19651375,2.48,33.217,2.517,60.824
3004.75,98.782,82.30668857,69.1993925,2.475,33.557,2.521,60.069
3004.875,98.638,82.30463607,69.20227125,2.464,32.818,2.529,59.751
3005,97.586,82.30258363,69.20515,2.451,31.827,2.542,59.981
3005.125,96.509,82.30053123,69.20802875,2.441,29.926,2.562,60.308
3005.25,95.217,82.29847889,69.2109075,2.432,28.121,2.599,60.744
3005.375,93.319,82.2964266,69.21378625,2.42,27.3,2.651,61.001
3005.5,91.792,82.29437435,69.216665,2.411,26.787,2.695,61.122
3005.625,90.565,82.29232216,69.21954375,2.41,27.294,2.744,61.205
3005.75,89.869,82.29027003,69.2224225,2.414,28.242,2.8,61.162
3005.875,89.195,82.28821794,69.22530125,2.424,28.665,2.845,60.957
3006,88.54,82.2861659,69.22818,2.434,28.897,2.847,60.491
3006.125,87.929,82.28411391,69.23105875,2.437,28.753,2.836,60.105
3006.25,87.403,82.28206198,69.2339375,2.437,28.772,2.79,60.058
3006.375,86.959,82.2800101,69.23681625,2.437,29.91,2.717,60.356
3006.5,87.479,82.27795826,69.239695,2.44,31.231,2.656,60.343
3006.625,88.271,82.27590648,69.24257375,2.446,32.955,2.59,59.979
3006.75,89.893,82.27385475,69.2454525,2.454,34.635,2.506,58.87
3006.875,92.744,82.27180308,69.24833125,2.465,35.641,2.418,57.764
3007,95.13,82.26975145,69.25121,2.472,36.44,2.357,56.937
3007.125,96.982,82.26769987,69.25408875,2.474,36.552,2.29,56.236
3007.25,97.82,82.26564835,69.2569675,2.475,36.282,2.2,55.922
3007.375,98.369,82.26359687,69.25984625,2.475,36.156,2.104,55.992
3007.5,98.992,82.26154545,69.262725,2.473,36.133,2.047,57.039
3007.625,99.665,82.25949408,69.26560375,2.47,36.346,1.989,58.521
3007.75,100.506,82.25744276,69.2684825,2.466,36.505,1.926,60.651
3007.875,101.609,82.25539149,69.27136125,2.461,36.635,1.872,62.103
3008,102.154,82.25334027,69.27424,2.46,36.817,1.85,62.093
3008.125,102.478,82.2512891,69.27711875,2.463,37.103,1.83,61.469
3008.25,102.268,82.24923799,69.2799975,2.467,37.267,1.815,59.624
3008.375,101.526,82.24718692,69.28287625,2.472,36.948,1.807,57.863
3008.5,100.674,82.24513591,69.285755,2.473,36.501,1.815,56.399
3008.625,99.994,82.24308495,69.28863375,2.471,35.681,1.829,55.081
3008.75,99.638,82.24103403,69.2915125,2.468,34.725,1.862,54.258
3008.875,99.332,82.23898317,69.29439125,2.459,33.809,1.91,53.906
3009,98.91,82.23693236,69.29727,2.449,32.92,1.949,53.643
3009.125,98.505,82.23488161,69.30014875,2.442,32.055,1.992,53.402
3009.25,98.176,82.2328309,69.3030275,2.436,31.124,2.041,53.3
3009.375,98.04,82.23078024,69.30590625,2.432,30.155,2.089,53.46
3009.5,98.446,82.22872964,69.308785,2.432,29.249,2.116,54.113
3009.625,98.842,82.22667909,69.31166375,2.433,28.855,2.142,54.831
3009.75,99.153,82.22462858,69.3145425,2.435,29.058,2.165,55.478
3009.875,99.225,82.22257813,69.31742125,2.436,30.039,2.178,55.642
3010,98.662,82.22052773,69.3203,2.439,31.02,2.172,55.342
3010.125,98.109,82.21847738,69.32317875,2.443,31.725,2.161,55.06
3010.25,97.661,82.21642709,69.3260575,2.451,31.907,2.135,55.012
3010.375,97.529,82.21437684,69.32893625,2.467,31.354,2.101,55.444
3010.5,98.367,82.21232664,69.331815,2.481,30.769,2.074,56.858
3010.625,99.237,82.2102765,69.33469375,2.486,30.409,2.042,58.614
3010.75,100.15,82.20822641,69.3375725,2.486,30.606,1.996,60.852
3010.875,101.041,82.20617637,69.34045125,2.479,31.543,1.94,62.599
3011,101.163,82.20412637,69.34333,2.468,32.553,1.895,64.373
3011.125,101.169,82.20207643,69.34620875,2.46,33.735,1.844,66.171
3011.25,100.969,82.20002655,69.3490875,2.453,34.86,1.777,67.681
3011.375,100.723,82.19797671,69.35196625,2.444,35.623,1.707,68.306
3011.5,100.754,82.19592692,69.354845,2.439,36.29,1.665,67.938
3011.625,100.865,82.19387719,69.35772375,2.437,36.567,1.62,67.34
3011.75,101.254,82.1918275,69.3606025,2.437,36.551,1.571,66.442
3011.875,102.173,82.18977787,69.36348125,2.438,36.575,1.526,65.941
3012,103.715,82.18772829,69.36636,2.441,36.689,1.505,65.695
3012.125,105.194,82.18567876,69.36923875,2.444,37.039,1.485,65.309
3012.25,106.59,82.18362928,69.3721175,2.448,37.389,1.467,64.555
3012.375,108.026,82.18157985,69.37499625,2.455,37.374,1.454,63.68
3012.5,108.035,82.17953047,69.377875,2.461,37.188,1.453,63.009
3012.625,107.767,82.17748114,69.38075375,2.465,36.331,1.454,62.677
3012.75,106.935,82.17543187,69.3836325,2.468,35.115,1.463,63.267
3012.875,105.803,82.17338264,69.38651125,2.471,34.582,1.479,64.371
3013,105.363,82.17133347,69.38939,2.47,34.302,1.498,65.631
3013.125,105.104,82.16928435,69.39226875,2.467,34.739,1.519,66.648
3013.25,105.148,82.16723528,69.3951475,2.463,35.218,1.547,66.841
3013.375,105.162,82.16518626,69.39802625,2.461,35.069,1.576,66.306
3013.5,104.829,82.16313729,69.400905,2.463,34.839,1.589,65.667
3013.625,104.499,82.16108837,69.40378375,2.466,34.704,1.602,65.255
3013.75,104.202,82.1590395,69.4066625,2.469,35.168,1.614,65.421
3013.875,103.984,82.15699069,69.40954125,2.472,36.338,1.624,65.766
3014,103.793,82.15494192,69.41242,2.474,37.449,1.629,65.787
3014.125,103.523,82.15289321,69.41529875,2.475,37.919,1.633,65.632
3014.25,102.951,82.15084455,69.4181775,2.477,37.395,1.635,65.119
3014.375,101.848,82.14879594,69.42105625,2.479,36.435,1.634,64.619
3014.5,100.927,82.14674738,69.423935,2.478,35.702,1.631,64.379
3014.625,100.269,82.14469887,69.42681375,2.475,36.118,1.629,64.356
3014.75,100.218,82.14265041,69.4296925,2.469,37.632,1.63,64.852
3014.875,100.691,82.140602,69.43257125,2.452,39.171,1.639,65.482
3015,101.46,82.13855365,69.43545,2.431,40.349,1.653,65.596
3015.125,102.068,82.13650534,69.43832875,2.417,40.049,1.671,65.346
3015.25,102.252,82.13445709,69.4412075,2.409,38.807,1.697,64.363
3015.375,101.959,82.13240889,69.44408625,2.41,37.927,1.729,63.497
3015.5,101.299,82.13036074,69.446965,2.425,37.309,1.76,63.125
3015.625,100.754,82.12831264,69.44984375,2.439,37.489,1.799,62.857
3015.75,100.471,82.12626459,69.4527225,2.452,37.749,1.863,62.735
3015.875,100.358,82.12421659,69.45560125,2.464,36.712,1.948,62.451
3016,100.115,82.12216864,69.45848,2.466,35.425,2.012,61.522
3016.125,99.771,82.12012075,69.46135875,2.461,33.83,2.081,60.37
3016.25,99.139,82.1180729,69.4642375,2.456,32.75,2.162,58.933
3016.375,98.138,82.11602511,69.46711625,2.449,32.243,2.24,57.925
3016.5,97.389,82.11397736,69.469995,2.446,31.777,2.279,57.511
3016.625,96.816,82.11192967,69.47287375,2.447,31.494,2.316,57.404
3016.75,96.647,82.10988203,69.4757525,2.448,31.391,2.351,58.032
3016.875,96.854,82.10783444,69.47863125,2.448,31.644,2.376,58.932
3017,97.454,82.1057869,69.48151,2.447,31.946,2.377,60.277
3017.125,97.937,82.10373942,69.48438875,2.444,32.208,2.373,61.833
3017.25,98.098,82.10169198,69.4872675,2.443,32.139,2.354,63.706
3017.375,97.89,82.09964459,69.49014625,2.445,31.907,2.33,65.341
3017.5,97.593,82.09759726,69.493025,2.45,31.702,2.327,67.462
3017.625,97.413,82.09554998,69.49590375,2.455,31.44,2.335,69.621
3017.75,97.397,82.09350274,69.4987825,2.458,30.892,2.375,71.293
3017.875,97.152,82.09145556,69.50166125,2.461,30.062,2.445,71.499
3018,95.332,82.08940843,69.50454,2.461,29.224,2.513,69.37
3018.125,93.235,82.08736135,69.50741875,2.461,28.271,2.587,66.635
3018.25,90.33,82.08531432,69.5102975,2.46,27.011,2.672,63.26
3018.375,86.359,82.08326735,69.51317625,2.459,25.844,2.746,61.334
3018.5,84.868,82.08122042,69.516055,2.459,24.867,2.77,61.148
3018.625,84.287,82.07917355,69.51893375,2.459,24.964,2.788,61.402
3018.75,85.714,82.07712672,69.5218125,2.46,26.224,2.783,62.464
3018.875,88.651,82.07507995,69.52469125,2.463,28.636,2.751,63.395
3019,91.137,82.07303323,69.52757,2.469,31.035,2.691,64.413
3019.125,93.212,82.07098656,69.53044875,2.473,32.675,2.615,65.575
3019.25,94.674,82.06893994,69.5333275,2.477,33.356,2.497,66.904
3019.375,96.399,82.06689337,69.53620625,2.482,33.714,2.366,67.867
3019.5,97.413,82.06484685,69.539085,2.484,34.098,2.292,68.315
3019.625,98.083,82.06280039,69.54196375,2.484,34.489,2.219,68.527
3019.75,97.97,82.06075397,69.5448425,2.483,34.648,2.146,68.194
3019.875,97.192,82.05870761,69.54772125,2.482,34.021,2.082,67.71
3020,96.15,82.05666129,69.5506,2.482,33.228,2.053,67.212
3020.125,95.363,82.05461503,69.55347875,2.483,32.174,2.026,66.781
3020.25,95.373,82.05256882,69.5563575,2.483,31.596,2.002,66.621
3020.375,96.67,82.05052266,69.55923625,2.483,32.446,1.988,66.813
3020.5,99.529,82.04847655,69.562115,2.48,33.455,1.995,67.626
3020.625,102.041,82.04643049,69.56499375,2.476,34.451,2.007,68.588
3020.75,103.548,82.04438448,69.5678725,2.472,34.639,2.032,69.634
3020.875,103.662,82.04233853,69.57075125,2.47,33.64,2.063,70.15
3021,101.216,82.04029262,69.57363,2.475,32.535,2.088,70.145
3021.125,98.905,82.03824677,69.57650875,2.482,31.344,2.12,70.012
3021.25,96.951,82.03620096,69.5793875,2.49,30.53,2.175,69.583
3021.375,95.293,82.03415521,69.58226625,2.502,30.254,2.249,68.992
3021.5,94.449,82.03210951,69.585145,2.511,30,2.316,67.736
3021.625,93.58,82.03006386,69.58802375,2.514,29.715,2.39,66.31
3021.75,92.492,82.02801826,69.5909025,2.516,29.359,2.48,64.815
3021.875,90.933,82.02597271,69.59378125,2.514,29.436,2.563,63.968
3022,90.026,82.02392721,69.59666,2.507,29.623,2.592,63.621
3022.125,89.256,82.02188177,69.59953875,2.501,29.925,2.614,63.42
3022.25,88.574,82.01983637,69.6024175,2.496,29.895,2.613,63.624
3022.375,87.486,82.01779103,69.60529625,2.494,29.657,2.594,64.143
3022.5,87.318,82.01574574,69.608175,2.497,29.573,2.568,65.244
3022.625,87.592,82.01370049,69.61105375,2.497,30.302,2.539,66.44
3022.75,88.957,82.0116553,69.6139325,2.492,31.836,2.498,67.589
3022.875,91.406,82.00961016,69.61681125,2.477,33.511,2.451,68.207
3023,93.561,82.00756507,69.61969,2.46,35.043,2.414,68.593
3023.125,95.449,82.00552004,69.62256875,2.453,35.974,2.375,68.88
3023.25,96.979,82.00347505,69.6254475,2.451,36.143,2.336,68.831
3023.375,98.771,82.00143011,69.62832625,2.457,36.093,2.316,68.433
3023.5,99.555,81.99938523,69.631205,2.467,35.799,2.348,67.388
3023.625,100.025,81.99734039,69.63408375,2.473,34.76,2.402,66.053
3023.75,99.756,81.99529561,69.6369625,2.479,33.479,2.52,64.21
3023.875,98.677,81.99325088,69.63984125,2.485,31.773,2.681,62.545
3024,94.907,81.9912062,69.64272,2.487,29.858,2.798,60.821
3024.125,90.609,81.98916157,69.64559875,2.487,27.55,2.917,59.327
3024.25,84.713,81.98711699,69.6484775,2.485,25.092,3.043,58.82
3024.375,76.681,81.98507246,69.65135625,2.478,23.517,3.154,59.61
3024.875,78.642,81.97689486,69.66287125,2.45,26.393,3.335,68.485
3025,81.932,81.97485058,69.66575,2.442,28.307,3.285,68.269
3025.125,84.759,81.97280636,69.66862875,2.436,29.393,3.216,67.846
3025.25,86.991,81.97076219,69.6715075,2.428,29.83,3.099,67.09
3025.375,89.748,81.96871807,69.67438625,2.416,29.972,2.975,66.473
3025.5,90.823,81.966674,69.677265,2.405,30.123,2.923,65.903
3025.625,91.29,81.96462998,69.68014375,2.4,30.224,2.881,65.513
3025.75,90.463,81.96258601,69.6830225,2.396,30.108,2.863,65.714
3025.875,88.822,81.9605421,69.68590125,2.39,29.334,2.866,66.393
3026,87.715,81.95849823,69.68878,2.381,28.562,2.876,67.346
3026.125,86.869,81.95645442,69.69165875,2.374,27.909,2.885,68.391
3026.25,86.534,81.95441065,69.6945375,2.367,27.502,2.888,69.571
3026.375,86.515,81.95236694,69.69741625,2.358,27.21,2.884,70.62
3026.5,87.331,81.95032328,69.700295,2.353,26.815,2.881,71.698
3026.625,88.136,81.94827967,69.70317375,2.353,26.132,2.878,72.64
3026.75,88.819,81.94623611,69.7060525,2.353,25.565,2.875,73.064
3026.875,89.176,81.9441926,69.70893125,2.352,26.048,2.867,72.933
3027,88.637,81.94214914,69.71181,2.349,26.762,2.854,72.627
3027.125,88.109,81.94010573,69.71468875,2.345,27.864,2.837,72.395
3027.25,87.68,81.93806238,69.7175675,2.341,28.52,2.811,72.393
3027.375,87.487,81.93601907,69.72044625,2.337,28.136,2.784,72.579
3027.5,87.827,81.93397582,69.723325,2.337,27.694,2.773,72.982
3027.625,88.184,81.93193262,69.72620375,2.339,27.493,2.764,73.394
3027.75,88.587,81.92988946,69.7290825,2.341,27.874,2.759,73.704
3027.875,89.058,81.92784636,69.73196125,2.342,28.554,2.757,73.723
3028,89.179,81.92580331,69.73484,2.34,29.26,2.756,73.453
3028.125,89.199,81.92376031,69.73771875,2.338,29.749,2.754,73.199
3028.25,88.995,81.92171737,69.7405975,2.338,29.817,2.752,73.103
3028.375,88.625,81.91967447,69.74347625,2.341,29.445,2.75,73.288
3028.5,88.388,81.91763162,69.746355,2.347,29.063,2.755,73.825
3028.625,88.193,81.91558883,69.74923375,2.351,28.692,2.763,74.468
3028.75,88.038,81.91354608,69.7521125,2.354,28.298,2.778,75.253
3028.875,87.777,81.91150339,69.75499125,2.357,27.948,2.797,75.867
3029,87.466,81.90946075,69.75787,2.357,27.638,2.808,76.413
3029.125,87.186,81.90741815,69.76074875,2.357,27.466,2.819,76.889
3029.25,86.918,81.90537561,69.7636275,2.36,27.323,2.827,77.096
3029.375,86.51,81.90333312,69.76650625,2.367,27.059,2.83,77.021
3029.5,86.023,81.90129068,69.769385,2.378,26.774,2.828,77.199
3029.625,85.595,81.8992483,69.77226375,2.386,26.562,2.826,77.638
3029.75,85.302,81.89720596,69.7751425,2.395,26.648,2.824,78.585
3029.875,85.109,81.89516367,69.77802125,2.411,27.327,2.826,79.383
3030,85.139,81.89312144,69.7809,2.43,28.042,2.832,79.372
3030.125,85.162,81.89107925,69.78377875,2.443,28.648,2.842,78.914
3030.25,85.144,81.88903712,69.7866575,2.458,28.86,2.86,77.512
3030.375,85.042,81.88699504,69.78953625,2.477,28.239,2.885,76.061
3030.5,84.848,81.88495301,69.792415,2.493,27.487,2.906,74.645
3030.625,84.619,81.88291103,69.79529375,2.501,26.49,2.93,73.434
3030.75,84.211,81.8808691,69.7981725,2.507,25.602,2.957,73.012
3030.875,83.386,81.87882722,69.80105125,2.513,25.329,2.982,73.475
3031,82.543,81.87678539,69.80393,2.516,25.215,2.995,74.557
3031.125,81.923,81.87474361,69.80680875,2.517,25.629,3.01,75.621
3031.25,81.866,81.87270189,69.8096875,2.516,26.287,3.032,76.416
3031.375,82.401,81.87066021,69.81256625,2.513,26.824,3.062,76.716
3031.5,83.205,81.86861859,69.815445,2.508,27.25,3.088,76.958
3031.625,83.814,81.86657701,69.81832375,2.504,27.225,3.115,77.202
3031.75,83.931,81.86453549,69.8212025,2.501,26.887,3.147,77.345
3031.875,83.54,81.86249402,69.82408125,2.498,26.544,3.178,77.228
3032,82.853,81.8604526,69.82696,2.498,26.253,3.202,76.897
3032.125,82.299,81.85841123,69.82983875,2.499,26.22,3.235,76.534
3032.25,82.079,81.85636991,69.8327175,2.501,26.428,3.296,76.122
3032.375,82.195,81.85432864,69.83559625,2.505,26.627,3.384,75.718
3032.5,82.623,81.85228743,69.838475,2.51,26.782,3.466,75.153
3032.625,82.959,81.85024626,69.84135375,2.513,26.734,3.557,74.571
3032.75,83.027,81.84820515,69.8442325,2.517,26.461,3.672,74.047
3032.875,82.738,81.84616408,69.84711125,2.523,25.965,3.78,73.73
3033,82.069,81.84412307,69.84999,2.528,25.458,3.83,73.37
3033.125,81.467,81.84208211,69.85286875,2.529,24.941,3.88,73.007
3033.25,81.015,81.84004119,69.8557475,2.529,24.456,3.933,72.727
3033.375,80.67,81.83800033,69.85862625,2.528,24.237,3.987,72.649
3033.5,80.7,81.83595952,69.861505,2.528,24.102,4.015,72.188
3033.625,80.757,81.83391877,69.86438375,2.528,24.204,4.039,71.381
3033.75,80.833,81.83187806,69.8672625,2.528,24.386,4.053,69.962
3033.875,80.817,81.8298374,69.87014125,2.53,24.428,4.049,68.9
3034,80.502,81.82779679,69.87302,2.532,24.395,4.029,68.972
3034.125,80.164,81.82575624,69.87589875,2.533,24.137,4.003,69.516
3034.25,79.769,81.82371574,69.8787775,2.534,23.829,3.96,70.945
3034.375,79.327,81.82167528,69.88165625,2.535,23.876,3.914,72.181
3034.5,79.411,81.81963488,69.884535,2.536,24.019,3.896,73.265
3034.625,79.62,81.81759453,69.88741375,2.535,24.471,3.886,74.398
3034.75,80.107,81.81555423,69.8902925,2.533,25.046,3.901,75.441
3034.875,80.812,81.81351398,69.89317125,2.527,25.562,3.944,75.869
3035,81.139,81.81147378,69.89605,2.52,26.043,4.004,74.189
3035.125,81.329,81.80943363,69.89892875,2.517,26.284,4.077,71.321
3035.25,81.222,81.80739353,69.9018075,2.514,26.146,4.188,66.163
3035.375,80.897,81.80535349,69.90468625,2.51,25.433,4.314,61.47
3035.5,80.498,81.80331349,69.907565,2.503,24.662,4.398,57.769
3035.625,80.167,81.80127355,69.91044375,2.496,23.856,4.488,54.837
3035.75,80.008,81.79923365,69.9133225,2.488,23.215,4.593,54.222
3035.875,80.054,81.79719381,69.91620125,2.479,22.908,4.699,55.381
3036,80.436,81.79515402,69.91908,2.476,22.666,4.762,57.638
3036.125,80.786,81.79311428,69.92195875,2.479,22.65,4.824,59.983
3036.25,81.03,81.79107458,69.9248375,2.484,22.792,4.884,62.079
3036.375,81.112,81.78903495,69.92771625,2.496,22.92,4.927,63.177
3036.5,80.796,81.78699536,69.930595,2.508,22.99,4.938,63.07
3036.625,80.446,81.78495582,69.93347375,2.513,22.927,4.949,62.256
3036.75,79.987,81.78291633,69.9363525,2.515,22.882,4.964,59.907
3036.875,79.341,81.7808769,69.93923125,2.512,22.639,4.984,57.493
3037,78.86,81.77883751,69.94211,2.505,22.31,5.009,56.621
3037.125,78.485,81.77679818,69.94498875,2.501,21.722,5.045,56.758
3037.25,78.28,81.77475889,69.9478675,2.497,21.104,5.114,59.028
3037.375,78.005,81.77271966,69.95074625,2.495,21.055,5.215,61.268
3037.5,77.335,81.77068048,69.953625,2.494,21.167,5.299,61.892
3037.625,76.672,81.76864135,69.95650375,2.493,21.695,5.378,61.799
3037.75,76.138,81.76660227,69.9593825,2.492,22.217,5.435,60.168
3037.875,76.075,81.76456324,69.96226125,2.49,22.349,5.437,58.271
3038,77.554,81.76252426,69.96514,2.49,22.4,5.386,55.486
3038.125,79.069,81.76048533,69.96801875,2.491,22.272,5.331,52.543
3038.25,80.585,81.75844646,69.9708975,2.494,22.206,5.272,49.997
3038.375,81.902,81.75640763,69.97377625,2.496,22.598,5.239,49.267
3038.5,81.641,81.75436885,69.976655,2.494,23.077,5.259,50.055
3038.625,81.188,81.75233013,69.97953375,2.492,23.602,5.29,50.613
3038.75,80.313,81.75029146,69.9824125,2.489,23.725,5.345,50.105
3038.875,79.051,81.74825283,69.98529125,2.487,22.852,5.397,48.339
3039,77.871,81.74621426,69.98817,2.486,21.853,5.4,45.789
3039.125,76.87,81.74417574,69.99104875,2.487,20.637,5.392,43.532
3039.25,76.333,81.74213727,69.9939275,2.489,19.566,5.36,42.411
3039.375,76.409,81.74009885,69.99680625,2.493,19.436,5.325,42.405
3039.5,77.986,81.73806049,69.999685,2.493,19.586,5.323,42.424
3039.625,79.604,81.73602217,70.00256375,2.49,20.665,5.331,42.323
3039.75,81.324,81.7339839,70.0054425,2.485,22.159,5.366,42.076
3039.875,83.17,81.73194569,70.00832125,2.474,22.936,5.424,42.125
3040,83.621,81.72990752,70.0112,2.468,23.433,5.498,42.496
3040.125,83.706,81.72786941,70.01407875,2.468,23.013,5.601,42.708
3040.25,82.775,81.72583134,70.0169575,2.471,22.108,5.783,42.423
3040.375,80.385,81.72379333,70.01983625,2.479,20.313,6.022,41.847
3040.5,76.354,81.72175537,70.022715,2.489,18.359,6.185,41.731
3041.25,76.449,81.70952867,70.0399875,2.507,18.359,6.036,42.551
3041.375,80.938,81.70749106,70.04286625,2.509,20.914,5.707,42.106
3041.5,82.783,81.7054535,70.045745,2.513,23.198,5.443,42.527
3041.625,84.031,81.703416,70.04862375,2.516,24.397,5.158,43.071
3041.75,84.267,81.70137855,70.0515025,2.519,24.852,4.824,43.69
3041.875,84.454,81.69934114,70.05438125,2.525,24.76,4.52,43.995
3042,84.828,81.69730379,70.05726,2.528,24.636,4.401,44.74
3042.125,85.115,81.69526649,70.06013875,2.527,24.402,4.301,45.803
3042.25,85.119,81.69322924,70.0630175,2.524,24.112,4.253,47.308
3042.375,84.68,81.69119204,70.06589625,2.516,23.75,4.259,48.21
3042.5,83.954,81.68915489,70.068775,2.509,23.385,4.306,47.989
3042.625,83.372,81.68711779,70.07165375,2.506,23.053,4.361,47.522
3042.75,83.147,81.68508075,70.0745325,2.506,22.797,4.433,46.785
3042.875,83.276,81.68304375,70.07741125,2.51,22.654,4.496,46.641
3043,83.697,81.68100681,70.08029,2.516,22.526,4.507,48.387
3043.125,84.028,81.67896991,70.08316875,2.52,22.516,4.504,51.13
3043.25,84.091,81.67693307,70.0860475,2.523,22.678,4.458,55.791
3043.375,83.782,81.67489627,70.08892625,2.523,23.259,4.368,60.14
3043.5,83.135,81.67285953,70.091805,2.518,23.947,4.264,64.645
3043.625,82.605,81.67082284,70.09468375,2.513,25.036,4.136,69.025
3043.75,82.424,81.6687862,70.0975625,2.508,26.408,3.944,72.364
3043.875,82.758,81.66674961,70.10044125,2.504,27.83,3.722,73.812
3044,83.714,81.66471307,70.10332,2.505,29.287,3.591,74.084
3044.125,84.578,81.66267658,70.10619875,2.507,30.312,3.464,74.094
3044.25,85.231,81.66064014,70.1090775,2.506,30.319,3.344,73.55
3044.375,85.736,81.65860376,70.11195625,2.496,29.159,3.258,72.905
3044.5,85.585,81.65656742,70.114835,2.48,27.961,3.252,71.927
3044.625,85.278,81.65453114,70.11771375,2.468,26.771,3.264,70.821
3044.75,84.487,81.6524949,70.1205925,2.459,25.797,3.326,69.659
3044.875,82.936,81.65045872,70.12347125,2.452,25.166,3.435,69.027
3045,81.3,81.64842258,70.12635,2.448,24.59,3.558,68.505
3045.125,79.963,81.6463865,70.12922875,2.443,24.229,3.713,67.589
3045.25,79.245,81.64435047,70.1321075,2.436,24.055,3.962,65.664
3045.375,78.871,81.64231449,70.13498625,2.427,23.995,4.266,63.323
3045.5,78.981,81.64027856,70.137865,2.424,23.887,4.511,60.466
3045.625,79.087,81.63824268,70.14074375,2.426,23.544,4.79,57.621
3045.75,79.142,81.63620685,70.1436225,2.429,23.052,5.161,55.201
3045.875,79.044,81.63417108,70.14650125,2.433,22.471,5.548,53.64
3046,78.547,81.63213535,70.14938,2.435,21.861,5.742,52.252
3046.125,78.037,81.63009967,70.15225875,2.438,21.132,5.914,51.312
3046.25,77.547,81.62806405,70.1551375,2.443,20.361,6.019,51.909
3046.375,77.243,81.62602847,70.15801625,2.455,20.23,6.037,54.006
3046.5,77.852,81.62399295,70.160895,2.466,20.324,5.984,57.706
3046.625,78.504,81.62195748,70.16377375,2.47,21.117,5.914,61.242
3046.75,79.184,81.61992205,70.1666525,2.471,22.085,5.791,63.43
3046.875,79.714,81.61788668,70.16953125,2.468,22.496,5.623,63.276
3047,79.31,81.61585136,70.17241,2.464,22.834,5.459,61.19
3047.125,78.806,81.61381609,70.17528875,2.461,23.133,5.27,59.207
3047.25,78.115,81.61178087,70.1781675,2.459,23.603,5.019,58.321
3047.375,77.364,81.60974571,70.18104625,2.457,23.94,4.772,59.524
3047.5,77.602,81.60771059,70.183925,2.458,24.209,4.674,63.411
3047.625,78.111,81.60567552,70.18680375,2.459,24.304,4.595,67.745
3047.75,79.297,81.6036405,70.1896825,2.461,24.418,4.562,72.029
3047.875,81.169,81.60160554,70.19256125,2.465,24.314,4.569,73.968
3048,81.914,81.59957062,70.19544,2.467,24.073,4.573,72.837
3048.125,82.135,81.59753576,70.19831875,2.467,23.197,4.562,70.813
3048.25,81.148,81.59550095,70.2011975,2.466,21.818,4.502,67.431
3048.375,79.186,81.59346618,70.20407625,2.466,20.907,4.404,65.252
3048.5,78.376,81.59143147,70.206955,2.467,20.281,4.332,65.676
3048.625,78.154,81.58939681,70.20983375,2.471,20.849,4.26,66.925
3048.75,79.281,81.5873622,70.2127125,2.475,22.368,4.183,69.539
3048.875,81.525,81.58532764,70.21559125,2.481,24.079,4.107,71.416
3049,83.083,81.58329313,70.21847,2.481,25.57,4.033,72.501
3049.125,84.189,81.58125868,70.22134875,2.475,26.221,3.938,73.533
3049.25,84.4,81.57922427,70.2242275,2.466,26.426,3.787,74.332
3049.375,84.201,81.57718991,70.22710625,2.449,26.672,3.62,74.658
3049.5,83.974,81.57515561,70.229985,2.438,26.966,3.533,74.155
3049.625,83.828,81.57312135,70.23286375,2.437,27.409,3.454,73.563
3049.75,83.86,81.57108715,70.2357425,2.439,27.935,3.396,73.074
3049.875,84.032,81.56905299,70.23862125,2.446,28.129,3.368,73.23
3050,84.195,81.56701889,70.2415,2.45,28.139,3.375,73.999
3050.125,84.275,81.56498484,70.24437875,2.448,27.528,3.386,74.719
3050.25,84.107,81.56295084,70.2472575,2.444,26.696,3.406,75.105
3050.375,83.568,81.56091689,70.25013625,2.438,26.359,3.424,75.045
3050.5,82.817,81.55888299,70.253015,2.436,26.152,3.43,75.19
3050.625,82.192,81.55684914,70.25589375,2.44,26.283,3.434,75.464
3050.75,81.87,81.55481534,70.2587725,2.446,26.429,3.433,75.873
3050.875,81.846,81.55278159,70.26165125,2.46,26.395,3.429,75.953
3051,82.207,81.55074789,70.26453,2.475,26.368,3.422,75.625
3051.125,82.533,81.54871425,70.26740875,2.484,26.466,3.412,75.253
3051.25,82.774,81.54668065,70.2702875,2.492,26.716,3.39,74.896
3051.375,82.945,81.54464711,70.27316625,2.502,27.076,3.357,74.793
3051.5,82.844,81.54261361,70.276045,2.508,27.427,3.325,74.9
3051.625,82.704,81.54058017,70.27892375,2.51,27.695,3.29,74.914
3051.75,82.485,81.53854678,70.2818025,2.512,27.821,3.247,74.626
3051.875,82.25,81.53651343,70.28468125,2.514,27.813,3.209,74.124
3052,82.519,81.53448014,70.28756,2.515,27.788,3.196,73.612
3052.125,82.904,81.5324469,70.29043875,2.515,27.707,3.186,73.235
3052.25,83.546,81.53041371,70.2933175,2.516,27.592,3.182,73.22
3052.375,84.356,81.52838057,70.29619625,2.519,27.43,3.181,73.315
3052.5,84.392,81.52634748,70.299075,2.522,27.24,3.182,72.599
3052.625,84.255,81.52431444,70.30195375,2.524,26.901,3.182,71.601
3052.75,83.806,81.52228146,70.3048325,2.525,26.476,3.184,70.343
3052.875,83.331,81.52024852,70.30771125,2.523,26.584,3.189,69.896
3053,83.598,81.51821564,70.31059,2.52,26.848,3.199,70.739
3053.125,83.946,81.5161828,70.31346875,2.518,27.404,3.212,71.857
3053.25,84.402,81.51415002,70.3163475,2.517,27.67,3.231,73.256
3053.375,84.768,81.51211728,70.31922625,2.519,26.815,3.25,74.032
3053.5,84.495,81.5100846,70.322105,2.525,25.774,3.256,74.481
3053.625,84.157,81.50805197,70.32498375,2.528,24.547,3.26,75.025
3053.75,83.687,81.50601938,70.3278625,2.531,23.898,3.258,75.738
3053.875,83.134,81.50398685,70.33074125,2.531,24.479,3.251,76.284
3054,83.016,81.50195437,70.33362,2.53,25.214,3.244,76.086
3054.125,83.015,81.49992194,70.33649875,2.53,26.242,3.236,75.561
3054.25,83.279,81.49788956,70.3393775,2.531,27.075,3.225,74.525
3054.375,83.779,81.49585724,70.34225625,2.534,27.152,3.212,73.962
3054.5,84.278,81.49382496,70.345135,2.534,27.115,3.203,74.696
3054.625,84.719,81.49179273,70.34801375,2.532,26.956,3.195,75.758
3054.75,85.064,81.48976056,70.3508925,2.528,27.07,3.184,77.154
3054.875,85.408,81.48772843,70.35377125,2.522,27.636,3.176,77.749
3055,85.453,81.48569636,70.35665,2.517,28.254,3.172,77.577
3055.125,85.448,81.48366433,70.35952875,2.515,28.821,3.168,77.535
3055.25,85.366,81.48163236,70.3624075,2.513,28.953,3.162,78.03
3055.375,85.323,81.47960043,70.36528625,2.507,28.442,3.155,79.091
3055.5,85.528,81.47756856,70.368165,2.499,27.885,3.15,80.726
3055.625,85.751,81.47553674,70.37104375,2.491,27.255,3.144,82.318
3055.75,86.015,81.47350497,70.3739225,2.481,26.66,3.136,83.449
3055.875,86.309,81.47147325,70.37680125,2.466,26.34,3.126,83.726
3056,86.288,81.46944158,70.37968,2.45,26.101,3.119,83.375
3056.125,86.165,81.46740996,70.38255875,2.439,26.041,3.112,82.92
3056.25,85.748,81.46537839,70.3854375,2.429,25.972,3.105,82.355
3056.375,84.931,81.46334688,70.38831625,2.417,25.831,3.099,82.037
3056.5,84.134,81.46131541,70.391195,2.407,25.646,3.098,81.708
3056.625,83.501,81.45928399,70.39407375,2.402,25.36,3.098,81.161
3056.75,83.224,81.45725263,70.3969525,2.398,25.139,3.1,80.125
3056.875,83.184,81.45522131,70.39983125,2.399,25.313,3.101,79.062
3057,83.46,81.45319005,70.40271,2.412,25.576,3.103,78.544
3057.125,83.745,81.45115883,70.40558875,2.429,26.093,3.105,78.502
3057.25,84.094,81.44912767,70.4084675,2.45,26.713,3.107,79.576
3057.375,84.622,81.44709656,70.41134625,2.482,27.101,3.113,80.889
3057.5,84.976,81.4450655,70.414225,2.505,27.403,3.118,81.429
3057.625,85.194,81.44303449,70.41710375,2.513,27.473,3.124,81.408
3057.75,85.075,81.44100353,70.4199825,2.516,27.46,3.13,80.124
3057.875,84.617,81.43897262,70.42286125,2.512,27.474,3.135,78.605
3058,84.205,81.43694176,70.42574,2.504,27.535,3.137,77.405
3058.125,83.932,81.43491095,70.42861875,2.498,27.818,3.14,76.62
3058.25,83.96,81.43288019,70.4314975,2.491,28.302,3.144,77.028
3058.375,84.168,81.43084948,70.43437625,2.475,28.607,3.151,78.256
3058.5,84.129,81.42881883,70.437255,2.453,28.799,3.157,80.339
3058.625,83.983,81.42678822,70.44013375,2.437,28.482,3.162,82.453
3058.75,83.58,81.42475767,70.4430125,2.422,27.707,3.167,84.05
3058.875,82.94,81.42272716,70.44589125,2.409,26.873,3.169,84.17
3059,82.568,81.42069671,70.44877,2.409,26.147,3.163,82.403
3059.125,82.332,81.4186663,70.45164875,2.418,25.936,3.152,80.393
3059.25,82.434,81.41663595,70.4545275,2.431,26.191,3.131,78.513
3059.375,82.905,81.41460565,70.45740625,2.455,26.989,3.103,78.093
3059.5,83.691,81.4125754,70.460285,2.478,27.86,3.086,78.818
3059.625,84.402,81.4105452,70.46316375,2.49,28.821,3.069,79.348
3059.75,84.961,81.40851505,70.4660425,2.499,29.753,3.052,79.101
3059.875,85.458,81.40648495,70.46892125,2.509,29.833,3.037,78.158
3060,85.621,81.4044549,70.4718,2.518,29.726,3.031,77.462
3060.125,85.742,81.4024249,70.47467875,2.523,29.186,3.026,77.175
3060.25,85.799,81.40039495,70.4775575,2.529,28.864,3.025,77.809
3060.375,85.861,81.39836506,70.48043625,2.534,29.175,3.031,78.483
3060.5,85.942,81.39633521,70.483315,2.535,29.563,3.052,77.836
3060.625,86.03,81.39430541,70.48619375,2.533,29.776,3.087,76.615
3060.75,86.115,81.39227567,70.4890725,2.531,29.322,3.163,74.437
3060.875,86.146,81.39024597,70.49195125,2.526,28.763,3.28,72.794
3061,85.799,81.38821633,70.49483,2.522,28.262,3.404,71.666
3061.125,85.324,81.38618674,70.49770875,2.519,27.908,3.557,70.414
3061.25,84.375,81.38415719,70.5005875,2.516,27.446,3.784,68.837
3061.375,82.522,81.3821277,70.50346625,2.512,26.343,4.043,67.165
3061.5,79.988,81.38009826,70.506345,2.508,25.199,4.197,65.755
3061.625,77.67,81.37806887,70.50922375,2.507,24.179,4.352,65.031
3061.75,75.804,81.37603953,70.5121025,2.508,23.603,4.509,66.253
3062,74.895,81.371981,70.51786,2.521,24.2,4.645,71.872
3062.125,75.816,81.36995181,70.52073875,2.528,24.929,4.63,74.621
3062.25,77.326,81.36792267,70.5236175,2.534,25.806,4.53,75.795
3062.375,79.158,81.36589359,70.52649625,2.539,26.187,4.354,75.39
3062.5,79.666,81.36386455,70.529375,2.541,26.364,4.188,74.75
3062.625,79.919,81.36183556,70.53225375,2.54,25.955,4.003,74.308
3062.75,79.819,81.35980663,70.5351325,2.539,25.524,3.77,74.266
3062.875,80.021,81.35777774,70.53801125,2.536,25.861,3.554,74.082
3063,81.239,81.35574891,70.54089,2.533,26.379,3.463,72.911
3063.125,82.421,81.35372013,70.54376875,2.531,27.4,3.382,71.568
3063.25,83.459,81.35169139,70.5466475,2.528,28.473,3.321,70.273
3063.375,84.253,81.34966271,70.54952625,2.526,28.989,3.286,69.933
3063.5,84.35,81.34763408,70.552405,2.526,29.349,3.296,70.774
3063.625,84.513,81.3456055,70.55528375,2.528,29.319,3.324,71.822
3063.75,84.923,81.34357697,70.5581625,2.532,29.32,3.405,72.998
3063.875,85.659,81.34154849,70.56104125,2.54,29.638,3.539,73.446
3064,85.203,81.33952006,70.56392,2.551,29.922,3.676,72.241
3064.125,84.353,81.33749168,70.56679875,2.562,29.449,3.833,70.273
3064.25,82.526,81.33546335,70.5696775,2.574,28.149,4.043,66.921
3064.375,79.737,81.33343507,70.57255625,2.59,26.274,4.259,64.082
3064.5,78.278,81.33140684,70.575435,2.594,24.496,4.403,62.51
3064.625,77.363,81.32937867,70.57831375,2.586,23.313,4.569,61.699
3064.75,77.549,81.32735054,70.5811925,2.569,22.745,4.797,62.74
3064.875,78.301,81.32532247,70.58407125,2.537,22.931,5.051,64.382
3065,78.829,81.32329444,70.58695,2.507,23.216,5.177,65.03
3065.125,79.216,81.32126647,70.58982875,2.493,23.686,5.273,64.814
3065.25,79.412,81.31923854,70.5927075,2.486,24.107,5.287,62.623
3065.375,79.795,81.31721067,70.59558625,2.488,24.347,5.217,60.061
3065.5,80.762,81.31518285,70.598465,2.498,24.525,5.158,58.237
3065.625,81.752,81.31315507,70.60134375,2.507,24.485,5.124,57.071
3065.75,82.797,81.31112735,70.6042225,2.516,24.348,5.169,57.524
3065.875,83.839,81.30909968,70.60710125,2.525,24.241,5.305,58.44
3066,83.187,81.30707206,70.60998,2.531,24.113,5.441,57.674
3066.125,82.128,81.30504449,70.61285875,2.535,23.774,5.573,56.045
3066.25,80.04,81.30301697,70.6157375,2.538,23.141,5.68,52.995
3066.375,76.888,81.3009895,70.61861625,2.54,22.404,5.722,50.992
3066.5,75.37,81.29896209,70.621495,2.541,21.772,5.723,52.222
3066.625,74.543,81.29693472,70.62437375,2.539,21.74,5.744,54.723
3066.75,75.195,81.2949074,70.6272525,2.537,22.403,5.83,59.399
3066.875,76.824,81.29288013,70.63013125,2.534,23.525,5.983,62.962
3067,77.758,81.29085292,70.63301,2.533,24.551,6.102,63.937
3067.125,78.263,81.28882575,70.63588875,2.534,24.992,6.203,63.785
3067.25,77.852,81.28679864,70.6387675,2.536,24.81,6.24,61.272
3067.375,76.875,81.28477157,70.64164625,2.538,23.91,6.179,58.721
3067.5,76.538,81.28274456,70.644525,2.537,22.949,6.067,57.753
3067.625,76.491,81.2807176,70.64740375,2.533,22.077,5.944,57.699
3067.75,77.059,81.27869068,70.6502825,2.526,21.717,5.791,59.697
3067.875,77.983,81.27666382,70.65316125,2.514,22.331,5.634,62.097
3068,78.252,81.27463701,70.65604,2.504,23.043,5.49,64.671
3068.125,78.41,81.27261025,70.65891875,2.501,23.77,5.301,67.329
3068.25,78.575,81.27058354,70.6617975,2.502,24.095,4.988,69.828
3068.375,79.454,81.26855688,70.66467625,2.511,24.572,4.609,71.466
3068.5,81.721,81.26653027,70.667555,2.524,25.268,4.367,72.589
3068.625,83.901,81.26450371,70.67043375,2.532,26.82,4.122,73.594
3068.75,85.872,81.2624772,70.6733125,2.536,28.935,3.865,74.246
3068.875,87.654,81.26045075,70.67619125,2.534,30.934,3.645,74.612
3069,87.868,81.25842434,70.67907,2.524,32.502,3.559,74.683
3069.125,87.978,81.25639798,70.68194875,2.511,32.626,3.482,74.259
3069.25,88.133,81.25437168,70.6848275,2.494,32.08,3.425,72.461
3069.375,89.014,81.25234542,70.68770625,2.464,31.739,3.392,69.803
3069.5,90.611,81.25031921,70.690585,2.437,31.58,3.392,65.808
3069.625,91.981,81.24829306,70.69346375,2.423,32.1,3.397,61.762
3069.75,92.803,81.24626696,70.6963425,2.413,32.946,3.413,58.481
3069.875,93.131,81.2442409,70.69922125,2.407,33.282,3.432,57.247
3070,92.74,81.2422149,70.7021,2.41,33.469,3.434,57.464
3070.125,92.441,81.24018895,70.70497875,2.417,33.256,3.426,57.902
3070.25,92.493,81.23816305,70.7078575,2.428,32.972,3.385,58.694
3070.375,93.167,81.23613719,70.71073625,2.448,32.915,3.308,59.344
3070.5,94.343,81.23411139,70.713615,2.468,32.914,3.227,60.267
3070.625,95.382,81.23208564,70.71649375,2.478,33.058,3.136,61.454
3070.75,96.165,81.23005994,70.7193725,2.487,33.217,3.019,63.117
3070.875,96.919,81.22803429,70.72225125,2.497,33.335,2.904,64.567
3071,97.488,81.22600869,70.72513,2.507,33.455,2.85,65.533
3071.125,98.031,81.22398315,70.72800875,2.513,33.656,2.798,66.13
3071.25,98.537,81.22195765,70.7308875,2.518,34.096,2.753,65.795
3071.375,99.013,81.2199322,70.73376625,2.521,34.736,2.718,65.106
3071.5,98.578,81.2179068,70.736645,2.521,35.275,2.705,64.805
3071.625,97.954,81.21588146,70.73952375,2.519,35.378,2.694,64.686
3071.75,96.866,81.21385616,70.7424025,2.517,35.227,2.686,64.868
3071.875,95.315,81.21183092,70.74528125,2.516,35.116,2.683,64.869
3072,94.643,81.20980572,70.74816,2.519,35.003,2.685,64.376
3072.125,94.294,81.20778058,70.75103875,2.523,34.866,2.687,63.804
3072.25,94.613,81.20575548,70.7539175,2.525,34.835,2.686,63.226
3072.375,95.321,81.20373044,70.75679625,2.526,35.514,2.678,62.999
3072.5,95.726,81.20170545,70.759675,2.523,36.328,2.661,63.193
3072.625,96.021,81.19968051,70.76255375,2.52,37.088,2.639,63.582
3072.75,96.158,81.19765561,70.7654325,2.517,37,2.602,64.381
3072.875,96.387,81.19563077,70.76831125,2.514,35.94,2.56,65.192
3073,96.716,81.19360598,70.77119,2.514,34.921,2.541,65.949
3073.125,96.968,81.19158124,70.77406875,2.516,34.374,2.526,66.655
3073.25,97.027,81.18955655,70.7769475,2.519,34.245,2.525,67.18
3073.375,96.919,81.18753191,70.77982625,2.525,33.963,2.543,67.533
3073.5,96.794,81.18550732,70.782705,2.53,33.692,2.579,67.827
3073.625,96.7,81.18348279,70.78558375,2.531,33.665,2.626,67.905
3073.75,96.632,81.1814583,70.7884625,2.531,34.058,2.707,67.317
3073.875,96.468,81.17943386,70.79134125,2.53,34.211,2.81,66.18
3074,96.152,81.17740947,70.79422,2.528,34.129,2.895,63.914
3074.125,95.861,81.17538514,70.79709875,2.528,33.294,2.996,61.251
3074.25,95.627,81.17336085,70.7999775,2.528,32.141,3.144,58.134
3074.375,95.427,81.17133662,70.80285625,2.53,31.372,3.326,55.887
3074.5,95.294,81.16931243,70.805735,2.532,30.735,3.474,54.333
3074.625,95.154,81.1672883,70.80861375,2.533,30.469,3.644,53.097
3074.75,94.946,81.16526421,70.8114925,2.535,30.269,3.873,52.759
3074.875,94.539,81.16324018,70.81437125,2.538,29.976,4.117,52.99
3075,93.95,81.1612162,70.81725,2.541,29.661,4.27,53.034
3075.125,93.378,81.15919226,70.82012875,2.542,29.21,4.437,52.792
3075.25,92.768,81.15716838,70.8230075,2.543,28.735,4.646,51.874
3075.375,91.916,81.15514455,70.82588625,2.542,28.054,4.865,50.753
3075.5,91.03,81.15312077,70.828765,2.541,27.329,4.994,49.325
3075.625,90.189,81.15109704,70.83164375,2.539,26.524,5.122,47.886
3075.75,89.345,81.14907336,70.8345225,2.539,25.803,5.24,46.71
3075.875,88.245,81.14704973,70.83740125,2.538,25.554,5.318,46.242
3076,87.689,81.14502615,70.84028,2.536,25.423,5.315,46.553
3076.125,87.352,81.14300262,70.84315875,2.532,25.714,5.295,47.118
3076.25,87.48,81.14097914,70.8460375,2.527,26.304,5.228,48.138
3076.375,87.901,81.13895571,70.84891625,2.52,26.817,5.124,49.025
3076.5,88.132,81.13693233,70.851795,2.515,27.214,5.016,49.742
3076.625,88.248,81.13490901,70.85467375,2.514,27.204,4.887,50.364
3076.75,88.14,81.13288573,70.8575525,2.516,26.975,4.703,50.674
3076.875,87.963,81.13086251,70.86043125,2.521,26.879,4.506,50.695
3077,88.147,81.12883933,70.86331,2.527,26.886,4.399,50.646
3077.125,88.398,81.1268162,70.86618875,2.529,27.241,4.294,50.736
3077.25,88.793,81.12479313,70.8690675,2.531,27.708,4.189,51.25
3077.375,89.297,81.12277011,70.87194625,2.53,27.998,4.091,52.098
3077.5,89.703,81.12074713,70.874825,2.527,28.28,4.023,53.602
3077.625,90.132,81.11872421,70.87770375,2.523,28.65,3.942,55.288
3077.75,90.784,81.11670134,70.8805825,2.52,29.502,3.826,57.086
3077.875,92.064,81.11467851,70.88346125,2.516,30.843,3.698,58.286
3078,93.672,81.11265574,70.88634,2.516,32.104,3.618,59.412
3078.125,95.097,81.11063302,70.88921875,2.521,32.847,3.532,60.669
3078.25,96.172,81.10861035,70.8920975,2.529,33.095,3.424,62.075
3078.375,97.103,81.10658773,70.89497625,2.547,33.268,3.304,63.155
3078.5,97.017,81.10456516,70.897855,2.561,33.459,3.217,63.924
3078.625,96.768,81.10254264,70.90073375,2.563,33.478,3.122,64.505
3078.75,96.138,81.10052017,70.9036125,2.558,33.044,3.004,64.608
3078.875,95.135,81.09849775,70.90649125,2.54,32.391,2.888,64.566
3079,94.479,81.09647538,70.90937,2.518,31.887,2.832,65.295
3079.125,94.051,81.09445306,70.91224875,2.505,32.207,2.778,66.337
3079.25,94.167,81.09243079,70.9151275,2.494,33.287,2.728,67.777
3079.375,94.808,81.09040858,70.91800625,2.479,34.457,2.686,68.594
3079.5,95.653,81.08838641,70.920885,2.464,35.456,2.657,68.588
3079.625,96.33,81.08636429,70.92376375,2.453,35.762,2.62,68.449
3079.75,96.642,81.08434223,70.9266425,2.442,35.667,2.557,68.147
3079.875,96.743,81.08232021,70.92952125,2.427,35.815,2.473,68.067
3080,96.858,81.08029825,70.9324,2.414,36.118,2.404,68.437
3080.125,97.066,81.07827633,70.93527875,2.407,36.847,2.327,68.972
3080.25,97.545,81.07625447,70.9381575,2.402,37.553,2.226,69.769
3080.375,98.359,81.07423265,70.94103625,2.397,38.042,2.119,70.381
3080.5,99.059,81.07221089,70.943915,2.397,38.502,2.051,70.783
3080.625,99.694,81.07018918,70.94679375,2.401,38.824,1.976,71.207
3080.75,100.306,81.06816751,70.9496725,2.407,38.95,1.884,71.718
3080.875,101.202,81.0661459,70.95255125,2.423,38.488,1.794,72.305
3081,101.603,81.06412434,70.95543,2.439,37.922,1.752,72.761
3081.125,101.735,81.06210283,70.95830875,2.448,37.262,1.715,73.005
3081.25,101.237,81.06008137,70.9611875,2.453,36.932,1.69,72.774
3081.375,100.209,81.05805996,70.96406625,2.453,37.031,1.685,72.567
3081.5,99.706,81.0560386,70.966945,2.451,37.119,1.704,73.117
3081.625,99.394,81.05401729,70.96982375,2.451,37.053,1.731,73.792
3081.75,99.301,81.05199603,70.9727025,2.452,36.814,1.779,74.439
3081.875,98.778,81.04997482,70.97558125,2.452,36.377,1.839,74.444
3082,97.033,81.04795366,70.97846,2.449,35.845,1.883,74.183
3082.125,95.3,81.04593255,70.98133875,2.443,35.04,1.93,74.092
3082.25,93.627,81.04391149,70.9842175,2.438,34.255,1.987,74.404
3082.375,92.109,81.04189049,70.98709625,2.432,34.189,2.043,74.774
3082.5,92.316,81.03986953,70.989975,2.432,34.273,2.075,75.225
3082.625,92.713,81.03784862,70.99285375,2.436,34.55,2.107,75.873
3082.75,93.42,81.03582777,70.9957325,2.441,34.384,2.14,76.871
3082.875,94.125,81.03380696,70.99861125,2.447,33.55,2.165,77.55
3083,94.228,81.03178621,71.00149,2.447,32.817,2.175,76.506
3083.125,94.302,81.0297655,71.00436875,2.445,33.063,2.188,74.71
3083.25,94.405,81.02774485,71.0072475,2.442,34.652,2.21,71.704
3083.375,94.734,81.02572424,71.01012625,2.442,36.479,2.246,69.572
3083.5,95.168,81.02370369,71.013005,2.446,38.049,2.288,68.505
3083.625,95.567,81.02168319,71.01588375,2.451,38.826,2.339,67.515
3083.75,95.942,81.01966273,71.0187625,2.455,39.348,2.413,66.663
3083.875,96.455,81.01764233,71.02164125,2.459,39.757,2.492,65.897
3084,97.03,81.01562198,71.02452,2.465,40.083,2.538,65.55
3084.125,97.577,81.01360168,71.02739875,2.469,39.956,2.588,65.579
3084.25,98.135,81.01158142,71.0302775,2.475,39.283,2.651,66.464
3084.375,98.891,81.00956122,71.03315625,2.486,38.507,2.724,67.467
3084.5,99.519,81.00754107,71.036035,2.497,37.934,2.778,68.041
3084.625,100.053,81.00552097,71.03891375,2.501,37.981,2.831,68.382
3084.75,100.399,81.00350092,71.0417925,2.502,38.162,2.874,68.203
3084.875,100.617,81.00148092,71.04467125,2.492,38.027,2.884,67.958
3085,100.116,80.99946097,71.04755,2.472,37.752,2.841,68.052
3085.125,99.545,80.99744107,71.05042875,2.455,36.941,2.783,68.28
3085.25,98.921,80.99542123,71.0533075,2.441,35.745,2.689,68.776
3085.375,98.582,80.99340143,71.05618625,2.426,34.919,2.584,69.312
3085.5,99.462,80.99138168,71.059065,2.418,34.321,2.522,70.295
3085.625,100.325,80.98936198,71.06194375,2.416,34.606,2.456,71.441
3085.75,100.977,80.98734234,71.0648225,2.414,35.582,2.375,72.713
3085.875,101.042,80.98532274,71.06770125,2.412,36.724,2.289,73.448
3086,100.175,80.98330319,71.07058,2.411,37.675,2.237,73.614
3086.125,99.428,80.9812837,71.07345875,2.412,37.719,2.187,73.591
3086.25,98.984,80.97926425,71.0763375,2.414,37.1,2.143,73.112
3086.375,98.779,80.97724486,71.07921625,2.42,36.459,2.122,72.392
3086.5,98.527,80.97522551,71.082095,2.426,35.925,2.14,71.051
3086.625,98.172,80.97320622,71.08497375,2.429,35.666,2.168,69.63
3086.75,97.528,80.97118697,71.0878525,2.429,35.491,2.229,68.401
3086.875,96.535,80.96916778,71.09073125,2.425,35.215,2.311,68.024
3087,95.689,80.96714864,71.09361,2.418,34.87,2.38,68.151
3087.125,94.944,80.96512954,71.09648875,2.414,34.454,2.46,68.133
3087.25,94.325,80.9631105,71.0993675,2.415,34.305,2.569,67.644
3087.375,93.583,80.96109151,71.10224625,2.43,34.63,2.684,66.789
3087.5,93.236,80.95907256,71.105125,2.455,35.001,2.748,65.328
3087.625,93.017,80.95705367,71.10800375,2.471,35.47,2.809,63.743
3087.75,93.084,80.95503483,71.1108825,2.481,35.932,2.864,62.224
3087.875,93.424,80.95301604,71.11376125,2.481,36.265,2.907,61.504
3088,94.65,80.9509973,71.11664,2.473,36.581,2.93,61.815
3088.125,96.109,80.94897861,71.11951875,2.47,36.783,2.957,62.312
3088.25,98.312,80.94695997,71.1223975,2.473,36.771,2.999,62.894
3088.375,101.604,80.94494138,71.12527625,2.489,36.242,3.046,62.72
3088.5,102.987,80.94292284,71.128155,2.509,35.689,3.06,61.109
3088.625,103.487,80.94090435,71.13103375,2.519,35.109,3.059,59.323
3088.75,101.931,80.93888591,71.1339125,2.524,34.556,3.017,57.76
3088.875,98.604,80.93686752,71.13679125,2.527,33.876,2.938,57.606
3089,96.16,80.93484919,71.13967,2.527,33.136,2.869,59.17
3089.125,94.428,80.9328309,71.14254875,2.53,32.314,2.796,60.992
3089.25,94.164,80.93081266,71.1454275,2.534,31.683,2.711,62.915
3089.375,94.724,80.92879448,71.14830625,2.541,32.162,2.631,63.923
3089.5,95.623,80.92677634,71.151185,2.545,32.972,2.586,64.648
3089.625,96.403,80.92475825,71.15406375,2.544,34.606,2.54,65.463
3089.75,96.905,80.92274022,71.1569425,2.539,36.173,2.49,66.328
3089.875,97.118,80.92072223,71.15982125,2.531,36.675,2.448,66.751
3090,96.294,80.9187043,71.1627,2.523,36.917,2.441,66.078
3090.125,95.418,80.91668641,71.16557875,2.52,36.39,2.443,64.93
3090.25,94.527,80.91466858,71.1684575,2.518,35.626,2.472,62.913
3090.375,93.936,80.91265079,71.17133625,2.517,35.54,2.525,61.138
3090.5,94.903,80.91063306,71.174215,2.517,35.741,2.578,59.556
3090.625,96.032,80.90861537,71.17709375,2.516,36.957,2.636,58.196
3090.75,97.557,80.90659774,71.1799725,2.515,38.749,2.704,57.653
3090.875,99.514,80.90458016,71.18285125,2.515,39.625,2.765,57.979
3091,100.587,80.90256262,71.18573,2.518,39.979,2.784,58.918
3091.125,101.362,80.90054514,71.18860875,2.521,38.603,2.797,59.843
3091.25,101.55,80.89852771,71.1914875,2.526,36.503,2.795,60.503
3091.375,101.442,80.89651033,71.19436625,2.534,35.215,2.777,60.654
3091.5,100.95,80.894493,71.197245,2.539,34.27,2.745,60.518
3091.625,100.416,80.89247571,71.20012375,2.54,34.35,2.703,60.402
3091.75,99.735,80.89045848,71.2030025,2.539,34.652,2.634,60.447
3091.875,98.833,80.8884413,71.20588125,2.537,34.663,2.557,60.825
3092,98.83,80.88642417,71.20876,2.535,34.675,2.512,62.092
3092.125,99.134,80.88440709,71.21163875,2.534,34.923,2.467,63.627
3092.25,100.144,80.88239006,71.2145175,2.534,35.511,2.421,65.403
3092.375,101.708,80.88037308,71.21739625,2.534,35.924,2.376,66.414
3092.5,102.106,80.87835615,71.220275,2.536,36.175,2.342,66.65
3092.625,102.109,80.87633928,71.22315375,2.539,35.72,2.303,66.796
3092.75,101.3,80.87432245,71.2260325,2.542,34.666,2.247,66.805
3092.875,100.073,80.87230567,71.22891125,2.545,33.664,2.188,66.843
3093,99.739,80.87028894,71.23179,2.546,32.88,2.159,66.649
3093.125,99.655,80.86827226,71.23466875,2.546,33.045,2.133,66.279
3093.25,100.113,80.86625564,71.2375475,2.545,33.967,2.116,65.551
3093.375,101.001,80.86423906,71.24042625,2.545,34.934,2.113,64.867
3093.5,102.252,80.86222253,71.243305,2.545,35.708,2.136,64.158
3093.625,103.476,80.86020605,71.24618375,2.547,35.782,2.173,63.218
3093.75,104.667,80.85818963,71.2490625,2.549,35.572,2.256,61.661
3093.875,105.82,80.85617325,71.25194125,2.555,34.885,2.38,59.729
3094,105.04,80.85415693,71.25482,2.561,33.976,2.504,56.313
3094.125,103.836,80.85214065,71.25769875,2.565,32.336,2.656,52.564
3094.25,101.546,80.85012443,71.2605775,2.566,30.458,2.884,48.936
3094.375,98.042,80.84810825,71.26345625,2.563,29.499,3.158,47.289
3094.5,95.746,80.84609213,71.266335,2.555,28.834,3.36,47.768
3094.625,94.095,80.84407605,71.26921375,2.548,29.003,3.572,48.846
3094.75,93.795,80.84206003,71.2720925,2.54,29.439,3.796,51.07
3094.875,94.352,80.84004405,71.27497125,2.533,29.838,3.951,53.247
3095,95.385,80.83802813,71.27785,2.531,30.297,3.91,56.175
3095.125,96.264,80.83601226,71.28072875,2.533,31.066,3.821,59.395
3095.25,96.84,80.83399644,71.2836075,2.535,32.017,3.604,62.677
3095.375,97.31,80.83198066,71.28648625,2.538,32.521,3.326,64.622
3095.5,97.356,80.82996494,71.289365,2.54,32.875,3.135,65.631
3095.625,97.287,80.82794927,71.29224375,2.539,32.753,2.931,66.529
3095.75,96.872,80.82593365,71.2951225,2.539,32.508,2.685,67.131
3095.875,95.933,80.82391807,71.29800125,2.538,32.625,2.436,67.505
3096,95.134,80.82190255,71.30088,2.538,32.849,2.29,67.899
3096.125,94.679,80.81988708,71.30375875,2.538,33.634,2.14,68.382
3096.25,95.193,80.81787166,71.3066375,2.537,35.163,1.974,69.065
3096.375,96.996,80.81585629,71.30951625,2.535,37.229,1.815,69.828
3096.5,99.525,80.81384097,71.312395,2.532,39.11,1.739,70.992
3096.625,101.732,80.8118257,71.31527375,2.531,40.089,1.665,72.11
3096.75,103.302,80.80981048,71.3181525,2.529,40.417,1.594,72.804
3096.875,104.634,80.80779531,71.32103125,2.528,40.353,1.537,72.766
3097,104.848,80.80578019,71.32391,2.527,40.255,1.521,72.515
3097.125,104.884,80.80376512,71.32678875,2.528,39.987,1.513,72.393
3097.25,104.483,80.8017501,71.3296675,2.531,39.388,1.525,72.553
3097.375,103.547,80.79973514,71.33254625,2.536,38.616,1.558,72.653
3097.5,101.971,80.79772022,71.335425,2.54,37.976,1.598,72.174
3097.625,100.458,80.79570535,71.33830375,2.542,37.842,1.647,71.561
3097.75,99.004,80.79369053,71.3411825,2.541,37.973,1.718,70.839
3097.875,97.401,80.79167576,71.34406125,2.538,37.784,1.802,70.444
3098,96.914,80.78966105,71.34694,2.535,37.439,1.861,69.952
3098.125,96.7,80.78764638,71.34981875,2.533,36.612,1.928,69.312
3098.25,97.068,80.78563176,71.3526975,2.531,35.711,2.011,68.441
3098.375,97.863,80.7836172,71.35557625,2.53,35.543,2.097,67.762
3098.5,98.494,80.78160268,71.358455,2.529,35.507,2.152,66.941
3098.625,98.883,80.77958821,71.36133375,2.529,35.684,2.214,65.977
3098.75,98.626,80.7775738,71.3642125,2.529,35.743,2.296,64.841
3098.875,97.598,80.77555943,71.36709125,2.532,35.319,2.393,64.042
3099,96.196,80.77354512,71.36997,2.535,34.756,2.477,63.362
3099.125,95.011,80.77153085,71.37284875,2.536,33.764,2.58,62.518
3099.25,94.283,80.76951664,71.3757275,2.537,32.529,2.74,61.276
3099.375,93.798,80.76750247,71.37860625,2.536,31.092,2.939,59.903
3099.5,93.49,80.76548836,71.381485,2.534,29.691,3.095,58.006
3099.625,93.107,80.76347429,71.38436375,2.533,28.758,3.268,56.123
3099.75,92.473,80.76146028,71.3872425,2.533,28.218,3.48,54.723
3099.875,91.482,80.75944632,71.39012125,2.538,28.19,3.68,54.413
3100,91.065,80.7574324,71.393,2.544,28.296,3.748,55.356
3100.125,90.904,80.75541854,71.39587875,2.547,28.915,3.789,56.664
3100.25,91.376,80.75340473,71.3987575,2.548,29.952,3.75,58.518
3100.375,92.52,80.75139096,71.40163625,2.548,30.687,3.632,59.912
3100.5,94.104,80.74937725,71.404515,2.545,31.277,3.498,61.123
3100.625,95.571,80.74736359,71.40739375,2.542,31.442,3.345,62.345
3100.75,96.849,80.74534998,71.4102725,2.539,31.597,3.144,63.446
3100.875,98.133,80.74333641,71.41315125,2.536,31.761,2.94,64.2
3101,98.399,80.7413229,71.41603,2.535,31.87,2.828,65.074
3101.125,98.519,80.73930944,71.41890875,2.535,31.834,2.716,66.016
3101.25,98.428,80.73729603,71.4217875,2.534,31.865,2.606,66.938
3101.375,98.41,80.73528267,71.42466625,2.53,32.052,2.52,67.487
3101.5,98.335,80.73326936,71.427545,2.527,32.251,2.501,67.978
3101.625,98.135,80.7312561,71.43042375,2.528,32.449,2.493,68.584
3101.75,97.524,80.72924288,71.4333025,2.532,32.52,2.511,69.401
3101.875,96.26,80.72722972,71.43618125,2.541,32.253,2.55,70.087
3102,95.035,80.72521661,71.43906,2.552,31.94,2.585,70.218
3102.125,94.128,80.72320355,71.44193875,2.557,31.598,2.622,70.027
3102.25,94.056,80.72119054,71.4448175,2.559,31.516,2.662,69.187
3102.375,95.008,80.71917758,71.44769625,2.558,32.46,2.69,68.415
3102.5,97.174,80.71716468,71.450575,2.552,33.656,2.68,68.075
3102.625,99.185,80.71515182,71.45345375,2.548,35.455,2.658,67.899
3102.75,100.911,80.71313901,71.4563325,2.543,37.208,2.601,68.066
3102.875,102.631,80.71112625,71.45921125,2.538,38.461,2.526,68.259
3103,103.627,80.70911354,71.46209,2.533,39.586,2.477,68.413
3103.125,104.542,80.70710088,71.46496875,2.529,40.217,2.432,68.595
3103.25,105.425,80.70508827,71.4678475,2.524,40.549,2.394,68.786
3103.375,106.557,80.70307572,71.47072625,2.515,41.151,2.372,68.782
3103.5,106.356,80.70106321,71.473605,2.507,41.8,2.372,67.731
3103.625,105.707,80.69905075,71.47648375,2.505,41.969,2.375,66.177
3103.75,103.849,80.69703834,71.4793625,2.507,40.907,2.385,63.824
3103.875,100.481,80.69502598,71.48224125,2.517,38.208,2.404,62.137
3104,97.123,80.69301368,71.48512,2.531,35.43,2.431,61.968
3104.125,94.289,80.69100142,71.48799875,2.54,32.986,2.465,62.409
3104.25,92.491,80.68898921,71.4908775,2.545,31.533,2.515,64.082
3104.375,91.179,80.68697706,71.49375625,2.548,31.939,2.564,65.739
3104.5,91.597,80.68496495,71.496635,2.547,32.645,2.567,67.109
3104.625,92.132,80.68295289,71.49951375,2.546,34.121,2.553,68.232
3104.75,92.814,80.68094089,71.5023925,2.545,35.688,2.491,68.614
3104.875,93.454,80.67892893,71.50527125,2.542,36.511,2.39,68.483
3105,94.58,80.67691703,71.50815,2.54,37.185,2.304,68.626
3105.125,95.97,80.67490517,71.51102875,2.539,37.679,2.212,69.031
3105.25,98.189,80.67289337,71.5139075,2.536,38.577,2.103,69.918
3105.375,101.58,80.67088161,71.51678625,2.531,39.851,1.998,70.594
3105.5,103.46,80.66886991,71.519665,2.523,40.954,1.938,70.978
3105.625,104.736,80.66685825,71.52254375,2.517,41.136,1.879,71.463
3105.75,104.976,80.66484665,71.5254225,2.511,40.478,1.818,72.175
3105.875,105.236,80.66283509,71.52830125,2.505,39.488,1.768,72.8
3106,105.935,80.66082359,71.53118,2.503,38.556,1.75,72.924
3106.125,106.519,80.65881213,71.53405875,2.505,37.937,1.736,72.849
3106.25,106.754,80.65680073,71.5369375,2.51,37.732,1.731,72.415
3106.375,106.517,80.65478938,71.53981625,2.518,38.246,1.735,72.139
3106.5,105.918,80.65277807,71.542695,2.524,38.861,1.748,72.357
3106.625,105.431,80.65076682,71.54557375,2.525,39.705,1.765,72.682
3106.75,105.189,80.64875561,71.5484525,2.525,40.501,1.791,73.124
3106.875,105.107,80.64674446,71.55133125,2.526,41.421,1.818,73.351
3107,105.162,80.64473336,71.55421,2.528,42.432,1.832,73.168
3107.125,105.171,80.64272231,71.55708875,2.53,43.61,1.846,72.727
3107.25,105.02,80.6407113,71.5599675,2.531,44.539,1.861,71.719
3107.375,104.616,80.63870035,71.56284625,2.53,43.997,1.875,70.635
3107.5,104.345,80.63668945,71.565725,2.527,43.154,1.888,69.489
3107.625,104.187,80.63467859,71.56860375,2.525,41.661,1.903,68.436
3107.75,104.182,80.63266779,71.5714825,2.524,40.359,1.926,67.802
3107.875,103.965,80.63065704,71.57436125,2.524,39.423,1.952,67.706
3108,102.909,80.62864634,71.57724,2.525,38.481,1.969,67.875
3108.125,101.818,80.62663569,71.58011875,2.526,37.587,1.987,68.077
3108.25,100.63,80.62462509,71.5829975,2.525,36.907,2.008,68.339
3108.375,99.341,80.62261453,71.58587625,2.523,37.351,2.036,68.605
3108.5,99.123,80.62060403,71.588755,2.519,38.123,2.064,68.94
3108.625,99.161,80.61859358,71.59163375,2.516,39.881,2.097,69.2
3108.75,99.819,80.61658318,71.5945125,2.515,41.812,2.146,69.173
3108.875,101.132,80.61457283,71.59739125,2.514,41.98,2.198,68.819
3109,102.564,80.61256253,71.60027,2.514,41.61,2.223,68.05
3109.125,103.801,80.61055228,71.60314875,2.516,39.818,2.246,67.322
3109.25,104.682,80.60854208,71.6060275,2.519,37.926,2.261,66.968
3109.375,105.49,80.60653193,71.60890625,2.525,37.608,2.27,67.325
3109.5,105.525,80.60452183,71.611785,2.531,37.661,2.269,68.639
3109.625,105.403,80.60251178,71.61466375,2.534,38.412,2.265,70.117
3109.75,104.951,80.60050178,71.6175425,2.535,38.691,2.249,71.633
3109.875,104.293,80.59849183,71.62042125,2.533,38.646,2.223,72.503
3110,103.834,80.59648193,71.6233,2.528,38.745,2.199,73.209
3110.125,103.389,80.59447208,71.62617875,2.526,39.398,2.175,73.974
3110.25,102.808,80.59246228,71.6290575,2.526,40.132,2.157,74.736
3110.375,101.669,80.59045253,71.63193625,2.531,39.694,2.156,75.148
3110.5,100.509,80.58844283,71.634815,2.538,39.042,2.177,75.059
3110.625,99.648,80.58643318,71.63769375,2.542,38.167,2.206,74.779
3110.75,99.451,80.58442358,71.6405725,2.545,37.951,2.252,74.091
3110.875,99.706,80.58241403,71.64345125,2.545,38.306,2.301,73.338
3111,99.672,80.58040453,71.64633,2.542,38.541,2.322,72.546
3111.125,99.457,80.57839508,71.64920875,2.54,38.329,2.339,71.923
3111.25,98.925,80.57638568,71.6520875,2.537,38.005,2.349,71.866
3111.375,98.463,80.57437634,71.65496625,2.533,38.002,2.353,72.311
3111.5,99.386,80.57236704,71.657845,2.534,38.134,2.357,73.095
3111.625,100.379,80.57035779,71.66072375,2.537,38.726,2.365,73.838
3111.75,101.277,80.56834859,71.6636025,2.542,39.342,2.379,74.285
3111.875,101.389,80.56633944,71.66648125,2.549,38.688,2.395,74.239
3112,98.683,80.56433034,71.66936,2.553,37.668,2.408,73.685
3112.125,95.697,80.5623213,71.67223875,2.553,35.453,2.426,73.109
3112.25,91.905,80.5603123,71.6751175,2.553,32.63,2.461,72.729
3112.375,86.973,80.55830335,71.67799625,2.554,30.111,2.518,72.954
3118.125,88.096,80.46594589,71.81041875,2.548,29.043,3.137,70.173
3118.25,92.788,80.4639393,71.8132975,2.549,34.506,2.96,73.123
3118.375,96.832,80.46193275,71.81617625,2.547,36.153,2.787,73.55
3118.5,97.766,80.45992626,71.819055,2.545,37.294,2.713,72.774
3118.625,98.267,80.45791981,71.82193375,2.544,37.535,2.655,71.922
3118.75,97.997,80.45591342,71.8248125,2.545,38.04,2.647,70.994
3118.875,97.519,80.45390707,71.82769125,2.554,38.284,2.697,70.083
3119,97.326,80.45190078,71.83057,2.569,38.454,2.787,67.841
3119.125,97.264,80.44989454,71.83344875,2.58,38.512,2.896,65.118
3119.25,97.488,80.44788834,71.8363275,2.591,38.661,3.052,61.991
3119.375,97.86,80.4458822,71.83920625,2.599,38.651,3.214,60.362
3119.5,97.953,80.4438761,71.842085,2.597,38.599,3.291,60.745
3119.625,98.002,80.44187006,71.84496375,2.589,38.533,3.356,61.587
3119.75,98.024,80.43986406,71.8478425,2.578,38.628,3.386,63.107
3119.875,98.215,80.43785812,71.85072125,2.561,39.023,3.362,64.073
3120,98.474,80.43585223,71.8536,2.547,39.45,3.285,64.335
3120.125,98.644,80.43384638,71.85647875,2.54,39.854,3.186,64.461
3120.25,98.625,80.43184059,71.8593575,2.536,40.031,3.034,64.312
3120.375,98.528,80.42983484,71.86223625,2.532,40.004,2.873,64.089
3120.5,98.739,80.42782915,71.865115,2.528,39.933,2.792,63.775
3120.625,99.008,80.42582351,71.86799375,2.525,39.816,2.716,63.525
3120.75,99.382,80.42381791,71.8708725,2.521,39.842,2.65,63.537
3120.875,99.755,80.42181237,71.87375125,2.514,40.436,2.601,63.871
3121,99.399,80.41980687,71.87663,2.508,41.136,2.582,64.841
3121.125,98.911,80.41780143,71.87950875,2.506,41.703,2.564,66.025
3121.25,98.102,80.41579604,71.8823875,2.504,41.36,2.544,67.478
3121.375,96.955,80.41379069,71.88526625,2.505,40.184,2.524,68.558
3121.5,96.168,80.4117854,71.888145,2.507,39.125,2.513,69.802
3121.625,95.558,80.40978015,71.89102375,2.508,38.751,2.501,71.131
3121.75,95.294,80.40777496,71.8939025,2.51,39.055,2.488,72.353
3121.875,95.196,80.40576982,71.89678125,2.513,39.564,2.474,72.852
3122,95.553,80.40376472,71.89966,2.515,39.98,2.463,72.219
3122.125,96.037,80.40175968,71.90253875,2.517,40.21,2.452,71.197
3122.25,96.923,80.39975469,71.9054175,2.52,40.713,2.443,69.53
3122.375,98.402,80.39774974,71.90829625,2.524,41.238,2.446,68.219
3122.5,99.445,80.39574485,71.911175,2.528,41.488,2.477,66.978
3122.625,100.136,80.39374,71.91405375,2.528,40.568,2.522,65.579
3122.75,99.959,80.39173521,71.9169325,2.528,38.96,2.606,63.927
3122.875,98.876,80.38973047,71.91981125,2.527,37.799,2.71,62.461
3123,97.019,80.38772577,71.92269,2.525,36.842,2.769,60.896
3123.125,95.28,80.38572113,71.92556875,2.524,36.383,2.821,59.632
3123.25,93.751,80.38371653,71.9284475,2.522,35.736,2.851,59.512
3123.375,92.297,80.38171199,71.93132625,2.516,34.994,2.855,60.669
3123.5,92.825,80.3797075,71.934205,2.509,34.467,2.846,63.452
3123.625,93.756,80.37770305,71.93708375,2.505,34.968,2.84,66.562
3123.75,95.658,80.37569866,71.9399625,2.503,36.394,2.847,69.72
3123.875,98.501,80.37369431,71.94284125,2.503,37.354,2.876,71.361
3124,99.402,80.37169002,71.94572,2.506,37.938,2.915,70.925
3124.125,99.339,80.36968578,71.94859875,2.509,36.927,2.964,69.747
3124.25,96.708,80.36768158,71.9514775,2.512,34.408,3.041,67.261
3124.375,91.02,80.36567744,71.95435625,2.516,30.695,3.137,65.364
3125.375,89.687,80.34964608,71.97738625,2.542,30.331,3.111,66.498
3125.5,95.443,80.34764239,71.980265,2.544,32.813,3.054,67.893
3125.625,100.087,80.34563875,71.98314375,2.544,35.411,3,68.952
3125.75,102.006,80.34363515,71.9860225,2.545,37.293,2.942,68.77
3125.875,101.123,80.34163161,71.98890125,2.545,35.968,2.874,67.359
3126,96.359,80.33962811,71.99178,2.544,33.985,2.81,65.536
3126.125,91.905,80.33762467,71.99465875,2.543,30.471,2.74,64.274
3126.25,88.317,80.33562127,71.9975375,2.542,27.817,2.655,64.727
3126.5,87.985,80.33161463,72.003295,2.542,26.858,2.556,68.465
3126.625,90.617,80.32961139,72.00617375,2.543,27.912,2.538,70.379
3126.75,94.392,80.32760819,72.0090525,2.544,30.409,2.529,71.555
3126.875,99.226,80.32560505,72.01193125,2.547,33.697,2.529,71.821
3127,101.647,80.32360196,72.01481,2.55,36.881,2.536,71.006
3127.125,103.297,80.32159891,72.01768875,2.551,39.299,2.554,69.651
3127.25,103.438,80.31959592,72.0205675,2.55,40.486,2.61,67.236
3127.375,102.88,80.31759297,72.02344625,2.547,39.226,2.716,64.978
3127.5,101.975,80.31559008,72.026325,2.542,37.638,2.861,62.849
3127.625,101.155,80.31358723,72.02920375,2.54,35.453,3.046,60.874
3127.75,100.45,80.31158444,72.0320825,2.539,33.559,3.335,59.573
3127.875,99.631,80.30958169,72.03496125,2.538,32.744,3.66,59.142
3128,99.019,80.307579,72.03784,2.538,32.233,3.795,59.468
3128.125,98.481,80.30557635,72.04071875,2.537,32.815,3.879,60.154
3128.25,98.082,80.30357375,72.0435975,2.535,34.003,3.818,61.635
3128.375,97.756,80.30157121,72.04647625,2.531,35.243,3.616,63.297
3128.5,98.162,80.29956871,72.049355,2.523,36.369,3.404,65.545
3128.625,98.688,80.29756627,72.05223375,2.514,36.985,3.171,67.829
3128.75,99.45,80.29556387,72.0551125,2.503,37.316,2.884,69.705
3128.875,100.297,80.29356153,72.05799125,2.483,37.491,2.603,70.434
3129,100.294,80.29155923,72.06087,2.468,37.531,2.456,70.775
3129.125,100.111,80.28955699,72.06374875,2.464,36.829,2.308,71.295
3129.25,99.524,80.28755479,72.0666275,2.466,35.404,2.159,72.148
3129.375,98.58,80.28555264,72.06950625,2.479,34.747,2.031,72.756
3129.5,97.638,80.28355055,72.072385,2.496,34.504,1.974,72.359
3129.625,96.816,80.2815485,72.07526375,2.506,35.506,1.921,71.65
3129.75,96.256,80.27954651,72.0781425,2.513,36.783,1.881,70.518
3129.875,95.911,80.27754456,72.08102125,2.52,37.078,1.865,69.906
3130,96.566,80.27554266,72.0839,2.526,37.163,1.884,69.834
3130.125,97.266,80.27354082,72.08677875,2.53,36.872,1.914,69.637
3130.25,97.801,80.27153902,72.0896575,2.534,36.95,1.97,69.005
3130.375,97.411,80.26953727,72.09253625,2.54,36.715,2.037,68.042
3130.5,94.639,80.26753558,72.095415,2.544,36.06,2.076,67.243
3130.625,91.906,80.26553393,72.09829375,2.545,33.887,2.116,66.876
3130.75,89.484,80.26353233,72.1011725,2.545,30.996,2.16,67.68
3130.875,87.975,80.26153079,72.10405125,2.539,29.472,2.204,69.121
3131,90.025,80.25952929,72.10693,2.528,28.407,2.235,71.099
3131.125,92.201,80.25752784,72.10980875,2.519,28.864,2.267,73.126
3131.25,94.45,80.25552645,72.1126875,2.509,30.325,2.296,74.933
3131.375,96.33,80.2535251,72.11556625,2.499,31.295,2.309,75.993
3131.5,96.073,80.2515238,72.118445,2.493,32.031,2.301,76.514
3131.625,95.676,80.24952255,72.12132375,2.493,32.254,2.293,76.776
3131.75,95.114,80.24752136,72.1242025,2.494,32.536,2.292,76.381
3131.875,94.645,80.24552021,72.12708125,2.498,32.626,2.311,75.684
3132,93.809,80.24351911,72.12996,2.502,32.65,2.351,74.589
3132.125,92.733,80.24151806,72.13283875,2.501,32.319,2.4,73.341
3132.25,90.814,80.23951706,72.1357175,2.498,31.555,2.469,71.972
3132.375,87.465,80.23751612,72.13859625,2.483,30.233,2.536,71.113
3133,87.235,80.22751213,72.15299,2.403,28.652,2.605,73.295
3133.125,89.946,80.22551148,72.15586875,2.408,29.654,2.615,73.086
3133.25,91.877,80.22351088,72.1587475,2.418,30.769,2.623,72.038
3133.375,93.188,80.22151033,72.16162625,2.439,31.805,2.622,70.602
3133.5,92.402,80.21950983,72.164505,2.458,32.837,2.609,68.091
3133.625,91.421,80.21750938,72.16738375,2.466,33.797,2.593,65.391
3133.75,90.083,80.21550898,72.1702625,2.469,34.487,2.571,62.969
3133.875,88.653,80.21350863,72.17314125,2.471,34.398,2.551,62.232
3134,88.981,80.21150833,72.17602,2.473,34.182,2.545,63.686
3134.125,89.706,80.20950808,72.17889875,2.478,33.716,2.537,65.615
3134.25,91.367,80.20750788,72.1817775,2.484,33.503,2.521,68.048
3134.375,93.895,80.20550773,72.18465625,2.495,33.957,2.491,69.39
3134.5,95.403,80.20350763,72.187535,2.504,34.473,2.45,69.534
3134.625,96.477,80.20150758,72.19041375,2.509,34.964,2.401,69.525
3134.75,96.78,80.19950758,72.1932925,2.512,35.144,2.33,69.386
3134.875,97.016,80.19750763,72.19617125,2.512,35.019,2.255,69.634
3135,97.814,80.19550773,72.19905,2.507,34.862,2.216,70.266
3135.125,98.677,80.19350788,72.20192875,2.501,34.716,2.177,70.74
3135.25,99.685,80.19150808,72.2048075,2.495,34.762,2.139,70.663
3135.375,100.759,80.18950833,72.20768625,2.488,34.976,2.104,70.145
3135.5,100.583,80.18750863,72.210565,2.483,35.194,2.083,70.019
3135.625,100.179,80.18550898,72.21344375,2.482,35.385,2.06,70.259
3135.75,99.313,80.18350938,72.2163225,2.482,35.547,2.031,71.233
3135.875,98.197,80.18150983,72.21920125,2.485,35.915,2.003,72.103
3136,98.009,80.17951033,72.22208,2.49,36.301,1.987,72.709
3136.125,98.057,80.17751087,72.22495875,2.495,36.518,1.971,73.347
3136.25,98.567,80.17551147,72.2278375,2.499,36.303,1.956,74.027
3136.375,99.253,80.17351212,72.23071625,2.504,35.853,1.945,74.587
3136.5,99.227,80.17151282,72.233595,2.506,35.494,1.941,75.066
3136.625,99.03,80.16951357,72.23647375,2.505,35.568,1.938,75.514
3136.75,98.466,80.16751436,72.2393525,2.502,36.022,1.94,75.841
3136.875,97.639,80.16551521,72.24223125,2.497,36.224,1.949,76.018
3137,97.129,80.16351611,72.24511,2.492,36.26,1.965,75.905
3137.125,96.761,80.16151706,72.24798875,2.489,35.806,1.988,75.548
3137.25,96.697,80.15951805,72.2508675,2.488,35.199,2.029,74.618
3137.375,96.847,80.1575191,72.25374625,2.487,34.785,2.082,73.531
3137.5,97.125,80.1555202,72.256625,2.487,34.52,2.128,72.177
3137.625,97.297,80.15352134,72.25950375,2.487,34.865,2.181,70.831
3137.75,97.115,80.15152254,72.2623825,2.488,35.549,2.253,69.774
3137.875,96.342,80.14952379,72.26526125,2.489,35.677,2.332,69.353
3138,95.236,80.14752508,72.26814,2.489,35.623,2.386,68.992
3138.125,94.336,80.14552643,72.27101875,2.488,35.017,2.444,68.43
3138.25,93.919,80.14352782,72.2738975,2.488,34.22,2.516,67.459
3138.375,93.926,80.14152927,72.27677625,2.488,33.35,2.586,66.551
3138.5,94.325,80.13953077,72.279655,2.489,32.486,2.618,65.755
3138.625,94.626,80.13753231,72.28253375,2.491,31.812,2.645,65.047
3138.75,94.667,80.13553391,72.2854125,2.495,31.55,2.66,64.666
3138.875,94.428,80.13353555,72.28829125,2.5,31.915,2.659,64.644
3139,94.079,80.13153725,72.29117,2.506,32.291,2.648,65.052
3139.125,93.791,80.12953899,72.29404875,2.509,32.396,2.635,65.633
3139.25,93.633,80.12754078,72.2969275,2.511,32.01,2.619,66.486
3139.375,93.556,80.12554263,72.29980625,2.515,31.555,2.604,67.089
3139.5,93.672,80.12354452,72.302685,2.518,31.239,2.597,67.047
3139.625,93.807,80.12154647,72.30556375,2.522,31.388,2.586,66.735
3139.75,94.013,80.11954846,72.3084425,2.525,31.637,2.566,65.926
3139.875,94.369,80.1175505,72.31132125,2.53,32.135,2.535,65.266
3140,94.998,80.1155526,72.3142,2.532,32.811,2.505,64.987
3140.125,95.674,80.11355474,72.31707875,2.532,34.133,2.471,64.802
3140.25,96.574,80.11155693,72.3199575,2.53,35.742,2.424,64.816
3140.375,97.952,80.10955918,72.32283625,2.525,36.588,2.373,64.897
3140.5,99.129,80.10756147,72.325715,2.518,37.167,2.339,65.723
3140.625,100.122,80.10556381,72.32859375,2.513,36.993,2.303,67.071
3140.75,100.816,80.10356621,72.3314725,2.509,36.802,2.259,69.416
3140.875,101.556,80.10156865,72.33435125,2.504,36.925,2.215,71.52
3141,101.892,80.09957114,72.33723,2.5,36.971,2.198,73.049
3141.125,102.067,80.09757368,72.34010875,2.499,36.591,2.185,74.122
3141.25,101.835,80.09557627,72.3429875,2.497,35.938,2.184,73.923
3141.375,101.145,80.09357891,72.34586625,2.495,35.45,2.197,72.943
3141.5,100.206,80.09158161,72.348745,2.493,35.005,2.221,71.506
3141.625,99.363,80.08958435,72.35162375,2.494,34.698,2.254,70.01
3141.75,98.676,80.08758714,72.3545025,2.496,34.518,2.312,68.586
3141.875,97.946,80.08558998,72.35738125,2.499,34.759,2.389,67.566
3142,97.539,80.08359287,72.36026,2.5,35.082,2.459,66.115
3142.125,97.212,80.08159581,72.36313875,2.499,35.436,2.542,64.523
3142.25,97.004,80.0795988,72.3660175,2.496,35.386,2.66,63.014
3142.375,96.746,80.07760184,72.36889625,2.49,34.77,2.793,62.443
3142.5,96.444,80.07560493,72.371775,2.483,34.173,2.879,62.924
3142.625,96.171,80.07360807,72.37465375,2.48,33.799,2.969,63.714
3142.75,95.973,80.07161126,72.3775325,2.478,33.688,3.071,65.054
3142.875,95.886,80.0696145,72.38041125,2.477,33.561,3.167,66.201
3143,96.18,80.06761779,72.38329,2.479,33.413,3.22,66.897
3143.125,96.503,80.06562112,72.38616875,2.481,33.4,3.275,67.346
3143.25,96.891,80.06362451,72.3890475,2.483,33.829,3.342,67.198
3143.375,97.341,80.06162795,72.39192625,2.486,34.597,3.411,66.845
3143.5,97.495,80.05963144,72.394805,2.487,35.26,3.458,66.391
3143.625,97.57,80.05763498,72.39768375,2.487,35.274,3.51,65.757
3143.75,97.472,80.05563856,72.4005625,2.487,34.631,3.578,64.655
3143.875,97.234,80.0536422,72.40344125,2.489,34.039,3.657,63.292
3144,96.998,80.05164589,72.40632,2.493,33.624,3.721,61.12
3144.125,96.812,80.04964963,72.40919875,2.497,33.798,3.797,58.734
3144.25,96.722,80.04765341,72.4120775,2.501,34.207,3.906,56.315
3144.375,96.667,80.04565725,72.41495625,2.506,34.325,4.029,54.917
3144.5,96.561,80.04366114,72.417835,2.51,34.37,4.1,54.807
3144.625,96.429,80.04166507,72.42071375,2.511,34.306,4.171,55.167
3144.75,96.23,80.03966906,72.4235925,2.512,34.371,4.239,56.458
3144.875,95.964,80.03767309,72.42647125,2.513,34.373,4.296,57.686
3145,95.838,80.03567718,72.42935,2.512,34.253,4.334,58.398
3145.125,95.717,80.03368131,72.43222875,2.511,33.696,4.381,58.707
3145.25,95.498,80.0316855,72.4351075,2.51,33.008,4.449,58
3145.375,94.904,80.02968973,72.43798625,2.509,32.789,4.524,56.868
3145.5,93.856,80.02769402,72.440865,2.509,32.687,4.554,55.604
3145.625,92.869,80.02569835,72.44374375,2.511,32.727,4.575,54.448
3145.75,91.985,80.02370274,72.4466225,2.513,32.452,4.568,53.741
3145.875,91.107,80.02170717,72.44950125,2.518,31.399,4.536,53.546
3146,91.154,80.01971165,72.45238,2.524,30.234,4.497,53.68
3146.125,91.437,80.01771619,72.45525875,2.529,29.155,4.452,53.955
3146.25,92.349,80.01572077,72.4581375,2.532,28.749,4.388,54.497
3146.375,94.033,80.0137254,72.46101625,2.532,29.894,4.317,54.956
3146.5,95.596,80.01173009,72.463895,2.529,31.29,4.276,55.297
3146.625,96.848,80.00973482,72.46677375,2.526,33,4.239,55.656
3146.75,97.442,80.0077396,72.4696525,2.524,34.082,4.217,56.015
3146.875,97.625,80.00574443,72.47253125,2.522,34.032,4.227,56.22
3147,97.129,80.00374931,72.47541,2.522,33.9,4.28,55.625
3147.125,96.602,80.00175425,72.47828875,2.522,33.737,4.357,54.548
3147.25,95.945,79.99975923,72.4811675,2.521,33.766,4.503,52.593
3147.375,95.007,79.99776426,72.48404625,2.52,33.529,4.703,51.002
3147.5,94.249,79.99576934,72.486925,2.519,33.143,4.881,50.055
3147.625,93.637,79.99377447,72.48980375,2.518,32.422,5.09,49.226
3147.75,93.312,79.99177965,72.4926825,2.518,31.893,5.382,48.666
3147.875,93.119,79.98978488,72.49556125,2.517,32.075,5.7,48.211
3148,93.135,79.98779016,72.49844,2.518,32.348,5.871,47.71
3148.125,93.135,79.98579549,72.50131875,2.519,32.667,6.025,47.39
3148.25,93.032,79.98380087,72.5041975,2.52,32.642,6.125,47.627
3148.375,92.676,79.9818063,72.50707625,2.521,32,6.135,48.243
3148.5,92.076,79.97981177,72.509955,2.521,31.315,6.049,48.992
3148.625,91.557,79.9778173,72.51283375,2.521,30.613,5.933,49.731
3148.75,91.261,79.97582288,72.5157125,2.52,30.058,5.735,50.38
3148.875,91.263,79.97382851,72.51859125,2.519,29.783,5.497,50.905
3149,91.796,79.97183419,72.52147,2.52,29.592,5.316,51.856
3149.125,92.303,79.96983991,72.52434875,2.521,29.762,5.109,53.053
3149.25,92.746,79.96784569,72.5272275,2.523,30.263,4.827,54.686
3149.375,93.162,79.96585152,72.53010625,2.527,30.815,4.513,56.216
3149.5,93.488,79.96385739,72.532985,2.53,31.259,4.316,58.462
3149.625,93.825,79.96186332,72.53586375,2.532,31.24,4.115,60.911
3149.75,94.249,79.95986929,72.5387425,2.533,30.965,3.912,63.312
3149.875,94.884,79.95787532,72.54162125,2.534,31.046,3.76,64.599
3150,95.223,79.9558814,72.5445,2.534,31.247,3.759,64.588
3150.125,95.302,79.95388752,72.54737875,2.534,31.481,3.795,63.796
3150.25,94.431,79.9518937,72.5502575,2.534,30.86,3.93,61.064
3150.375,91.713,79.94989992,72.55313625,2.535,28.16,4.123,57.451
3152.125,87.285,79.92199228,72.59343875,2.528,28.714,2.743,69.611
3152.25,89.399,79.91999925,72.5963175,2.528,31.195,2.583,69.712
3152.375,92.724,79.91800627,72.59919625,2.524,33.777,2.463,69.948
3152.5,94.809,79.91601334,72.602075,2.518,35.979,2.414,70.367
3152.625,96.193,79.91402046,72.60495375,2.514,36.726,2.364,70.893
3152.75,96.044,79.91202763,72.6078325,2.512,36.722,2.313,71.523
3152.875,94.797,79.91003485,72.61071125,2.514,36.278,2.273,71.796
3153,93.628,79.90804212,72.61359,2.521,35.796,2.28,71.277
3153.125,92.802,79.90604944,72.61646875,2.526,35.237,2.306,70.557
3153.25,92.628,79.9040568,72.6193475,2.53,34.567,2.388,69.59
3153.375,92.574,79.90206422,72.62222625,2.534,33.109,2.523,68.975
3153.5,91.502,79.90007169,72.625105,2.537,31.38,2.656,68.307
3153.625,90.196,79.89807921,72.62798375,2.542,29.131,2.813,67.484
3153.75,88.286,79.89608677,72.6308625,2.548,27.235,3.038,66.47
3159.5,89.009,79.80448852,72.763285,2.466,27.056,4.41,66.909
3159.625,92.463,79.80249842,72.76616375,2.468,28.262,3.928,69.968
3159.75,96.731,79.80050837,72.7690425,2.474,30.486,3.442,72.006
3159.875,102.048,79.79851837,72.77192125,2.489,34.41,3.02,72.439
3160,104.064,79.79652842,72.7748,2.506,37.281,2.825,72.3
3160.125,105.21,79.79453852,72.77767875,2.517,37.282,2.638,72.315
3160.25,104.699,79.79254867,72.7805575,2.526,36.416,2.472,72.687
3160.375,103.548,79.79055887,72.78343625,2.533,35.548,2.358,72.985
3160.5,102.051,79.78856911,72.786315,2.534,34.685,2.349,71.723
3160.625,100.333,79.78657941,72.78919375,2.531,33.46,2.357,69.63
3160.75,97.553,79.78458976,72.7920725,2.527,31.369,2.408,66.078
3160.875,92.497,79.78260015,72.79495125,2.518,29.041,2.484,63.223
3161,87.944,79.7806106,72.79783,2.509,26.921,2.548,61.816
3161.5,86.848,79.77265288,72.809345,2.499,26.754,2.975,64.328
3161.625,88.854,79.77066358,72.81222375,2.505,27.328,3.084,65.34
3161.75,90.244,79.76867432,72.8151025,2.513,27.663,3.194,65.849
3161.875,91.687,79.76668511,72.81798125,2.524,28.137,3.268,65.974
3162,93.236,79.76469596,72.82086,2.531,28.697,3.261,66.282
3162.125,94.694,79.76270685,72.82373875,2.533,29.7,3.235,66.698
3162.25,96.042,79.76071779,72.8266175,2.532,30.901,3.158,67.209
3162.375,97.551,79.75872878,72.82949625,2.53,32.066,3.044,67.386
3162.5,98.429,79.75673982,72.832375,2.527,33.216,2.94,67.128
3162.625,99.166,79.75475092,72.83525375,2.528,34.294,2.82,66.953
3162.75,99.723,79.75276206,72.8381325,2.529,35.132,2.659,67.201
3162.875,100.437,79.75077325,72.84101125,2.534,35.165,2.489,68.074
3163,101.035,79.74878449,72.84389,2.538,35.123,2.394,70.191
3163.125,101.57,79.74679578,72.84676875,2.539,35.193,2.3,72.532
3163.25,102.003,79.74480712,72.8496475,2.539,35.804,2.208,74.79
3163.375,102.412,79.7428185,72.85252625,2.536,36.6,2.135,75.75
3163.5,102.021,79.74082994,72.855405,2.532,37.19,2.116,75.438
3163.625,101.408,79.73884143,72.85828375,2.53,36.772,2.104,74.86
3163.75,100.153,79.73685297,72.8611625,2.529,35.474,2.115,73.854
3163.875,98.016,79.73486455,72.86404125,2.525,33.979,2.146,73.067
3164,96.141,79.73287619,72.86692,2.518,32.634,2.19,72.355
3164.125,94.603,79.73088788,72.86979875,2.513,31.856,2.244,71.744
3164.25,93.675,79.72889961,72.8726775,2.507,31.347,2.327,71.565
3164.375,92.844,79.7269114,72.87555625,2.502,30.833,2.422,71.943
3164.5,92.463,79.72492323,72.878435,2.501,30.321,2.48,72.46
3164.625,92.259,79.72293512,72.88131375,2.501,29.932,2.535,72.671
3164.75,92.583,79.72094705,72.8841925,2.501,29.791,2.578,72.029
3164.875,93.723,79.71895904,72.88707125,2.498,30.469,2.597,70.927
3165,95.56,79.71697107,72.88995,2.494,31.38,2.585,69.653
3165.125,97.216,79.71498315,72.89282875,2.49,32.942,2.568,68.506
3165.25,98.516,79.71299528,72.8957075,2.486,34.584,2.541,67.86
3165.375,99.665,79.71100747,72.89858625,2.482,35.482,2.512,67.775
3165.5,99.703,79.7090197,72.901465,2.48,36.144,2.496,68.177
3165.625,99.565,79.70703198,72.90434375,2.481,36.131,2.48,68.768
3165.75,99.076,79.70504431,72.9072225,2.484,36.04,2.46,69.685
3165.875,98.398,79.70305669,72.91010125,2.49,36.283,2.441,70.431
3166,98.139,79.70106912,72.91298,2.497,36.562,2.431,70.98
3166.125,98.002,79.6990816,72.91585875,2.499,36.755,2.421,71.459
3166.25,98.078,79.69709413,72.9187375,2.499,36.64,2.408,71.73
3166.375,98.173,79.69510671,72.92161625,2.497,35.99,2.393,71.86
3166.5,97.982,79.69311933,72.924495,2.493,35.239,2.38,72.106
3166.625,97.737,79.69113201,72.92737375,2.491,34.253,2.365,72.411
3166.75,97.342,79.68914474,72.9302525,2.488,33.307,2.344,72.783
3166.875,96.746,79.68715752,72.93313125,2.481,32.814,2.321,73.017
3167,96.293,79.68517034,72.93601,2.472,32.433,2.312,73.046
3167.125,95.933,79.68318322,72.93888875,2.464,32.469,2.307,72.928
3167.25,95.768,79.68119614,72.9417675,2.457,32.861,2.315,72.401
3167.375,95.741,79.67920912,72.94464625,2.45,33.395,2.339,71.554
3167.5,96.009,79.67722214,72.947525,2.448,33.843,2.378,69.797
3167.625,96.281,79.67523522,72.95040375,2.451,33.869,2.429,67.94
3167.75,96.547,79.67324834,72.9532825,2.456,33.416,2.51,66.425
3167.875,96.772,79.67126151,72.95616125,2.466,32.481,2.605,66.242
3168,96.67,79.66927474,72.95904,2.478,31.599,2.67,67.66
3168.125,96.497,79.66728801,72.96191875,2.488,31.174,2.74,69.414
3168.25,96.102,79.66530133,72.9647975,2.499,31.357,2.825,71.573
3168.375,95.342,79.6633147,72.96767625,2.513,32.081,2.912,73.178
3168.5,94.39,79.66132812,72.970555,2.522,32.801,2.962,74.744
3168.625,93.542,79.65934159,72.97343375,2.523,33.281,3.012,76.029
3168.75,92.909,79.65735511,72.9763125,2.522,33.331,3.06,76.139
3168.875,92.409,79.65536868,72.97919125,2.518,33.179,3.095,74.721
3169,92.641,79.6533823,72.98207,2.514,33.071,3.099,71.302
3169.125,92.985,79.65139597,72.98494875,2.513,33.104,3.096,67.877
3169.25,93.593,79.64940969,72.9878275,2.512,33.215,3.077,65.508
3169.375,94.456,79.64742346,72.99070625,2.512,33.552,3.047,65.657
3169.5,94.996,79.64543727,72.993585,2.512,33.976,3.024,68.326
3169.625,95.416,79.64345114,72.99646375,2.512,34.785,2.999,71.181
3169.75,95.651,79.64146506,72.9993425,2.512,35.929,2.966,73.587
3169.875,95.963,79.63947902,73.00222125,2.514,36.49,2.929,74.136
3170,96.331,79.63749304,73.0051,2.518,36.776,2.898,73.245
3170.125,96.65,79.6355071,73.00797875,2.518,36.26,2.866,72.201
3170.25,96.858,79.63352122,73.0108575,2.513,35.616,2.832,71.05
3170.375,96.972,79.63153538,73.01373625,2.488,35.252,2.812,70.247
3170.5,96.823,79.62954959,73.016615,2.452,34.832,2.836,68.803
3170.625,96.626,79.62756386,73.01949375,2.43,33.934,2.883,66.787
3170.75,96.244,79.62557817,73.0223725,2.414,32.452,2.993,63.604
3170.875,95.478,79.62359253,73.02525125,2.409,31.163,3.159,60.42
3171,94.398,79.62160694,73.02813,2.417,30.109,3.32,56.691
3171.125,93.424,79.6196214,73.03100875,2.426,29.885,3.511,53.182
3171.25,92.689,79.61763591,73.0338875,2.434,30.103,3.784,50.995
3171.375,92.163,79.61565047,73.03676625,2.441,30.592,4.087,50.854
3171.5,92.477,79.61366508,73.039645,2.445,31.1,4.265,52.105
3171.625,92.859,79.61167974,73.04252375,2.446,31.677,4.433,53.494
3171.75,93.35,79.60969445,73.0454025,2.448,32.182,4.562,54.947
3171.875,93.839,79.60770921,73.04828125,2.454,31.865,4.588,56.054
3172,93.845,79.60572401,73.05116,2.464,31.339,4.471,57.992
3172.125,93.796,79.60373887,73.05403875,2.471,30.452,4.315,60.25
3172.25,93.7,79.60175378,73.0569175,2.476,29.954,4.063,62.701
3172.375,93.766,79.59976873,73.05979625,2.475,31.044,3.782,63.948
3172.5,94.324,79.59778374,73.062675,2.467,32.46,3.631,63.268
3172.625,94.88,79.59579879,73.06555375,2.459,34.446,3.486,61.979
3172.75,95.39,79.5938139,73.0684325,2.453,35.752,3.351,59.723
3172.875,95.736,79.59182905,73.07131125,2.453,35.166,3.249,58.149
3173,95.244,79.58984426,73.07419,2.461,34.309,3.229,57.515
3173.125,94.647,79.58785951,73.07706875,2.467,32.928,3.226,57.002
3173.25,93.773,79.58587481,73.0799475,2.471,31.792,3.272,56.643
3173.375,92.552,79.58389016,73.08282625,2.473,31.503,3.365,56.094
3173.5,91.711,79.58190557,73.085705,2.473,31.354,3.469,54.917
3173.625,91.065,79.57992102,73.08858375,2.476,31.625,3.59,53.736
3173.75,90.82,79.57793652,73.0914625,2.483,32.048,3.756,52.958
3173.875,90.816,79.57595207,73.09434125,2.498,32.746,3.932,53.171
3174,91.084,79.57396767,73.09722,2.513,33.491,4.028,54.709
3174.125,91.316,79.57198332,73.10009875,2.52,34.102,4.122,56.516
3174.25,91.444,79.56999901,73.1029775,2.524,34.203,4.21,58.497
3174.375,91.428,79.56801476,73.10585625,2.528,33.568,4.272,59.587
3174.5,91.246,79.56603056,73.108735,2.53,32.894,4.276,59.937
3174.625,91.105,79.56404641,73.11161375,2.532,32.273,4.27,60.214
3174.75,91.101,79.5620623,73.1144925,2.535,31.873,4.241,60.373
3174.875,91.316,79.56007825,73.11737125,2.54,31.657,4.205,60.553
3175,91.712,79.55809424,73.12025,2.543,31.417,4.195,60.722
3175.125,92.04,79.55611029,73.12312875,2.542,31.238,4.192,60.703
3175.25,92.173,79.55412638,73.1260075,2.538,31.392,4.209,60.115
3175.375,92.043,79.55214253,73.12888625,2.526,31.81,4.239,59.101
3175.5,91.429,79.55015872,73.131765,2.511,32.176,4.266,57.744
3175.625,90.799,79.54817496,73.13464375,2.498,32.298,4.297,56.489
3175.75,90.093,79.54619125,73.1375225,2.485,32.256,4.341,55.739
3175.875,89.222,79.5442076,73.14040125,2.469,32.163,4.397,55.658
3176,88.794,79.54222399,73.14328,2.457,32.108,4.453,55.662
3176.125,88.508,79.54024043,73.14615875,2.449,32.236,4.522,55.471
3176.25,88.501,79.53825692,73.1490375,2.438,32.514,4.622,54.841
3176.375,88.62,79.53627346,73.15191625,2.415,33,4.732,54.196
3176.5,88.725,79.53429005,73.154795,2.387,33.461,4.788,53.88
3176.625,88.807,79.53230668,73.15767375,2.372,33.608,4.839,53.702
3176.75,88.855,79.53032337,73.1605525,2.363,33.211,4.875,53.793
3176.875,88.919,79.52834011,73.16343125,2.363,32.113,4.892,53.834
3177,89.054,79.5263569,73.16631,2.377,30.979,4.89,53.482
3177.125,89.212,79.52437373,73.16918875,2.392,29.945,4.885,53.107
3177.25,89.461,79.52239062,73.1720675,2.41,29.25,4.872,52.907
3177.375,89.888,79.52040755,73.17494625,2.442,29.067,4.851,53.251
3177.5,90.269,79.51842454,73.177825,2.473,28.947,4.822,54.509
3177.625,90.565,79.51644157,73.18070375,2.488,28.981,4.782,55.937
3177.75,90.688,79.51445866,73.1835825,2.496,29.043,4.71,57.405
3177.875,90.727,79.51247579,73.18646125,2.496,29.738,4.616,58.156
3178,90.785,79.51049297,73.18934,2.491,30.639,4.54,58.282
3178.125,90.884,79.5085102,73.19221875,2.49,32.009,4.452,58.274
3178.25,91.112,79.50652748,73.1950975,2.493,33.193,4.33,58.02
3178.375,91.527,79.50454481,73.19797625,2.502,33.154,4.189,57.831
3178.5,91.856,79.50256219,73.200855,2.513,32.888,4.082,58.516
3178.625,92.091,79.50057962,73.20373375,2.517,32.281,3.96,59.841
3178.75,92.105,79.4985971,73.2066125,2.519,32.173,3.797,62.497
3178.875,91.925,79.49661463,73.20949125,2.516,33.054,3.631,65.148
3179,91.703,79.49463221,73.21237,2.507,33.961,3.544,67.889
3179.125,91.534,79.49264984,73.21524875,2.5,34.568,3.456,70.518
3179.25,91.459,79.49066751,73.2181275,2.494,34.595,3.366,72.406
3179.375,91.369,79.48868524,73.22100625,2.489,34.443,3.284,73.017
3179.5,91.22,79.48670302,73.223885,2.488,34.405,3.24,72.316
3179.625,91.105,79.48472084,73.22676375,2.486,34.709,3.195,71.228
3179.75,91.102,79.48273871,73.2296425,2.483,34.988,3.148,69.536
3179.875,91.281,79.48075664,73.23252125,2.475,35.284,3.107,68.302
3180,91.652,79.47877461,73.2354,2.464,35.682,3.092,67.76
3180.125,92.02,79.47679263,73.23827875,2.457,36.403,3.079,67.503
3180.25,92.428,79.47481071,73.2411575,2.451,37.154,3.071,67.933
3180.375,92.986,79.47282883,73.24403625,2.444,36.66,3.067,68.635
3180.5,93.134,79.470847,73.246915,2.439,35.84,3.07,69.603
3180.625,93.099,79.46886522,73.24979375,2.438,34.257,3.076,70.611
3180.75,92.612,79.46688349,73.2526725,2.44,32.785,3.092,71.502
3180.875,91.68,79.46490181,73.25555125,2.442,32.088,3.12,71.884
3181,91.031,79.46292018,73.25843,2.441,31.509,3.158,71.306
3181.125,90.59,79.4609386,73.26130875,2.438,31.347,3.208,70.172
3181.25,90.609,79.45895706,73.2641875,2.432,31.501,3.294,67.864
3181.375,90.986,79.45697558,73.26706625,2.428,32.213,3.41,65.478
3181.5,91.542,79.45499415,73.269945,2.428,33.009,3.511,62.679
3181.625,91.995,79.45301276,73.27282375,2.431,33.851,3.629,59.8
3181.75,92.195,79.45103143,73.2757025,2.436,34.308,3.797,57.213
3181.875,92.126,79.44905014,73.27858125,2.441,33.865,3.989,55.743
3182,91.617,79.44706891,73.28146,2.445,33.322,4.113,54.918
3182.125,91.105,79.44508772,73.28433875,2.452,32.707,4.246,54.225
3182.25,90.545,79.44310658,73.2872175,2.469,32.34,4.402,53.911
3182.375,89.837,79.4411255,73.29009625,2.491,31.784,4.547,53.891
3182.5,89.531,79.43914446,73.292975,2.507,31.114,4.608,54.231
3182.625,89.411,79.43716347,73.29585375,2.519,30.283,4.662,54.802
3182.75,89.755,79.43518253,73.2987325,2.525,29.831,4.698,55.83
3182.875,90.601,79.43320164,73.30161125,2.52,30.496,4.715,56.765
3183,91.384,79.4312208,73.30449,2.513,31.264,4.716,57.086
3183.125,91.959,79.42924001,73.30736875,2.505,31.816,4.718,57.037
3183.25,92.068,79.42725926,73.3102475,2.497,31.521,4.721,56.195
3183.375,91.842,79.42527857,73.31312625,2.49,30.644,4.724,55.3
3183.5,91.575,79.42329793,73.316005,2.487,29.84,4.715,54.86
3183.625,91.398,79.42131733,73.31888375,2.486,29.488,4.699,54.719
3183.75,91.417,79.41933679,73.3217625,2.49,29.618,4.661,55.314
3183.875,91.576,79.41735629,73.32464125,2.5,30.28,4.606,56.237
3184,91.77,79.41537585,73.32752,2.511,30.968,4.563,57.748
3184.125,91.946,79.41339545,73.33039875,2.524,31.548,4.517,59.346
3184.25,92.111,79.41141511,73.3332775,2.54,31.796,4.461,60.747
3184.375,92.338,79.40943481,73.33615625,2.55,31.718,4.407,61.229
3184.5,92.489,79.40745456,73.339035,2.553,31.669,4.375,60.698
3184.625,92.608,79.40547436,73.34191375,2.554,31.903,4.341,59.946
3184.75,92.69,79.40349421,73.3447925,2.55,32.502,4.301,58.945
3184.875,92.841,79.40151411,73.34767125,2.536,32.889,4.268,58.45
3185,93.224,79.39953406,73.35055,2.52,33.087,4.27,58.516
3185.125,93.645,79.39755406,73.35342875,2.502,32.719,4.288,58.487
3185.25,94.203,79.39557411,73.3563075,2.481,32.315,4.352,58.002
3185.375,95,79.39359421,73.35918625,2.475,32.176,4.461,56.904
3185.5,95.498,79.39161435,73.362065,2.48,32.017,4.57,54.778
3185.625,95.847,79.38963455,73.36494375,2.491,31.802,4.696,52.576
3185.75,95.882,79.3876548,73.3678225,2.506,31.615,4.865,50.743
3185.875,95.701,79.38567509,73.37070125,2.514,31.895,5.041,50.116
3186,95.304,79.38369543,73.37358,2.515,32.31,5.139,50.554
3186.125,94.907,79.38171583,73.37645875,2.513,32.997,5.235,51.248
3186.25,94.479,79.37973627,73.3793375,2.508,33.545,5.331,52.332
3186.375,93.952,79.37775676,73.38221625,2.498,33.548,5.411,53.096
3186.5,93.755,79.37577731,73.385095,2.49,33.512,5.447,53.373
3186.625,93.633,79.3737979,73.38797375,2.481,33.461,5.484,53.52
3186.75,93.597,79.37181854,73.3908525,2.468,33.393,5.524,53.428
3186.875,93.41,79.36983923,73.39373125,2.458,32.931,5.56,53.403
3187,92.811,79.36785997,73.39661,2.455,32.39,5.576,53.474
3187.125,92.198,79.36588076,73.39948875,2.454,31.591,5.595,53.402
3187.25,91.505,79.36390159,73.4023675,2.458,30.635,5.627,52.918
3187.375,90.601,79.36192248,73.40524625,2.462,29.95,5.678,52.196
3187.5,89.867,79.35994342,73.408125,2.463,29.43,5.744,51.309
3187.625,89.225,79.3579644,73.41100375,2.461,29.544,5.821,50.525
3187.75,88.731,79.35598544,73.4138825,2.455,30.135,5.92,50.176
3187.875,88.225,79.35400652,73.41676125,2.449,30.865,6.005,50.372
3188,88.103,79.35202766,73.41964,2.449,31.454,6.001,51.173
3188.125,88.06,79.35004884,73.42251875,2.453,31.277,5.976,52.084
3188.25,88.168,79.34807007,73.4253975,2.469,30.333,5.896,53.034
3188.375,88.338,79.34609136,73.42827625,2.49,29.333,5.791,53.572
3188.5,88.452,79.34411269,73.431155,2.504,28.501,5.737,53.965
3188.625,88.554,79.34213407,73.43403375,2.516,28.302,5.691,54.273
3188.75,88.631,79.3401555,73.4369125,2.525,28.566,5.667,54.206
3188.875,88.671,79.33817698,73.43979125,2.524,28.527,5.67,53.58
3189,88.435,79.33619851,73.44267,2.518,28.264,5.684,51.677
3189.125,88.179,79.33422009,73.44554875,2.51,27.318,5.695,49.555
3189.25,87.934,79.33224171,73.4484275,2.497,26.208,5.697,47.581
3189.375,87.885,79.33026339,73.45130625,2.486,25.904,5.681,47.065
3189.5,88.68,79.32828512,73.454185,2.479,25.848,5.645,48.228
3189.625,89.554,79.32630689,73.45706375,2.474,26.541,5.594,49.708
3189.75,90.621,79.32432872,73.4599425,2.469,27.432,5.497,51.535
3189.875,91.885,79.32235059,73.46282125,2.464,28.076,5.359,52.738
3190,92.381,79.32037252,73.4657,2.46,28.653,5.233,53.617
3190.125,92.706,79.31839449,73.46857875,2.455,29.242,5.091,54.427
3190.25,92.753,79.31641651,73.4714575,2.452,29.987,4.91,54.98
3190.375,92.84,79.31443858,73.47433625,2.461,30.528,4.74,55.292
3190.5,93.113,79.3124607,73.477215,2.477,30.972,4.691,56.093
3190.625,93.365,79.31048287,73.48009375,2.495,30.947,4.67,57.073
3190.75,93.535,79.30850509,73.4829725,2.515,30.407,4.723,58.121
3190.875,93.55,79.30652736,73.48585125,2.515,29.484,4.841,58.351
3191,93.232,79.30454968,73.48873,2.504,28.685,4.929,57.235
3191.125,92.953,79.30257205,73.49160875,2.491,28.456,4.989,56.004
3191.25,92.855,79.30059446,73.4944875,2.48,28.673,4.954,55.063
3191.375,93.167,79.29861693,73.49736625,2.483,29.616,4.778,55.373
3191.5,94.32,79.29663944,73.500245,2.49,30.649,4.527,57.674
3191.625,95.524,79.29466201,73.50312375,2.498,32.011,4.232,60.541
3191.75,96.99,79.29268462,73.5060025,2.506,33.673,3.825,64.076
3191.875,99.066,79.29070729,73.50888125,2.509,35.632,3.403,66.426
3192,100.867,79.28873,73.51176,2.508,37.477,3.194,67.345
3192.125,102.426,79.28675276,73.51463875,2.506,38.672,2.994,67.643
3192.25,103.584,79.28477557,73.5175175,2.503,39.386,2.819,66.434
3192.375,104.77,79.28279843,73.52039625,2.499,38.607,2.697,64.591
3192.5,105.003,79.28082134,73.523275,2.497,38.704,2.683,61.922
3192.625,104.957,79.2788443,73.52615375,2.496,39.232,2.686,59.187
3192.75,104.237,79.27686731,73.5290325,2.497,38.798,2.738,56.918
3192.875,102.857,79.27489037,73.53191125,2.501,37.926,2.826,56.147
3193,101.804,79.27291348,73.53479,2.504,37.033,2.907,57.063
3193.125,101.044,79.27093663,73.53766875,2.508,36.255,2.996,58.419
3193.25,100.912,79.26895984,73.5405475,2.511,35.765,3.103,60.462
3193.375,101.207,79.26698309,73.54342625,2.508,35.511,3.193,62.113
3193.5,101.721,79.2650064,73.546305,2.502,35.229,3.192,64.355
3193.625,102.134,79.26302975,73.54918375,2.492,34.863,3.163,66.97
3193.75,102.285,79.26105315,73.5520625,2.476,34.414,3.054,69.911
3193.875,102.132,79.25907661,73.55494125,2.462,33.91,2.895,71.651
3194,101.503,79.25710011,73.55782,2.456,33.42,2.783,71.702
3194.125,100.891,79.25512366,73.56069875,2.452,32.974,2.672,71.373
3194.25,100.281,79.25314726,73.5635775,2.449,32.592,2.563,70.517
3194.375,99.55,79.25117091,73.56645625,2.447,32.796,2.48,70.238
3194.5,98.884,79.24919461,73.569335,2.446,33.145,2.461,70.792
3194.625,98.259,79.24721835,73.57221375,2.446,33.767,2.449,71.402
3194.75,97.657,79.24524215,73.5750925,2.446,34.245,2.455,71.908
3194.875,96.914,79.243266,73.57797125,2.449,34.39,2.478,71.963
3195,96.473,79.24128989,73.58085,2.453,34.499,2.509,71.527
3195.125,96.096,79.23931384,73.58372875,2.458,34.614,2.549,70.865
3195.25,95.739,79.23733783,73.5866075,2.468,34.876,2.618,69.719
3195.375,95.102,79.23536188,73.58948625,2.478,34.804,2.712,68.491
3195.5,94.512,79.23338597,73.592365,2.482,34.577,2.803,66.769
3195.625,94.139,79.23141011,73.59524375,2.486,33.932,2.915,64.94
3195.75,94.32,79.2294343,73.5981225,2.49,33.234,3.088,63.174
3195.875,95.05,79.22745854,73.60100125,2.494,32.452,3.294,62.031
3196,94.582,79.22548283,73.60388,2.496,31.602,3.436,60.455
3196.125,93.418,79.22350717,73.60675875,2.497,30.201,3.576,58.499
3196.25,90.401,79.22153156,73.6096375,2.498,28.406,3.704,56.039
3196.375,85.361,79.219556,73.61251625,2.5,26.657,3.776,54.407
3196.75,86.622,79.21362961,73.6211525,2.502,25.777,3.722,59.618
3196.875,92.772,79.21165424,73.62403125,2.5,29.541,3.722,62.161
3197,96.89,79.20967892,73.62691,2.497,33.434,3.75,62.836
3197.125,99.759,79.20770366,73.62978875,2.492,34.772,3.784,62.938
3197.25,99.997,79.20572844,73.6326675,2.481,35.906,3.831,61.961
3197.375,98.472,79.20375327,73.63554625,2.467,34.137,3.885,61.128
3197.5,95.034,79.20177815,73.638425,2.456,31.888,3.942,59.953
3197.625,91.53,79.19980308,73.64130375,2.447,28.923,4.011,58.315
3197.75,87.464,79.19782806,73.6441825,2.439,26.491,4.109,55.921
3198.5,88.474,79.18597897,73.661455,2.482,29.264,4.026,59.553
3198.625,91.944,79.1840043,73.66433375,2.486,32.664,3.892,58.044
3198.75,93.814,79.18202967,73.6672125,2.49,34.416,3.685,55.866
3198.875,95.246,79.1800551,73.67009125,2.496,33.968,3.462,55.005
3199,96.205,79.17808057,73.67297,2.5,33.449,3.361,56.476
3199.125,97.117,79.17610609,73.67584875,2.505,33.077,3.278,58.532
3199.25,97.986,79.17413166,73.6787275,2.508,33.081,3.242,61.342
3199.375,98.943,79.17215728,73.68160625,2.505,32.862,3.262,63.166
3199.5,99.208,79.17018295,73.684485,2.5,32.544,3.329,63.832
3199.625,99.324,79.16820867,73.68736375,2.493,32.079,3.421,63.92
3199.75,99.115,79.16623443,73.6902425,2.483,31.864,3.588,62.502
3199.875,98.622,79.16426025,73.69312125,2.475,31.967,3.825,60.215
3200,97.765,79.16228612,73.696,2.473,32.013,4.068,56.134
3200.125,96.866,79.16031203,73.69887875,2.475,31.6,4.383,51.595
3200.25,95.716,79.158338,73.7017575,2.483,30.643,4.926,46.911
3200.375,93.955,79.15636401,73.70463625,2.493,29.52,5.678,44.125
3200.5,92.452,79.15439007,73.707515,2.498,28.512,6.423,42.788
3200.625,91.251,79.15241618,73.71039375,2.502,27.89,7.345,41.815
3200.75,90.687,79.15044234,73.7132725,2.508,27.558,8.782,41.709
3200.875,90.532,79.14846856,73.71615125,2.517,27.635,10.504,41.92
3201,90.767,79.14649481,73.71903,2.526,27.722,11.002,42.009
3201.125,90.883,79.14452112,73.72190875,2.535,27.693,11.381,42.16
3201.25,90.607,79.14254748,73.7247875,2.539,27.456,11.383,42.616
3201.375,89.717,79.14057389,73.72766625,2.533,27.222,10.9,43.561
3201.5,88.536,79.13860035,73.730545,2.525,27.036,10.061,46.136
3201.625,87.578,79.13662685,73.73342375,2.518,26.942,8.963,49.437
3201.75,87.21,79.13465341,73.7363025,2.514,26.798,7.279,53.924
3201.875,87.564,79.13268001,73.73918125,2.521,27.05,5.659,57.756
3202,89.257,79.13070666,73.74206,2.531,27.489,4.894,62.113
3202.125,91.024,79.12873337,73.74493875,2.542,28.941,4.145,66.624
3202.25,93.183,79.12676012,73.7478175,2.557,31.569,3.414,70.648
3202.375,96.292,79.12478692,73.75069625,2.567,33.969,2.806,72.671
3202.5,98.86,79.12281377,73.753575,2.569,36.053,2.561,72.959
3202.625,100.929,79.12084067,73.75645375,2.569,37.072,2.332,72.8
3202.75,101.967,79.11886762,73.7593325,2.567,37.77,2.137,71.747
3202.875,102.401,79.11689462,73.76221125,2.563,38.705,1.996,70.654
3203,102.119,79.11492166,73.76509,2.562,39.605,1.959,69.282
3203.125,101.892,79.11294876,73.76796875,2.563,40.135,1.937,67.771
3203.25,101.784,79.1109759,73.7708475,2.565,40.084,1.957,66.195
3203.375,101.67,79.1090031,73.77372625,2.565,39,2.013,65.187
3203.5,101.031,79.10703034,73.776605,2.56,37.81,2.077,64.62
3203.625,100.336,79.10505764,73.77948375,2.551,36.58,2.154,64.156
3203.75,99.521,79.10308498,73.7823625,2.536,35.677,2.27,63.978
3203.875,98.628,79.10111237,73.78524125,2.525,35.044,2.405,64.021
3204,98.477,79.09913981,73.78812,2.522,34.398,2.507,64.508
3204.125,98.445,79.0971673,73.79099875,2.523,33.775,2.621,65.128
3204.25,98.586,79.09519484,73.7938775,2.525,33.265,2.765,65.784
3204.375,98.63,79.09322243,73.79675625,2.525,33.292,2.911,65.749
3204.5,98.066,79.09125006,73.799635,2.524,33.394,2.98,63.981
3204.625,97.43,79.08927775,73.80251375,2.523,33.465,3.044,61.811
3204.75,96.637,79.08730549,73.8053925,2.526,33.157,3.097,59.441
3204.875,95.77,79.08533327,73.80827125,2.536,32.918,3.141,58.643
3205,95.941,79.08336111,73.81115,2.545,32.908,3.184,60.304
3205.125,96.326,79.08138899,73.81402875,2.554,33.883,3.242,62.438
3205.25,97.156,79.07941692,73.8169075,2.56,35.382,3.334,64.869
3205.375,98.243,79.0774449,73.81978625,2.56,35.911,3.433,65.712
3205.5,98.537,79.07547293,73.822665,2.556,36.128,3.455,64.355
3205.625,98.653,79.07350101,73.82554375,2.552,35.703,3.454,62.612
3205.75,98.467,79.07152914,73.8284225,2.548,35.55,3.391,60.652
3205.875,98.28,79.06955732,73.83130125,2.545,36.388,3.286,60.069
3206,98.477,79.06758555,73.83418,2.543,37.369,3.207,61.348
3206.125,98.694,79.06561383,73.83705875,2.54,38.385,3.124,63.014
3206.25,98.926,79.06364215,73.8399375,2.533,38.731,3.023,65.146
3206.375,99.117,79.06167053,73.84281625,2.524,37.957,2.918,66.628
3206.5,99.175,79.05969895,73.845695,2.518,37.114,2.845,67.992
3206.625,99.241,79.05772742,73.84857375,2.512,36.354,2.765,69.303
3206.75,99.34,79.05575595,73.8514525,2.503,36.072,2.667,70.16
3206.875,99.456,79.05378452,73.85433125,2.495,36.299,2.572,70.127
3207,99.299,79.05181314,73.85721,2.487,36.451,2.538,69.22
3207.125,99.094,79.04984181,73.86008875,2.479,36.164,2.514,68.299
3207.25,98.782,79.04787053,73.8629675,2.468,35.428,2.524,67.616
3207.375,98.387,79.0458993,73.86584625,2.463,34.628,2.571,67.435
3207.5,98.041,79.04392811,73.868725,2.466,33.963,2.636,66.856
3207.625,97.637,79.04195698,73.87160375,2.472,33.745,2.712,65.829
3207.75,96.911,79.0399859,73.8744825,2.482,33.782,2.81,63.901
3207.875,95.431,79.03801486,73.87736125,2.49,33.53,2.899,62.088
3208,93.839,79.03604388,73.88024,2.493,33.11,2.918,60.764
3208.125,92.621,79.03407294,73.88311875,2.494,32.381,2.923,59.887
3208.25,92.42,79.03210205,73.8859975,2.493,31.911,2.891,60.278
3208.375,93.519,79.03013121,73.88887625,2.49,33.046,2.834,61.529
3208.5,96.165,79.02816042,73.891755,2.488,34.543,2.78,63.588
3208.625,98.633,79.02618968,73.89463375,2.486,36.665,2.718,65.641
3208.75,100.757,79.02421899,73.8975125,2.487,38.231,2.629,67.155
3208.875,102.758,79.02224835,73.90039125,2.492,38.008,2.531,67.368
3209,103.374,79.02027776,73.90327,2.497,37.538,2.476,65.616
3209.125,103.804,79.01830721,73.90614875,2.503,36.683,2.426,63.236
3209.25,103.84,79.01633672,73.9090275,2.515,36.144,2.394,60.006
3209.375,103.587,79.01436627,73.91190625,2.527,36.096,2.394,57.898
3209.5,102.972,79.01239588,73.914785,2.533,36.022,2.433,57.616
3209.625,102.381,79.01042553,73.91766375,2.535,35.724,2.489,57.918
3209.75,101.808,79.00845523,73.9205425,2.526,35.126,2.594,59.288
3209.875,101.143,79.00648498,73.92342125,2.511,34.088,2.734,60.35
3210,100.553,79.00451478,73.9263,2.501,33.02,2.855,60.559
3210.125,99.953,79.00254463,73.92917875,2.493,31.936,2.997,60.537
3210.25,99.181,79.00057453,73.9320575,2.492,30.962,3.195,60.103
3210.375,97.887,78.99860448,73.93493625,2.5,30.3,3.421,59.772
3210.5,96.432,78.99663448,73.937815,2.509,29.696,3.582,59.937
3210.625,95.092,78.99466452,73.94069375,2.516,29.183,3.76,60.328
3210.75,93.802,78.99269462,73.9435725,2.515,28.778,3.985,61.084
3210.875,91.977,78.99072476,73.94645125,2.501,28.665,4.212,61.532
3211,89.807,78.98875496,73.94933,2.485,28.626,4.327,61.066
3211.125,87.736,78.9867852,73.95220875,2.471,28.787,4.426,60.398
3211.25,85.691,78.98481549,73.9550875,2.46,28.938,4.471,59.6
3211.75,87.024,78.97693715,73.9666025,2.527,29.637,4.002,64.177
3211.875,93.353,78.97496768,73.96948125,2.545,30.452,3.796,65.245
3212,99.334,78.97299827,73.97236,2.551,31.351,3.689,65.604
3212.125,103.863,78.97102891,73.97523875,2.552,32.462,3.589,65.645
3212.25,105.052,78.96905959,73.9781175,2.55,33.562,3.506,64.877
3212.375,103.466,78.96709032,73.98099625,2.547,33.816,3.459,63.704
3212.5,100.064,78.96512111,73.983875,2.546,33.778,3.473,62.31
3212.625,97.231,78.96315194,73.98675375,2.545,32.902,3.501,61.248
3212.75,95.634,78.96118282,73.9896325,2.545,31.838,3.566,61.324
3212.875,94.753,78.95921375,73.99251125,2.548,31.349,3.655,62.439
3213,95.002,78.95724473,73.99539,2.55,31.075,3.726,64.29
3213.125,95.495,78.95527576,73.99826875,2.552,31.578,3.801,65.988
3213.25,96.492,78.95330683,74.0011475,2.551,32.51,3.878,66.89
3213.375,97.794,78.95133796,74.00402625,2.546,33.219,3.919,66.706
3213.5,98.081,78.94936914,74.006905,2.542,33.829,3.851,66.079
3213.625,98.077,78.94740036,74.00978375,2.54,34.028,3.737,65.677
3213.75,97.458,78.94543164,74.0126625,2.542,33.878,3.499,66.002
3213.875,96.452,78.94346296,74.01554125,2.546,33.992,3.197,66.926
3214,96.07,78.94149433,74.01842,2.548,34.293,3.001,68.315
3214.125,95.905,78.93952575,74.02129875,2.547,35.192,2.801,69.706
3214.25,96.176,78.93755722,74.0241775,2.542,36.221,2.584,70.878
3214.375,96.669,78.93558874,74.02705625,2.537,36.636,2.383,71.574
3214.5,97.009,78.93362031,74.029935,2.535,36.91,2.283,72.094
3214.625,97.35,78.93165193,74.03281375,2.535,36.945,2.186,72.38
3214.75,97.853,78.92968359,74.0356925,2.535,37.268,2.096,71.924
3214.875,98.879,78.92771531,74.03857125,2.534,37.904,2.033,70.847
3215,99.924,78.92574707,74.04145,2.531,38.452,2.036,69.261
3215.125,100.688,78.92377889,74.04432875,2.528,38.612,2.057,67.715
3215.25,100.721,78.92181075,74.0472075,2.523,38.64,2.127,66.479
3215.375,99.918,78.91984266,74.05008625,2.521,37.689,2.24,65.677
3215.5,98.301,78.91787462,74.052965,2.522,36.518,2.357,64.203
3215.625,96.806,78.91590663,74.05584375,2.524,34.86,2.501,62.399
3215.75,95.523,78.91393869,74.0587225,2.528,33.342,2.725,60.207
3215.875,94.256,78.9119708,74.06160125,2.532,32.752,3.002,58.75
3216,94.097,78.91000296,74.06448,2.534,32.365,3.233,57.854
3216.125,94.161,78.90803516,74.06735875,2.536,32.601,3.505,56.969
3216.25,94.675,78.90606742,74.0702375,2.54,33.087,3.891,56.119
3216.375,95.443,78.90409972,74.07311625,2.545,33.752,4.329,55.324
3216.5,95.887,78.90213208,74.075995,2.554,34.411,4.65,54.035
3216.625,96.251,78.90016448,74.07887375,2.566,34.753,5.016,52.604
3216.75,96.508,78.89819693,74.0817525,2.587,34.472,5.512,51.151
3216.875,96.836,78.89622943,74.08463125,2.599,33.599,6.061,50.354
3217,96.555,78.89426198,74.08751,2.597,32.757,6.392,50.103
3217.125,96.039,78.89229458,74.09038875,2.586,32.171,6.714,50.052
3217.25,94.909,78.89032723,74.0932675,2.562,31.75,7.002,50.53
3217.375,93.124,78.88835992,74.09614625,2.539,30.993,7.172,51.37
3217.5,92.247,78.88639267,74.099025,2.53,30.105,7.123,52.77
3217.625,91.683,78.88442547,74.10190375,2.524,29.011,7.023,54.053
3217.75,91.603,78.88245831,74.1047825,2.521,28.112,6.783,54.629
3217.875,91.306,78.8804912,74.10766125,2.522,27.59,6.443,54.12
3218,90.305,78.87852415,74.11054,2.523,27.163,6.143,52.783
3218.125,89.435,78.87655714,74.11341875,2.525,26.963,5.812,51.6
3218.25,89.023,78.87459018,74.1162975,2.525,26.765,5.407,51.166
3218.375,89.397,78.87262327,74.11917625,2.525,26.851,5.036,51.675
3218.5,90.742,78.87065641,74.122055,2.525,27.038,4.889,52.931
3218.625,91.962,78.86868959,74.12493375,2.525,27.581,4.759,54.378
3218.75,92.945,78.86672283,74.1278125,2.525,28.289,4.672,56.047
3218.875,93.927,78.86475612,74.13069125,2.528,28.835,4.628,57.292
3219,94.623,78.86278945,74.13357,2.53,29.32,4.646,58.056
3219.125,95.252,78.86082283,74.13644875,2.531,29.727,4.687,58.601
3219.25,95.82,78.85885627,74.1393275,2.532,30.477,4.803,58.58
3219.375,96.553,78.85688975,74.14220625,2.531,31.753,4.998,58.273
3219.5,97.236,78.85492328,74.145085,2.531,32.991,5.215,57.654
3219.625,97.885,78.85295686,74.14796375,2.532,33.979,5.475,56.781
3219.75,98.577,78.85099049,74.1508425,2.535,34.627,5.841,55.375
3219.875,99.608,78.84902417,74.15372125,2.538,34.705,6.218,53.992
3220,100.585,78.84705789,74.1566,2.541,34.741,6.353,53.121
3220.125,101.403,78.84509167,74.15947875,2.544,34.574,6.447,52.857
3220.25,101.855,78.84312549,74.1623575,2.546,34.225,6.436,54.207
3220.375,101.944,78.84115937,74.16523625,2.544,33.558,6.344,56.42
3220.5,100.775,78.83919329,74.168115,2.539,32.813,6.248,58.894
3220.625,99.393,78.83722726,74.17099375,2.533,32.001,6.132,60.796
3220.75,97.329,78.83526128,74.1738725,2.524,31.436,5.953,60.868
3220.875,94.18,78.83329535,74.17675125,2.518,30.8,5.728,59.521
3221,91.781,78.83132947,74.17963,2.516,30.016,5.567,58.184
3221.125,89.915,78.82936364,74.18250875,2.517,28.905,5.415,57.415
3221.25,89.118,78.82739786,74.1853875,2.521,27.815,5.305,58.068
3221.375,88.838,78.82543213,74.18826625,2.526,27.282,5.291,59.146
3221.5,88.978,78.82346644,74.191145,2.528,26.922,5.392,59.043
3221.625,89.046,78.8215008,74.19402375,2.529,27.124,5.513,58.259
3221.75,88.914,78.81953522,74.1969025,2.53,27.534,5.672,56.165
3221.875,88.572,78.81756968,74.19978125,2.531,27.762,5.794,54.364
3222,88.649,78.81560419,74.20266,2.532,27.944,5.802,53.673
3222.125,88.937,78.81363875,74.20553875,2.534,28.053,5.806,53.405
3222.25,89.817,78.81167336,74.2084175,2.536,28.216,5.812,54.008
3222.375,91.456,78.80970802,74.21129625,2.536,28.402,5.856,54.644
3222.5,92.97,78.80774273,74.214175,2.536,28.592,5.94,55.115
3222.625,94.219,78.80577748,74.21705375,2.535,28.799,6.04,55.603
3222.75,94.979,78.80381229,74.2199325,2.534,29.002,6.176,56.094
3222.875,95.632,78.80184714,74.22281125,2.533,29.381,6.31,56.459
3223,95.945,78.79988205,74.22569,2.532,29.816,6.387,56.593
3223.125,96.195,78.797917,74.22856875,2.531,30.519,6.476,56.571
3223.25,96.318,78.795952,74.2314475,2.53,31.424,6.601,56.185
3223.375,96.351,78.79398705,74.23432625,2.529,32.24,6.743,55.703
3223.5,96.147,78.79202215,74.237205,2.528,33.002,6.809,55.076
3223.625,95.954,78.7900573,74.24008375,2.528,33.455,6.853,54.382
3223.75,95.836,78.7880925,74.2429625,2.527,33.539,6.837,53.654
3223.875,95.931,78.78612774,74.24584125,2.524,33.176,6.764,53.202
3224,96.47,78.78416304,74.24872,2.521,32.821,6.703,52.913
3224.125,96.988,78.78219838,74.25159875,2.518,32.704,6.658,52.563
3224.25,97.434,78.78023378,74.2544775,2.514,32.984,6.665,52.033
3224.375,97.762,78.77826922,74.25735625,2.512,33.648,6.749,51.37
3224.5,97.703,78.77630471,74.260235,2.511,34.239,6.896,50.394
3224.625,97.657,78.77434025,74.26311375,2.51,34.354,7.079,49.506
3224.75,97.716,78.77237584,74.2659925,2.509,34.03,7.352,49.087
3224.875,98.028,78.77041148,74.26887125,2.507,33.43,7.648,49.322
3225,98.334,78.76844717,74.27175,2.506,32.858,7.797,49.968
3225.125,98.485,78.7664829,74.27462875,2.505,32.341,7.924,50.607
3225.25,98.193,78.76451869,74.2775075,2.504,31.679,7.977,51.106
3225.375,97.294,78.76255452,74.28038625,2.504,30.646,7.921,51.355
3225.5,96.095,78.76059041,74.283265,2.503,29.605,7.766,51.783
3225.625,95.062,78.75862634,74.28614375,2.503,28.928,7.576,52.346
3225.75,94.346,78.75666232,74.2890225,2.503,28.782,7.3,53.06
3225.875,93.702,78.75469835,74.29190125,2.503,29.079,7.014,53.376
3226,93.081,78.75273443,74.29478,2.505,29.355,6.855,52.441
3226.125,92.388,78.75077056,74.29765875,2.506,29.197,6.687,51.128
3226.25,91.37,78.74880673,74.3005375,2.508,28.538,6.487,49.417
3226.375,89.706,78.74684296,74.30341625,2.509,27.432,6.279,48.661
3226.5,88.398,78.74487923,74.306295,2.508,26.34,6.158,49.309
3226.625,87.406,78.74291556,74.30917375,2.508,25.522,6.039,50.184
3226.75,87.113,78.74095193,74.3120525,2.508,25.162,5.922,51.254
3226.875,87.363,78.73898835,74.31493125,2.509,25.675,5.817,51.804
3227,88.312,78.73702482,74.31781,2.51,26.34,5.729,52.508
3227.125,89.235,78.73506134,74.32068875,2.511,27.407,5.611,53.467
3227.25,90.147,78.73309791,74.3235675,2.511,28.508,5.407,54.851
3227.375,91.188,78.73113453,74.32644625,2.51,29.686,5.147,55.943
3227.5,91.795,78.7291712,74.329325,2.508,30.764,4.97,56.739
3227.625,92.302,78.72720791,74.33220375,2.506,31.304,4.794,57.324
3227.75,92.69,78.72524468,74.3350825,2.504,31.309,4.628,57.217
3227.875,93.24,78.72328149,74.33796125,2.503,31.146,4.52,56.436
3228,93.758,78.72131836,74.34084,2.504,31.039,4.539,54.859
3228.125,94.201,78.71935527,74.34371875,2.506,31.127,4.594,53.302
3228.25,94.512,78.71739223,74.3465975,2.511,31.219,4.755,52.195
3228.375,94.814,78.71542924,74.34947625,2.517,30.844,5.009,51.964
3228.5,94.977,78.7134663,74.352355,2.519,30.372,5.283,51.75
3228.625,95.122,78.7115034,74.35523375,2.522,29.711,5.632,51.26
3228.75,95.286,78.70954056,74.3581125,2.524,29.251,6.196,50.217
3228.875,95.634,78.70757776,74.36099125,2.523,29.3,6.903,49.295
3229,96.246,78.70561502,74.36387,2.519,29.4,7.47,48.989
3229.125,96.816,78.70365232,74.36674875,2.514,29.699,8.092,48.961
3229.25,97.243,78.70168967,74.3696275,2.507,30.159,8.836,49.508
3229.375,97.383,78.69972707,74.37250625,2.504,30.526,9.482,50.073
3229.5,96.302,78.69776452,74.375385,2.504,30.79,9.572,50.382
3229.625,95.048,78.69580202,74.37826375,2.506,30.496,9.521,50.645
3229.75,93.307,78.69383957,74.3811425,2.51,29.566,9.09,50.904
3229.875,90.927,78.69187717,74.38402125,2.514,28.706,8.38,51.464
3230,89.735,78.68991481,74.3869,2.516,28.007,7.808,53.265
3230.125,89.01,78.68795251,74.38977875,2.52,28.032,7.202,55.388
3230.25,89.287,78.68599025,74.3926575,2.527,28.6,6.505,57.688
3230.375,90.237,78.68402805,74.39553625,2.534,29.37,5.851,58.838
3230.5,91.128,78.68206589,74.398415,2.538,30.019,5.542,59.19
3230.625,91.839,78.68010378,74.40129375,2.541,30.202,5.248,59.561
3230.75,92.238,78.67814172,74.4041725,2.543,30.226,4.993,59.969
3230.875,92.652,78.67617971,74.40705125,2.541,30.705,4.819,60.207
3231,93.147,78.67421774,74.40993,2.537,31.302,4.812,59.551
3231.125,93.629,78.67225583,74.41280875,2.532,32.224,4.846,58.536
3231.25,94.135,78.67029396,74.4156875,2.524,33.127,4.996,56.945
3231.375,94.808,78.66833215,74.41856625,2.518,33.183,5.253,55.716
3231.5,95.411,78.66637038,74.421445,2.515,33.039,5.544,54.215
3231.625,95.965,78.66440866,74.42432375,2.512,32.411,5.902,52.434
3231.75,96.507,78.66244699,74.4272025,2.507,31.876,6.444,50.354
3231.875,97.291,78.66048537,74.43008125,2.501,32.205,7.05,49.085
3232,98,78.6585238,74.43296,2.497,32.698,7.371,49.213
3232.125,98.59,78.65656228,74.43583875,2.494,33.309,7.639,49.78
3232.25,98.951,78.65460081,74.4387175,2.493,33.294,7.742,51.157
3232.375,99.247,78.65263938,74.44159625,2.493,32.806,7.63,52.417
3232.5,99.51,78.650678,74.444475,2.493,32.409,7.392,54.203
3232.625,99.762,78.64871668,74.44735375,2.493,32.516,7.115,56.234
3232.75,99.9,78.6467554,74.4502325,2.495,33.18,6.737,58.386
3232.875,99.63,78.64479417,74.45311125,2.498,33.889,6.34,59.534
3233,98.101,78.64283299,74.45599,2.501,34.387,6.089,59.456
3233.125,96.511,78.64087186,74.45886875,2.503,33.97,5.837,59.157
3233.25,94.761,78.63891078,74.4617475,2.504,33.013,5.591,58.583
3233.375,92.843,78.63694974,74.46462625,2.505,31.989,5.439,58.338
3233.5,92.348,78.63498876,74.467505,2.505,30.994,5.526,57.931
3233.625,92.13,78.63302782,74.47038375,2.506,30.166,5.703,57.149
3233.75,92.415,78.63106694,74.4732625,2.508,29.566,6.136,55.527
3233.875,92.838,78.6291061,74.47614125,2.509,29.367,6.754,53.787
3234,92.809,78.62714531,74.47902,2.51,29.222,7.284,51.621
3234.125,92.617,78.62518457,74.48189875,2.511,29.067,7.895,49.323
3234.25,91.949,78.62322388,74.4847775,2.511,28.661,8.747,47.1
3234.375,90.604,78.62126324,74.48765625,2.511,27.627,9.741,45.722
3234.5,89.173,78.61930264,74.490535,2.512,26.527,10.465,44.967
3234.625,88.029,78.6173421,74.49341375,2.512,25.5,11.215,44.451
3234.75,87.618,78.6153816,74.4962925,2.514,24.977,11.956,44.57
3234.875,88.062,78.61342116,74.49917125,2.515,25.821,12.321,45.054
3235,89.902,78.61146076,74.50205,2.514,26.925,11.815,46.119
3235.125,91.747,78.60950041,74.50492875,2.512,28.683,11.066,47.531
3235.25,93.734,78.60754011,74.5078075,2.511,30.721,9.731,49.61
3235.375,96.218,78.60557986,74.51068625,2.51,31.4,8.247,51.603
3235.5,97.887,78.60361966,74.513565,2.512,31.765,7.498,54.391
3235.625,99.255,78.6016595,74.51644375,2.515,31.35,6.781,57.478
3235.75,100.094,78.5996994,74.5193225,2.519,30.9,6.131,60.626
3235.875,100.836,78.59773934,74.52220125,2.522,30.96,5.621,62.343
3236,100.595,78.59577934,74.52508,2.522,31.158,5.45,61.885
3236.125,100.061,78.59381938,74.52795875,2.521,31.532,5.307,60.532
3236.25,98.679,78.59185947,74.5308375,2.517,31.395,5.241,57.454
3236.375,96.141,78.58989961,74.53371625,2.513,29.977,5.27,54.681
3236.5,94.005,78.5879398,74.536595,2.511,28.558,5.427,52.866
3236.625,92.467,78.58598004,74.53947375,2.51,27.35,5.669,51.6
3236.75,92.416,78.58402032,74.5423525,2.508,26.661,6.166,51.78
3236.875,93.972,78.58206066,74.54523125,2.506,27.407,6.881,52.724
3237,97.195,78.58010104,74.54811,2.505,28.502,7.592,53.68
3237.125,100.173,78.57814148,74.55098875,2.504,30.859,8.448,54.254
3237.25,102.62,78.57618196,74.5538675,2.504,33.457,9.697,53.682
3237.375,104.646,78.57422249,74.55674625,2.505,34.257,11.079,52.248
3237.5,103.725,78.57226307,74.559625,2.507,34.52,11.905,49.822
3237.625,102.348,78.5703037,74.56250375,2.508,33.195,12.723,47.327
3237.75,99.91,78.56834438,74.5653825,2.507,31.339,13.494,45.246
3237.875,96.505,78.5663851,74.56826125,2.505,29.758,14.01,44.501
3238,94.546,78.56442588,74.57114,2.503,28.381,13.932,45.178
3238.125,93.138,78.5624667,74.57401875,2.502,27.663,13.71,46.279
3238.25,92.799,78.56050757,74.5768975,2.502,27.376,13.113,48.097
3238.375,92.926,78.5585485,74.57977625,2.504,27.622,12.308,49.582
3238.5,93.366,78.55658947,74.582655,2.508,27.877,11.761,50.579
3238.625,93.752,78.55463049,74.58553375,2.515,27.897,11.189,51.31
3238.75,94.001,78.55267155,74.5884125,2.53,27.478,10.526,51.341
3238.875,94.095,78.55071267,74.59129125,2.545,26.772,9.847,51.019
3239,93.734,78.54875384,74.59417,2.552,26.104,9.356,50.796
3239.125,93.347,78.54679505,74.59704875,2.552,25.697,8.8,50.736
3239.25,92.93,78.54483632,74.5999275,2.541,25.574,8.062,51.118
3239.375,92.595,78.54287763,74.60280625,2.524,25.839,7.285,51.803
3239.5,93.039,78.54091899,74.605685,2.516,26.191,6.869,53.222
3239.625,93.617,78.5389604,74.60856375,2.512,26.915,6.475,54.774
3239.75,94.502,78.53700186,74.6114425,2.514,27.952,6.14,56.191
3239.875,95.616,78.53504337,74.61432125,2.521,29.23,5.936,56.56
3240,95.77,78.53308492,74.6172,2.523,30.44,5.949,55.151
3240.125,95.669,78.53112653,74.62007875,2.522,31.091,5.99,53.133
3240.25,95.015,78.52916818,74.6229575,2.512,31.012,6.104,50.153
3240.375,93.979,78.52720989,74.62583625,2.497,30.138,6.25,47.866
3240.5,93.331,78.52525164,74.628715,2.487,29.254,6.368,46.794
3240.625,92.839,78.52329344,74.63159375,2.478,28.64,6.515,46.476
3240.75,92.647,78.52133529,74.6344725,2.468,28.44,6.743,48.021
3240.875,92.608,78.51937719,74.63735125,2.46,28.725,7.018,50.292
3241,93.09,78.51741914,74.64023,2.455,29.089,7.184,52.656
3241.125,93.617,78.51546113,74.64310875,2.452,29.558,7.333,54.633
3241.25,94.18,78.51350318,74.6459875,2.453,29.957,7.426,55.292
3241.375,94.561,78.51154527,74.64886625,2.461,30.184,7.421,54.734
3241.5,93.633,78.50958741,74.651745,2.471,30.311,7.329,53.2
3241.625,92.539,78.50762961,74.65462375,2.484,29.835,7.233,51.518
3241.75,91.087,78.50567185,74.6575025,2.509,28.794,7.157,49.879
3241.875,89.413,78.50371414,74.66038125,2.534,27.75,7.192,49.059
3242,89.491,78.50175647,74.66326,2.548,26.844,7.441,49.044
3242.125,89.999,78.49979886,74.66613875,2.556,26.606,7.819,49.239
3242.25,91.48,78.4978413,74.6690175,2.556,27.014,8.569,49.772
3242.375,93.735,78.49588378,74.67189625,2.548,27.788,9.591,50.046
3242.5,94.649,78.49392631,74.674775,2.54,28.458,10.355,49.454
3242.625,95.037,78.4919689,74.67765375,2.533,28.458,11.127,48.573
3242.75,94.259,78.49001153,74.6805325,2.525,27.689,11.887,47.287
3242.875,92.604,78.48805421,74.68341125,2.522,26.471,12.403,46.472
3243,91.379,78.48609694,74.68629,2.521,25.309,12.422,46.459
3243.125,90.474,78.48413971,74.68916875,2.522,24.574,12.38,46.634
3243.25,90.18,78.48218254,74.6920475,2.525,24.466,12.187,47.076
3243.375,90.092,78.48022541,74.69492625,2.529,25.162,11.908,47.251
3243.5,89.978,78.47826834,74.697805,2.532,25.85,11.652,47.067
3243.625,89.857,78.47631131,74.70068375,2.535,26.144,11.358,46.875
3243.75,89.776,78.47435433,74.7035625,2.535,25.826,10.969,46.771
3243.875,89.892,78.4723974,74.70644125,2.529,25.473,10.593,46.902
3244,90.376,78.47044052,74.70932,2.522,25.291,10.472,47.088
3244.125,90.829,78.46848369,74.71219875,2.515,25.827,10.397,47.199
3244.25,91.202,78.46652691,74.7150775,2.508,26.809,10.448,47.164
3244.375,91.49,78.46457017,74.71795625,2.509,27.076,10.611,47.239
3244.5,91.443,78.46261348,74.720835,2.515,27.089,10.801,47.782
3244.625,91.35,78.46065685,74.72371375,2.522,26.452,11.024,48.261
3244.75,91.112,78.45870026,74.7265925,2.531,25.766,11.329,48.305
3244.875,90.623,78.45674372,74.72947125,2.533,25.384,11.638,47.648
3245,89.917,78.45478723,74.73235,2.53,25.092,11.717,46.361
3245.125,89.267,78.45283079,74.73522875,2.523,25.112,11.715,45.219
3245.25,88.707,78.45087439,74.7381075,2.509,25.285,11.479,44.772
3245.375,88.138,78.44891805,74.74098625,2.493,25.549,11.023,45.197
3245.5,88.023,78.44696175,74.743865,2.482,25.81,10.575,46.136
3245.625,88.028,78.44500551,74.74674375,2.473,26.103,10.058,47.059
3245.75,88.312,78.44304931,74.7496225,2.464,26.525,9.347,47.786
3245.875,88.841,78.44109316,74.75250125,2.462,27.354,8.569,48.197
3246,89.239,78.43913706,74.75538,2.466,28.203,8.061,49.155
3246.125,89.578,78.43718101,74.75825875,2.476,28.836,7.525,50.664
3246.25,89.914,78.43522501,74.7611375,2.497,28.948,6.917,53.355
3246.375,90.611,78.43326905,74.76401625,2.52,28.823,6.371,56.133
3246.5,91.729,78.43131315,74.766895,2.532,28.845,6.155,59.051
3246.625,92.792,78.42935729,74.76977375,2.538,29.697,5.976,61.615
3246.75,93.856,78.42740148,74.7726525,2.541,31.041,5.891,62.798
3246.875,95.297,78.42544572,74.77553125,2.539,31.75,5.904,62.483
3247,96.939,78.42349001,74.77841,2.54,32.278,5.993,61.547
3247.125,98.452,78.42153435,74.78128875,2.542,32.454,6.11,60.645
3247.25,99.67,78.41957874,74.7841675,2.55,32.744,6.309,59.905
3247.375,100.571,78.41762318,74.78704625,2.557,32.354,6.569,59.271
3247.5,99.732,78.41566766,74.789925,2.559,31.718,6.796,58.122
3247.625,98.681,78.41371219,74.79280375,2.557,30.327,7.048,56.921
3247.75,97.131,78.41175678,74.7956825,2.546,28.879,7.352,55.899
3247.875,95.089,78.40980141,74.79856125,2.528,28.094,7.613,55.497
3248,93.88,78.40784609,74.80144,2.513,27.383,7.652,55.2
3248.125,92.998,78.40589082,74.80431875,2.498,26.955,7.649,54.736
3248.25,92.878,78.40393559,74.8071975,2.476,26.813,7.533,53.92
3248.375,93.531,78.40198042,74.81007625,2.457,27.569,7.341,53.154
3248.5,95.644,78.4000253,74.812955,2.449,28.505,7.169,53.168
3248.625,97.824,78.39807022,74.81583375,2.447,30.013,6.971,53.874
3248.75,100.287,78.39611519,74.8187125,2.456,31.344,6.698,56.169
3248.875,103.279,78.39416021,74.82159125,2.477,31.937,6.402,58.799
3249,104.245,78.39220528,74.82447,2.495,32.475,6.229,61.452
3249.125,104.606,78.3902504,74.82734875,2.512,32.995,6.057,63.823
3249.25,103.597,78.38829557,74.8302275,2.532,33.665,5.889,65.079
3249.375,101.413,78.38634079,74.83310625,2.542,33.638,5.753,65.006
3249.5,99.01,78.38438605,74.835985,2.542,33.337,5.693,63.481
3249.625,96.885,78.38243136,74.83886375,2.539,32.118,5.637,61.517
3249.75,95.197,78.38047673,74.8417425,2.528,30.498,5.594,58.955
3249.875,93.381,78.37852214,74.84462125,2.516,29.481,5.589,57.12
3250,92.691,78.3765676,74.8475,2.51,28.707,5.658,55.823
3250.125,92.4,78.37461311,74.85037875,2.507,28.675,5.765,54.659
3250.25,93.233,78.37265866,74.8532575,2.511,28.962,5.969,54.048
3250.375,95.671,78.37070427,74.85613625,2.521,29.599,6.224,54.283
3250.5,99.708,78.36874993,74.859015,2.53,30.29,6.373,56.362
3250.625,103.431,78.36679563,74.86189375,2.538,31.336,6.511,58.937
3250.75,106.489,78.36484138,74.8647725,2.546,32.882,6.613,61.899
3250.875,109.082,78.36288718,74.86765125,2.551,34.598,6.646,63.292
3251,108.408,78.36093303,74.87053,2.553,36.138,6.568,62.471
3251.125,107.253,78.35897893,74.87340875,2.553,36.719,6.439,61.059
3251.25,105.013,78.35702488,74.8762875,2.55,36.282,6.161,58.703
3251.375,101.806,78.35507087,74.87916625,2.542,34.363,5.771,56.908
3251.5,99.68,78.35311692,74.882045,2.536,32.313,5.48,55.683
3251.625,98.072,78.35116301,74.88492375,2.532,30.272,5.181,54.771
3251.75,97.492,78.34920915,74.8878025,2.528,28.904,4.865,54.791
3251.875,97.416,78.34725535,74.89068125,2.528,28.937,4.605,55.539
3252,97.874,78.34530159,74.89356,2.53,29.233,4.524,56.91
3252.125,98.363,78.34334787,74.89643875,2.533,30.152,4.466,58.283
3252.25,99.047,78.34139421,74.8993175,2.537,31.104,4.473,59.328
3252.375,100.25,78.3394406,74.90219625,2.535,32.174,4.555,59.6
3252.5,101.593,78.33748703,74.905075,2.527,33.316,4.712,58.791
3252.625,102.697,78.33553351,74.90795375,2.515,34.314,4.929,57.484
3252.75,103.168,78.33358005,74.9108325,2.495,34.579,5.323,55.232
3252.875,102.839,78.33162663,74.91371125,2.483,33.413,5.855,53.169
3253,100.876,78.32967326,74.91659,2.481,32.043,6.305,50.895
3253.125,98.838,78.32771993,74.91946875,2.484,30.228,6.802,48.562
3253.25,96.51,78.32576666,74.9223475,2.487,28.723,7.411,46.568
3253.375,93.625,78.32381344,74.92522625,2.487,28.221,7.954,45.792
3253.5,92.235,78.32186026,74.928105,2.485,27.916,8.026,46.775
3253.625,91.302,78.31990713,74.93098375,2.483,28.238,7.974,48.29
3253.75,91.25,78.31795406,74.9338625,2.479,28.828,7.59,50.566
3253.875,91.578,78.31600103,74.93674125,2.475,29.182,6.974,52.032
3254,91.961,78.31404805,74.93962,2.472,29.37,6.483,52.585
3254.125,92.318,78.31209511,74.94249875,2.47,29.148,5.959,53.104
3254.25,92.724,78.31014223,74.9453775,2.471,29.012,5.356,53.65
3254.375,93.461,78.30818939,74.94825625,2.476,29.375,4.815,54.324
3254.5,94.217,78.30623661,74.951135,2.484,29.778,4.592,55.04
3254.625,94.769,78.30428387,74.95401375,2.493,30.119,4.394,55.54
3254.75,94.756,78.30233118,74.9568925,2.508,30.146,4.257,55.348
3254.875,93.995,78.30037854,74.95977125,2.522,29.447,4.198,54.565
3255,92.561,78.29842595,74.96265,2.529,28.718,4.235,52.87
3255.125,91.307,78.29647341,74.96552875,2.534,28.041,4.299,50.872
3255.25,90.489,78.29452091,74.9684075,2.537,27.701,4.441,48.55
3255.375,90.106,78.29256847,74.97128625,2.538,28.54,4.647,46.976
3255.5,90.94,78.29061607,74.974165,2.537,29.734,4.852,46.43
3255.625,91.88,78.28866372,74.97704375,2.536,31.374,5.096,46.362
3255.75,93.075,78.28671143,74.9799225,2.53,32.167,5.444,47.352
3255.875,94.524,78.28475918,74.98280125,2.522,31.761,5.818,48.479
3256,94.867,78.28280697,74.98568,2.516,31.405,5.988,49.155
3256.125,94.893,78.28085482,74.98855875,2.509,31.695,6.116,49.629
3256.25,94.229,78.27890272,74.9914375,2.502,32.827,6.116,49.673
3256.375,93.075,78.27695066,74.99431625,2.5,33.457,5.973,49.704
3256.5,92.383,78.27499865,74.997195,2.502,33.697,5.774,50.188
3256.625,91.897,78.27304669,75.00007375,2.505,32.771,5.546,50.767
3256.75,91.776,78.27109478,75.0029525,2.511,31.646,5.236,51.386
3256.875,91.706,78.26914292,75.00583125,2.515,31.391,4.897,51.673
3257,91.771,78.26719111,75.00871,2.517,31.295,4.661,51.742
3257.125,91.966,78.26523935,75.01158875,2.519,31.552,4.405,51.845
3257.25,92.595,78.26328763,75.0144675,2.524,31.742,4.097,52.07
3257.375,93.932,78.26133597,75.01734625,2.53,32.065,3.803,52.405
3257.5,95.191,78.25938435,75.020225,2.534,32.574,3.696,52.844
3257.625,96.113,78.25743278,75.02310375,2.536,33.647,3.62,53.172
3257.75,96.222,78.25548126,75.0259825,2.536,34.44,3.632,53.064
3257.875,95.549,78.25352979,75.02886125,2.534,33.39,3.742,52.409
3258,94.892,78.25157836,75.03174,2.534,32.156,3.922,50.489
3258.125,94.761,78.24962699,75.03461875,2.534,31.051,4.161,48.255
3258.25,96.337,78.24767566,75.0374975,2.538,30.97,4.585,45.899
3258.375,100.669,78.24572439,75.04037625,2.543,32.532,5.177,44.862
3258.5,106.521,78.24377316,75.043255,2.546,34.227,5.798,45.676
3258.625,111.482,78.24182198,75.04613375,2.549,35.989,6.572,46.911
3259.125,110.957,78.23401775,75.05764875,2.548,39.658,10.194,51.767
3259.25,110.188,78.23206681,75.0605275,2.553,39.06,9.925,53.779
3259.375,111.809,78.23011592,75.06340625,2.56,38.838,9.082,55.884
3261.125,110.096,78.2028086,75.10370875,2.516,37.184,4.536,62.57
3261.25,103.981,78.20085844,75.1065875,2.518,33.384,4.114,62.26
3261.375,96.078,78.19890833,75.10946625,2.521,30.995,3.651,60.751
3261.5,90.893,78.19695827,75.112345,2.522,29.01,3.364,58.844
3261.625,86.951,78.19500826,75.11522375,2.522,28.139,3.077,57.265
3261.75,85.591,78.19305829,75.1181025,2.521,27.649,2.793,56.936
3261.875,85.852,78.19110838,75.12098125,2.519,27.664,2.574,58.036
3262,87.574,78.18915851,75.12386,2.518,27.783,2.526,60.812
3262.125,88.988,78.1872087,75.12673875,2.518,28.111,2.499,63.635
3262.25,89.598,78.18525893,75.1296175,2.519,28.252,2.523,65.752
3262.375,89.367,78.18330921,75.13249625,2.52,28.095,2.575,66.022
3262.5,88.488,78.18135953,75.135375,2.521,27.957,2.609,64.671
3262.625,87.808,78.17940991,75.13825375,2.523,27.994,2.644,63.064
3262.75,87.573,78.17746034,75.1411325,2.527,28.281,2.687,61.223
3262.875,87.599,78.17551081,75.14401125,2.531,28.5,2.746,59.957
3263,87.411,78.17356133,75.14689,2.532,28.529,2.815,58.783
3263.125,87.229,78.1716119,75.14976875,2.532,28.5,2.893,57.849
3263.25,87.1,78.16966252,75.1526475,2.53,28.073,2.986,57.861
3263.375,86.762,78.16771319,75.15552625,2.529,27.325,3.053,59.007
3263.5,87.092,78.16576391,75.158405,2.529,26.667,3.032,61.776
3263.625,87.66,78.16381467,75.16128375,2.53,26.516,2.991,64.82
3263.75,88.576,78.16186549,75.1641625,2.532,26.867,2.904,67.792
3263.875,89.384,78.15991635,75.16704125,2.532,27.528,2.803,69.291
3264,89.55,78.15796726,75.16992,2.53,28.18,2.751,69.84
3264.125,89.627,78.15601822,75.17279875,2.528,28.862,2.7,70.309
3264.25,89.695,78.15406923,75.1756775,2.524,29.863,2.647,70.586
3264.375,90.094,78.15212029,75.17855625,2.522,31.183,2.594,70.681
3264.5,91.687,78.15017139,75.181435,2.522,32.423,2.552,70.175
3264.625,93.263,78.14822255,75.18431375,2.523,33.022,2.504,69.409
3264.75,94.643,78.14627375,75.1871925,2.526,32.94,2.445,68.268
3264.875,95.89,78.144325,75.19007125,2.529,33.221,2.396,67.568
3265,97.366,78.1423763,75.19295,2.53,33.716,2.395,67.8
3265.125,98.575,78.14042765,75.19582875,2.53,34.699,2.407,68.267
3265.25,99.136,78.13847905,75.1987075,2.529,35.576,2.45,69.008
3265.375,99.485,78.13653049,75.20158625,2.528,35.882,2.515,69.228
3265.5,101.552,78.13458199,75.204465,2.527,36.108,2.565,68.535
3265.625,104.051,78.13263353,75.20734375,2.525,36.32,2.623,67.732
3265.75,107.218,78.13068512,75.2102225,2.52,36.863,2.709,66.968
3265.875,110.473,78.12873676,75.21310125,2.515,37.127,2.827,66.773
3266.375,109.312,78.12094381,75.22461625,2.511,32.929,3.997,64.652
3266.5,103.801,78.1189957,75.227495,2.512,31.127,4.353,63.526
3266.625,98.718,78.11704763,75.23037375,2.512,29.903,4.732,62.129
3266.75,95.009,78.11509961,75.2332525,2.51,29.29,5.16,60.148
3266.875,92.072,78.11315164,75.23613125,2.507,29.133,5.522,58.094
3267,89.441,78.11120371,75.23901,2.507,28.992,5.638,55.803
3267.125,87.409,78.10925584,75.24188875,2.507,28.856,5.741,54.002
3267.25,86.766,78.10730801,75.2447675,2.508,28.727,5.826,53.977
3267.375,86.73,78.10536024,75.24764625,2.509,28.992,5.92,55.746
3267.5,87.431,78.10341251,75.250525,2.51,29.414,6.032,58.7
3267.625,88.149,78.10146483,75.25340375,2.511,30.173,6.168,61.235
3267.75,88.82,78.0995172,75.2562825,2.512,30.725,6.363,62.027
3267.875,89.429,78.09756962,75.25916125,2.514,30.202,6.561,60.794
3268,90.167,78.09562208,75.26204,2.516,29.469,6.664,57.59
3268.125,90.791,78.0936746,75.26491875,2.519,28.471,6.786,53.994
3268.25,91.103,78.09172716,75.2677975,2.525,27.681,6.979,50.232
3268.375,91.204,78.08977977,75.27067625,2.531,27.545,7.257,48.01
3268.5,90.92,78.08783243,75.273555,2.534,27.557,7.52,47.843
3268.625,90.639,78.08588514,75.27643375,2.535,27.97,7.787,48.505
3268.75,90.448,78.0839379,75.2793125,2.533,28.474,8.015,50.812
3268.875,90.42,78.08199071,75.28219125,2.531,29.074,8.017,52.927
3269,90.948,78.08004356,75.28507,2.529,29.659,7.593,54.051
3269.125,91.553,78.07809646,75.28794875,2.528,29.93,7.016,54.913
3269.25,92.298,78.07614942,75.2908275,2.526,29.669,6.069,55.381
3269.375,93.198,78.07420242,75.29370625,2.524,29.454,5.058,56.309
3269.5,95.237,78.07225546,75.296585,2.522,29.478,4.609,59.833
3269.625,97.19,78.07030856,75.29946375,2.52,30.501,4.211,64.19
3269.75,98.692,78.06836171,75.3023425,2.52,32.154,3.939,69.226
3269.875,99.696,78.0664149,75.30522125,2.521,32.78,3.824,71.513
3270,98.45,78.06446815,75.3081,2.523,32.964,3.901,68.115
3270.125,96.566,78.06252144,75.31097875,2.525,31.634,4.02,62.654
3270.25,93.53,78.06057478,75.3138575,2.529,29.436,4.257,53.854
3270.375,90.074,78.05862817,75.31673625,2.533,27.61,4.597,47.27
3270.5,85.63,78.0566816,75.319615,2.535,25.829,4.998,43.865
3271.125,84.985,78.04694952,75.33400875,2.531,26.597,11.417,48.38
3271.25,88.714,78.04500325,75.3368875,2.533,28.598,13.275,51.508
3271.375,92.857,78.04305702,75.33976625,2.534,30.852,14.468,53.425
3271.5,97.801,78.04111085,75.342645,2.535,32.684,14.141,53.941
3271.625,101.664,78.03916472,75.34552375,2.536,32.896,13.62,53.963
3271.75,102.926,78.03721865,75.3484025,2.539,32.134,12.695,52.933
3271.875,103.014,78.03527262,75.35128125,2.541,31.298,11.794,51.788
3272,102.025,78.03332664,75.35416,2.541,30.589,11.457,51.007
3272.125,100.936,78.0313807,75.35703875,2.542,30.281,11.185,50.633
3272.25,99.612,78.02943482,75.3599175,2.542,30.039,11.089,51.337
3272.375,97.899,78.02748899,75.36279625,2.542,29.351,11.19,52.57
3272.5,93.602,78.0255432,75.365675,2.542,28.562,11.488,53.391
3272.625,89.261,78.02359746,75.36855375,2.542,27.221,11.906,53.535
3272.75,85.156,78.02165177,75.3714325,2.539,25.356,12.684,51.928
3274.375,85.04,77.99636223,75.40885625,2.523,26.783,14.925,52.923
3274.5,85.834,77.99441722,75.411735,2.521,27.513,13.726,53.555
3274.625,86.595,77.99247226,75.41461375,2.52,27.648,12.656,53.835
3274.75,87.292,77.99052734,75.4174925,2.52,27.851,11.91,53.379
3274.875,88.052,77.98858248,75.42037125,2.521,28.579,11.584,52.823
3275,89.425,77.98663766,75.42325,2.521,29.403,11.856,51.688
3275.125,90.697,77.9846929,75.42612875,2.521,29.955,12.356,50.033
3275.25,91.616,77.98274818,75.4290075,2.52,29.5,13.562,47.317
3275.375,92.299,77.98080351,75.43188625,2.519,28.3,15.486,44.675
3283.125,95.64,77.86032859,75.61036875,2.531,28.377,14.944,52.084
3283.25,98.305,77.85838698,75.6132475,2.531,30.345,12.722,53.881
3283.375,100.065,77.85644541,75.61612625,2.53,31.019,10.88,54.592
3283.5,99.712,77.85450389,75.619005,2.529,31.5,10.082,55.068
3283.625,99.197,77.85256241,75.62188375,2.528,31.768,9.314,55.425
3283.75,98.788,77.85062099,75.6247625,2.526,32.482,8.613,55.388
3283.875,99.139,77.84867961,75.62764125,2.523,34.014,8.066,55.035
3284,101.646,77.84673829,75.63052,2.521,35.66,7.848,54.604
3284.125,103.995,77.84479701,75.63339875,2.519,37.227,7.633,54.109
3284.25,105.528,77.84285578,75.6362775,2.516,37.836,7.412,53.406
3284.375,106.087,77.8409146,75.63915625,2.514,35.7,7.197,52.483
3284.5,103.106,77.83897346,75.642035,2.514,32.105,7.063,51.147
3284.625,99.68,77.83703238,75.64491375,2.515,35.109,6.914,50.05
3284.75,95.905,77.83509134,75.6477925,2.517,34.431,6.722,49.936
3284.875,92.665,77.83315035,75.65067125,2.518,31.382,6.508,50.96
3285,91.758,77.83120941,75.65355,2.518,28.849,6.349,53.037
3285.125,91.846,77.82926852,75.65642875,2.518,28.153,6.167,55.109
3285.25,93.811,77.82732768,75.6593075,2.518,28.603,5.919,56.636
3285.375,96.212,77.82538688,75.66218625,2.518,29.721,5.659,56.914
3285.5,98.557,77.82344614,75.665065,2.52,30.59,5.526,56.063
3285.625,100.198,77.82150544,75.66794375,2.521,30.34,5.408,54.98
3285.75,100.194,77.81956479,75.6708225,2.523,29.307,5.336,53.587
3285.875,99.392,77.81762419,75.67370125,2.526,28.605,5.337,52.527
3286,97.562,77.81568363,75.67658,2.528,27.991,5.426,51.515
3286.125,96.028,77.81374313,75.67945875,2.531,27.554,5.554,50.554
3286.25,95.362,77.81180267,75.6823375,2.533,26.999,5.796,49.869
3286.375,95.302,77.80986227,75.68521625,2.534,26.507,6.13,49.573
3286.5,95.94,77.80792191,75.688095,2.533,26.163,6.438,49.199
3286.625,96.447,77.8059816,75.69097375,2.531,26.422,6.811,48.676
3286.75,96.534,77.80404133,75.6938525,2.528,27.046,7.375,47.861
3286.875,96.29,77.80210112,75.69673125,2.527,27.209,8.042,47.074
3287,95.89,77.80016095,75.69961,2.528,27.185,8.456,45.952
3287.125,95.675,77.79822084,75.70248875,2.529,26.709,8.818,44.776
3287.25,95.896,77.79628077,75.7053675,2.532,26.712,8.991,43.826
3287.375,96.369,77.79434075,75.70824625,2.534,27.021,8.83,43.79
3287.5,96.138,77.79240078,75.711125,2.535,27.197,8.412,45.506
3287.625,95.98,77.79046085,75.71400375,2.535,26.891,7.933,47.703
3287.75,96.141,77.78852098,75.7168825,2.534,26.405,7.318,50.411
3287.875,96.956,77.78658115,75.71976125,2.535,26.839,6.747,51.98
3288,98.329,77.78464137,75.72264,2.536,27.537,6.503,52.323
3288.125,99.587,77.78270164,75.72551875,2.537,29.031,6.28,52.426
3288.25,100.707,77.78076196,75.7283975,2.537,30.701,6.109,52.078
3288.375,102.078,77.77882232,75.73127625,2.537,30.995,6.023,51.739
3288.5,103.189,77.77688274,75.734155,2.536,30.928,6.074,51.072
3288.625,104.098,77.7749432,75.73703375,2.536,30.763,6.167,50.184
3288.75,104.493,77.77300371,75.7399125,2.535,30.196,6.375,48.963
3288.875,104.255,77.77106427,75.74279125,2.534,29.564,6.667,48.076
3289,102.561,77.76912488,75.74567,2.533,28.988,6.917,47.489
3289.125,100.786,77.76718554,75.74854875,2.532,28.564,7.196,46.923
3289.25,98.733,77.76524624,75.7514275,2.53,28.244,7.552,46.448
3289.375,96.202,77.763307,75.75430625,2.53,28.203,7.906,46.13
3289.5,95.205,77.7613678,75.757185,2.531,28.208,8.094,45.961
3289.625,94.762,77.75942865,75.76006375,2.533,28.337,8.287,45.926
3289.75,95.713,77.75748955,75.7629425,2.535,28.454,8.503,46.253
3289.875,98.253,77.75555049,75.76582125,2.536,28.79,8.724,46.776
3290,101.647,77.75361149,75.7687,2.538,29.323,8.874,47.495
3290.125,104.571,77.75167253,75.77157875,2.538,30.509,9.03,48.193
3290.25,106.363,77.74973362,75.7744575,2.538,31.865,9.18,48.695
3290.375,107.009,77.74779476,75.77733625,2.535,32.117,9.236,48.866
3290.5,104.873,77.74585595,75.780215,2.531,32.058,9.014,49.269
3290.625,102.611,77.74391719,75.78309375,2.528,31.135,8.652,49.916
3290.75,100.031,77.74197848,75.7859725,2.526,29.966,7.91,51.012
3290.875,97.04,77.74003981,75.78885125,2.529,28.972,6.961,51.954
3291,95.709,77.73810119,75.79173,2.534,28.027,6.353,52.904
3291.125,94.81,77.73616262,75.79460875,2.539,27.333,5.747,53.93
3291.25,94.745,77.7342241,75.7974875,2.544,26.972,5.155,54.985
3291.375,95.054,77.73228563,75.80036625,2.548,27.485,4.7,55.678
3291.5,95.536,77.7303472,75.803245,2.549,28.129,4.57,55.731
3291.625,95.996,77.72840883,75.80612375,2.551,29.409,4.477,55.406
3291.75,96.522,77.7264705,75.8090025,2.55,31.018,4.482,54.21
3291.875,97.416,77.72453222,75.81188125,2.549,31.858,4.59,52.768
3292,98.272,77.72259399,75.81476,2.548,32.433,4.796,50.764
3292.125,98.89,77.7206558,75.81763875,2.549,32.052,5.092,48.707
3292.25,98.846,77.71871767,75.8205175,2.553,30.977,5.665,47.04
3292.375,97.922,77.71677958,75.82339625,2.557,29.541,6.486,46.648
3292.5,96.503,77.71484154,75.826275,2.557,28.27,7.272,48.362
3292.625,95.593,77.71290355,75.82915375,2.556,27.735,8.193,50.761
3292.75,96.422,77.71096561,75.8320325,2.55,27.84,9.44,54.106
3292.875,100.279,77.70902772,75.83491125,2.543,28.958,10.634,56.297
3293,107.05,77.70708988,75.83779,2.538,30.341,10.929,56.52
3293.625,109.681,77.69740138,75.85218375,2.524,36.585,9.243,54.659
3293.75,107.124,77.69546382,75.8550625,2.525,34.504,8.855,56.706
3293.875,106.574,77.69352632,75.85794125,2.53,33.827,8.522,57.895
3294,108.664,77.69158886,75.86082,2.536,33.686,8.317,57.497
3294.125,110.417,77.68965145,75.86369875,2.543,35.058,8.095,56.993
3294.25,111.542,77.68771409,75.8665775,2.551,36.61,7.841,56.79
3298,110.749,77.6296157,75.95294,2.545,37.387,4.391,56.012
3298.125,107.609,77.62767984,75.95581875,2.538,35.33,4.234,56.061
3298.25,106.694,77.62574402,75.9586975,2.532,34.135,4.043,57.43
3298.375,106.977,77.62380825,75.96157625,2.532,34.186,3.897,59.084
3298.5,108.473,77.62187253,75.964455,2.534,34.515,3.9,60.413
3298.625,109.923,77.61993686,75.96733375,2.537,35.772,3.925,61.513
3298.75,111.525,77.61800124,75.9702125,2.536,37.404,3.989,62.006
3300,110.244,77.59864766,75.999,2.513,34.021,3.595,54.059
3300.125,104.234,77.59671257,76.00187875,2.516,31.48,3.627,50.575
3300.25,100.887,77.59477753,76.0047575,2.519,29.759,3.737,48.136
3300.375,98.652,77.59284253,76.00763625,2.519,29.6,3.957,47.329
3300.5,99.826,77.59090758,76.010515,2.519,29.694,4.241,47.354
3300.625,101.657,77.58897268,76.01339375,2.519,30.52,4.605,47.535
3300.75,105.491,77.58703783,76.0162725,2.521,31.662,5.186,48.062
3305,107.662,77.5212816,76.11415,2.54,29.541,5.909,45.479
3305.125,100.791,77.51934844,76.11702875,2.538,27.838,5.374,46.106
3305.25,96.415,77.51741533,76.1199075,2.538,26.681,4.747,48.246
3305.375,93.732,77.51548226,76.12278625,2.542,26.932,4.215,50.955
3305.5,96.842,77.51354924,76.125665,2.554,27.471,4.042,54.869
3305.625,100.846,77.51161627,76.12854375,2.569,29.733,3.907,58.717
3305.75,107.416,77.50968335,76.1314225,2.579,33.662,3.87,61.317
3306.75,107.327,77.49422171,76.1544525,2.537,29.302,4.109,50.664
3306.875,99.671,77.49228922,76.15733125,2.539,27.95,3.822,51.827
3307,96.664,77.49035678,76.16021,2.537,26.975,3.545,52.785
3307.125,94.659,77.48842439,76.16308875,2.53,27.081,3.242,53.583
3307.25,94.49,77.48649205,76.1659675,2.523,27.437,2.876,53.901
3307.375,94.894,77.48455975,76.16884625,2.517,27.421,2.525,53.898
3307.5,95.729,77.4826275,76.171725,2.513,27.344,2.351,54.145
3307.625,96.602,77.48069531,76.17460375,2.515,27.349,2.178,54.525
3307.75,97.656,77.47876315,76.1774825,2.52,27.795,2.001,55.096
3307.875,99.079,77.47683105,76.18036125,2.527,28.897,1.839,55.492
3308,100.009,77.474899,76.18324,2.535,30.078,1.765,56.138
3308.125,100.829,77.47296699,76.18611875,2.538,31.219,1.698,57.002
3308.25,101.636,77.47103503,76.1889975,2.536,31.967,1.65,58.158
3308.375,103.011,77.46910312,76.19187625,2.532,32.378,1.635,58.804
3308.5,103.97,77.46717126,76.194755,2.528,32.787,1.664,57.845
3308.625,104.48,77.46523945,76.19763375,2.526,33.071,1.708,56.304
3308.75,103.882,77.46330768,76.2005125,2.525,32.99,1.795,53.913
3308.875,102.202,77.46137597,76.20339125,2.525,32.049,1.914,52.382
3309,101.193,77.4594443,76.20627,2.525,30.993,2.022,52.279
3309.125,100.763,77.45751268,76.20914875,2.525,29.841,2.152,52.603
3309.25,101.733,77.4555811,76.2120275,2.526,29.138,2.351,53.707
3309.375,104.023,77.45364958,76.21490625,2.527,29.696,2.596,54.608
3309.5,105.843,77.4517181,76.217785,2.529,30.411,2.772,55.041
3309.625,107.095,77.44978667,76.22066375,2.529,31.266,2.952,55.286
3309.75,107.069,77.44785529,76.2235425,2.528,31.668,3.134,55.056
3309.875,106.046,77.44592396,76.22642125,2.528,31.378,3.271,54.562
3310,104.702,77.44399268,76.2293,2.527,31.014,3.309,53.586
3310.125,103.584,77.44206144,76.23217875,2.526,30.496,3.347,52.342
3310.25,102.869,77.44013026,76.2350575,2.526,29.997,3.401,50.596
3310.375,102.147,77.43819912,76.23793625,2.527,29.808,3.491,48.955
3310.5,101.389,77.43626803,76.240815,2.533,29.758,3.613,46.951
3310.625,100.697,77.43433698,76.24369375,2.541,30.207,3.77,44.953
3310.75,100.254,77.43240599,76.2465725,2.546,30.826,4.021,43.447
3310.875,100.363,77.43047504,76.24945125,2.55,31.211,4.306,43.163
3311,102.666,77.42854414,76.25233,2.55,31.564,4.455,44.4
3311.125,105.333,77.42661329,76.25520875,2.547,32.004,4.573,46.103
3311.25,109.154,77.42468249,76.2580875,2.545,32.781,4.585,48.602
3312.25,108.342,77.40923781,76.2811175,2.518,31.062,2.339,59.438
3312.375,103.461,77.40730744,76.28399625,2.522,29.804,2.11,59.455
3312.5,101.494,77.40537712,76.286875,2.533,28.859,2.023,60.889
3312.625,100.334,77.40344685,76.28975375,2.542,28.963,1.952,62.613
3312.75,100.779,77.40151662,76.2926325,2.545,29.702,1.929,64.413
3312.875,102.034,77.39958645,76.29551125,2.543,30.363,1.971,64.905
3313,103.125,77.39765632,76.29839,2.538,30.908,2.062,63.084
3313.125,104.142,77.39572624,76.30126875,2.534,31.144,2.183,60.646
3313.25,105.44,77.39379621,76.3041475,2.534,31.51,2.383,57.481
3313.375,108.25,77.39186622,76.30702625,2.537,32.971,2.628,55.601
3314.625,109.816,77.37256903,76.33581375,2.543,34.216,2.585,58.235
3314.75,104.807,77.37063958,76.3386925,2.543,33.668,2.515,55.282
3314.875,100.266,77.36871017,76.34157125,2.542,32.455,2.483,53.8
3315,100.983,77.36678081,76.34445,2.538,31.232,2.502,52.564
3315.125,102.468,77.3648515,76.34732875,2.532,30.421,2.521,51.121
3315.25,105.37,77.36292224,76.3502075,2.528,30.509,2.524,49.534
3315.375,108.646,77.36099303,76.35308625,2.525,31.591,2.472,48.834
3315.5,108.779,77.35906386,76.355965,2.523,32.608,2.35,50.768
3315.625,108.419,77.35713474,76.35884375,2.524,33.038,2.196,53.954
3315.75,107.249,77.35520567,76.3617225,2.527,32.85,1.956,59.398
3315.875,106.153,77.35327665,76.36460125,2.529,32.939,1.685,64.045
3316,106.733,77.35134768,76.36748,2.533,33.243,1.536,67.599
3316.125,107.477,77.34941875,76.37035875,2.535,34.153,1.39,70.593
3316.25,108.517,77.34748988,76.3732375,2.535,35.132,1.249,71.855
3316.375,109.66,77.34556105,76.37611625,2.534,35.522,1.136,71.667
3316.5,109.822,77.34363227,76.378995,2.532,35.744,1.109,70.225
3316.625,109.709,77.34170353,76.38187375,2.53,35.412,1.096,68.13
3316.75,108.828,77.33977485,76.3847525,2.528,34.771,1.125,64.642
3316.875,106.861,77.33784621,76.38763125,2.527,33.545,1.196,60.972
3317,104.144,77.33591762,76.39051,2.527,32.218,1.287,56.013
3317.125,101.703,77.33398908,76.39338875,2.529,30.734,1.403,50.82
3317.25,99.858,77.33206059,76.3962675,2.532,29.434,1.6,46.099
3317.375,98.451,77.33013215,76.39914625,2.536,28.839,1.866,43.676
3317.5,99.099,77.32820375,76.402025,2.54,28.32,2.108,43.027
3317.625,99.947,77.3262754,76.40490375,2.541,27.998,2.401,42.825
3317.75,101.1,77.3243471,76.4077825,2.54,27.758,2.843,43.584
3317.875,102.113,77.32241885,76.41066125,2.541,27.71,3.366,44.517
3318,101.102,77.32049065,76.41354,2.542,27.662,3.672,45.275
3318.125,99.696,77.31856249,76.41641875,2.545,27.397,3.938,45.893
3318.25,97.239,77.31663438,76.4192975,2.546,26.697,4.078,46.16
3318.375,93.524,77.31470633,76.42217625,2.547,25.461,4.056,46.322
3320.625,93.656,77.28000947,76.47399375,2.514,28.469,1.677,55.533
3320.75,94.442,77.27808233,76.4768725,2.512,28.665,1.611,54.846
3320.875,95.239,77.27615523,76.47975125,2.509,28.236,1.559,54.004
3321,96.55,77.27422818,76.48263,2.502,27.812,1.548,52.699
3321.125,97.762,77.27230118,76.48550875,2.494,27.673,1.543,51.294
3321.25,98.677,77.27037422,76.4883875,2.488,28.048,1.553,49.941
3321.375,99.191,77.26844732,76.49126625,2.484,28.625,1.571,49.214
3321.5,98.746,77.26652046,76.494145,2.485,29.077,1.587,49.108
3321.625,98.305,77.26459365,76.49702375,2.492,28.952,1.61,49.269
3321.75,97.933,77.26266689,76.4999025,2.499,28.426,1.65,50.045
3321.875,97.718,77.26074017,76.50278125,2.507,27.99,1.708,51.012
3322,97.689,77.25881351,76.50566,2.516,27.624,1.764,52.385
3322.125,97.635,77.25688689,76.50853875,2.523,27.512,1.829,53.886
3322.25,97.542,77.25496032,76.5114175,2.527,27.515,1.913,55.425
3322.375,97.504,77.2530338,76.51429625,2.53,27.385,1.995,56.408
3322.5,97.912,77.25110733,76.517175,2.532,27.225,2.023,56.965
3322.625,98.368,77.2491809,76.52005375,2.533,27.09,2.042,57.385
3322.75,98.938,77.24725452,76.5229325,2.534,27.157,2.038,57.444
3322.875,99.618,77.24532819,76.52581125,2.534,27.516,2.01,57.289
3323,100.001,77.24340191,76.52869,2.535,27.902,1.967,56.777
3323.125,100.335,77.24147568,76.53156875,2.537,28.338,1.917,56.03
3323.25,100.645,77.23954949,76.5344475,2.539,28.713,1.849,54.802
3323.375,101.158,77.23762336,76.53732625,2.54,29.411,1.786,53.591
3323.5,101.61,77.23569727,76.540205,2.54,30.182,1.766,52.18
3323.625,101.931,77.23377123,76.54308375,2.54,30.937,1.755,50.76
3323.75,101.916,77.23184523,76.5459625,2.539,31.267,1.769,49.58
3323.875,101.515,77.22991929,76.54884125,2.538,30.682,1.809,49.034
3324,100.604,77.22799339,76.55172,2.536,29.93,1.862,49.178
3324.125,99.666,77.22606754,76.55459875,2.537,28.875,1.927,49.639
3324.25,98.535,77.22414174,76.5574775,2.54,27.848,2.024,50.784
3324.375,96.915,77.22221599,76.56035625,2.544,27.09,2.128,52.034
3324.5,95.9,77.22029028,76.563235,2.549,26.409,2.185,53.715
3324.625,95.27,77.21836463,76.56611375,2.551,26.035,2.235,55.526
3324.75,95.59,77.21643902,76.5689925,2.549,25.904,2.263,57.29
3324.875,96.9,77.21451346,76.57187125,2.547,26.173,2.259,58.26
3325,98.68,77.21258794,76.57475,2.543,26.526,2.227,58.395
3325.125,100.184,77.21066248,76.57762875,2.541,27.113,2.186,58.242
3325.25,101.066,77.20873706,76.5805075,2.541,27.768,2.121,57.483
3325.375,101.444,77.20681169,76.58338625,2.542,28.262,2.043,56.668
3325.5,100.653,77.20488637,76.586265,2.543,28.681,1.986,55.787
3325.625,99.798,77.2029611,76.58914375,2.542,28.809,1.926,54.894
3325.75,98.808,77.20103587,76.5920225,2.54,28.735,1.86,54.096
3325.875,97.741,77.1991107,76.59490125,2.537,28.446,1.804,53.579
3326,97.769,77.19718557,76.59778,2.531,28.141,1.788,52.88
3326.125,98.063,77.19526049,76.60065875,2.527,27.867,1.777,51.986
3326.25,98.973,77.19333545,76.6035375,2.528,27.702,1.781,50.754
3326.375,100.421,77.19141047,76.60641625,2.531,27.682,1.796,49.673
3326.5,101.115,77.18948553,76.609295,2.54,27.739,1.813,48.344
3326.625,101.461,77.18756064,76.61217375,2.551,28.196,1.833,46.872
3326.75,100.996,77.1856358,76.6150525,2.559,29.057,1.864,45.306
3326.875,99.806,77.18371101,76.61793125,2.565,29.655,1.904,44.263
3327,98.612,77.18178627,76.62081,2.569,29.954,1.953,43.652
3327.125,97.647,77.17986157,76.62368875,2.565,29.246,2.018,43.216
3327.25,97.122,77.17793692,76.6265675,2.557,28.337,2.13,43.274
3327.375,96.741,77.17601232,76.62944625,2.548,27.794,2.279,43.706
3327.5,96.304,77.17408777,76.632325,2.536,27.336,2.4,44.849
3327.625,95.782,77.17216326,76.63520375,2.531,27.034,2.526,46.299
3327.75,95.018,77.17023881,76.6380825,2.533,26.62,2.656,48.228
3327.875,93.989,77.1683144,76.64096125,2.537,25.883,2.741,49.81
3328,94.06,77.16639004,76.64384,2.544,25.113,2.719,51.431
3328.125,94.468,77.16446572,76.64671875,2.547,24.389,2.674,53.051
3328.25,95.674,77.16254146,76.6495975,2.547,23.946,2.567,54.359
3328.375,97.61,77.16061724,76.65247625,2.546,24.288,2.43,54.904
3328.5,98.861,77.15869307,76.655355,2.544,24.784,2.336,54.821
3328.625,99.766,77.15676895,76.65823375,2.543,25.589,2.24,54.596
3328.75,99.928,77.15484488,76.6611125,2.543,26.19,2.134,54.101
3328.875,99.532,77.15292085,76.66399125,2.544,25.939,2.041,53.609
3329,98.197,77.15099688,76.66687,2.545,25.516,2.004,52.901
3329.125,96.797,77.14907295,76.66974875,2.544,24.647,1.972,52.131
3329.25,95.142,77.14714907,76.6726275,2.543,23.77,1.955,51.376
3329.375,93.033,77.14522523,76.67550625,2.541,23.489,1.957,50.963
3329.75,92.602,77.13945402,76.6841425,2.538,23.845,2.029,51.118
3329.875,93.991,77.13753038,76.68702125,2.538,24.156,2.049,51.343
3330,95.22,77.13560679,76.6899,2.54,24.523,2.035,51.488
3330.125,96.298,77.13368324,76.69277875,2.543,25.09,2.01,51.602
3330.25,97.301,77.13175975,76.6956575,2.545,25.643,1.956,51.63
3330.375,98.957,77.1298363,76.69853625,2.547,25.912,1.891,51.604
3330.5,100.802,77.12791289,76.701415,2.545,26.188,1.864,51.61
3330.625,102.307,77.12598954,76.70429375,2.538,26.62,1.844,51.69
3330.75,102.921,77.12406624,76.7071725,2.531,27.257,1.845,51.978
3330.875,102.476,77.12214298,76.71005125,2.524,27.265,1.87,52.435
3331,100.452,77.12021977,76.71293,2.518,27.056,1.911,53.406
3331.125,98.555,77.11829661,76.71580875,2.518,26.282,1.964,54.537
3331.25,97.024,77.11637349,76.7186875,2.521,25.525,2.055,55.801
3331.375,95.99,77.11445043,76.72156625,2.526,25.192,2.171,56.589
3331.5,96.725,77.11252741,76.724445,2.533,24.902,2.274,56.813
3331.625,97.542,77.11060444,76.72732375,2.541,24.632,2.393,56.793
3331.75,98.396,77.10868152,76.7302025,2.545,24.253,2.554,56.205
3331.875,98.955,77.10675865,76.73308125,2.549,23.943,2.722,55.435
3332,98.288,77.10483582,76.73596,2.553,23.671,2.795,54.356
3332.125,97.499,77.10291304,76.73883875,2.553,23.49,2.845,53.193
3332.25,96.412,77.10099031,76.7417175,2.55,23.346,2.828,52.044
3332.375,95.005,77.09906763,76.74459625,2.546,23.411,2.737,51.339
3332.5,94.641,77.097145,76.747475,2.54,23.547,2.636,51.095
3332.625,94.699,77.09522241,76.75035375,2.535,23.936,2.533,51.082
3332.75,95.82,77.09329987,76.7532325,2.533,24.485,2.43,51.602
3332.875,98.063,77.09137738,76.75611125,2.533,25.149,2.358,52.232
3333,99.631,77.08945494,76.75899,2.538,25.795,2.338,52.338
3333.125,100.638,77.08753254,76.76186875,2.546,26.275,2.31,52.055
3333.25,100.424,77.0856102,76.7647475,2.551,26.479,2.25,50.957
3333.375,99.4,77.0836879,76.76762625,2.554,26.205,2.149,49.885
3333.5,98.969,77.08176565,76.770505,2.549,25.914,2.052,49.435
3333.625,98.911,77.07984345,76.77338375,2.539,25.693,1.945,49.292
3333.75,99.724,77.07792129,76.7762625,2.535,25.634,1.816,49.823
3333.875,101.309,77.07599919,76.77914125,2.536,25.81,1.7,50.465
3334,102.545,77.07407713,76.78202,2.548,26.043,1.646,51.114
3334.125,103.476,77.07215512,76.78489875,2.565,26.502,1.592,51.768
3334.25,103.775,77.07023315,76.7877775,2.573,27.104,1.533,52.325
3334.375,103.7,77.06831124,76.79065625,2.575,27.306,1.476,52.611
3334.5,103.326,77.06638937,76.793535,2.564,27.348,1.454,52.489
3334.625,102.986,77.06446755,76.79641375,2.547,26.996,1.438,52.239
3334.75,102.637,77.06254578,76.7992925,2.537,26.747,1.444,51.833
3334.875,102.003,77.06062406,76.80217125,2.53,27.064,1.477,51.715
3335,100.742,77.05870238,76.80505,2.526,27.437,1.521,52.331
3335.125,99.492,77.05678075,76.80792875,2.528,27.736,1.571,53.105
3335.25,98.26,77.05485918,76.8108075,2.531,27.642,1.632,53.96
3335.375,97.061,77.05293764,76.81368625,2.534,27.154,1.682,54.238
3335.5,97.105,77.05101616,76.816565,2.537,25.011,1.685,53.839
3335.625,97.338,77.04909472,76.81944375,2.538,22.678,1.677,53.365
3335.75,97.962,77.04717334,76.8223225,2.536,22.367,1.643,52.868
3335.875,98.89,77.045252,76.82520125,2.533,21.901,1.595,52.618
3336,99.693,77.0433307,76.82808,2.529,19.486,1.569,52.322
3336.125,100.304,77.04140946,76.83095875,2.529,11.27,1.55,51.96
3336.375,99.74,77.03756712,76.83671625,2.537,15.768,1.558,51.361
3336.5,98.542,77.03564602,76.839595,2.543,26.181,1.574,51.667
3336.625,97.659,77.03372496,76.84247375,2.547,25.853,1.589,52.124
3336.75,97.703,77.03180396,76.8453525,2.548,25.65,1.6,52.763
3336.875,99.012,77.029883,76.84823125,2.547,25.704,1.609,53.056
3337,101.015,77.02796209,76.85111,2.548,25.809,1.62,52.474
3337.125,102.635,77.02604123,76.85398875,2.55,26.117,1.636,51.566
3337.25,103.364,77.02412042,76.8568675,2.552,26.626,1.662,50.145
3337.375,103.357,77.02219965,76.85974625,2.552,27.093,1.683,49.115
3337.5,102.378,77.02027894,76.862625,2.551,27.438,1.667,48.833
3337.625,101.398,77.01835827,76.86550375,2.549,27.292,1.634,48.875
3337.75,100.356,77.01643765,76.8683825,2.55,26.886,1.554,49.636
3337.875,99.126,77.01451707,76.87126125,2.551,26.911,1.446,50.565
3338,99.144,77.01259655,76.87414,2.556,27.076,1.375,51.603
3338.125,99.569,77.01067607,76.87701875,2.56,27.525,1.305,52.548
3338.25,100.999,77.00875564,76.8798975,2.561,27.809,1.237,53.082
3338.375,103.428,77.00683526,76.88277625,2.561,27.378,1.183,53.109
3338.5,104.911,77.00491492,76.885655,2.557,26.808,1.17,52.853
3338.625,105.848,77.00299464,76.88853375,2.552,25.886,1.162,52.535
3338.75,105.561,77.0010744,76.8914125,2.55,24.942,1.167,52.091
3338.875,104.276,76.99915421,76.89429125,2.548,24.134,1.187,51.613
3339,102.542,76.99723407,76.89717,2.546,23.348,1.226,50.889
3339.125,100.985,76.99531397,76.90004875,2.545,22.678,1.281,50.188
3339.25,99.646,76.99339393,76.9029275,2.545,22.367,1.386,49.767
3339.375,97.972,76.99147393,76.90580625,2.545,21.901,1.54,49.941
3339.5,96.742,76.98955398,76.908685,2.544,19.486,1.693,51.24
