Depth,AC,DEN,CN,LLD,GR,Pp
2376.375,94.711,2.316,25.176,1.922,71.425,24.72371038
2376.5,91.421,2.326,24.811,1.972,69.062,22.96521211
2376.625,88.815,2.333,24.712,2.038,66.939,21.45612017
2376.75,87.986,2.337,24.591,2.049,64.452,20.95416323
2376.875,88.144,2.336,24.12,2.037,62.986,21.05367029
2377,88.453,2.332,23.555,2.005,62.889,21.24468436
2377.125,88.856,2.327,22.964,1.988,63.336,21.49060565
2377.25,89.433,2.322,22.497,1.959,64.59,21.8368866
2377.375,90.231,2.322,22.761,1.935,66.063,22.30582885
2377.5,91.436,2.324,23.425,1.929,67.097,22.99347158
2377.625,93.735,2.325,24.288,1.937,68.246,24.24243111
2377.75,95.825,2.326,25.572,1.981,70.344,25.31360186
2377.875,96.47,2.327,26.628,2.017,72.713,25.63427688
2378,96.216,2.332,27.128,2.114,74.156,25.51214649
2378.125,94.106,2.34,27.454,2.165,75.154,24.44649085
2378.25,91.076,2.351,27.556,2.253,75.624,22.80603442
2378.375,89.21,2.354,27.295,2.321,75.498,21.72684918
2378.5,87.961,2.348,26.937,2.356,75.611,20.97311228
2378.625,87.461,2.34,26.49,2.437,76.139,20.6652552
2378.75,87.492,2.334,25.71,2.528,77.3,20.68707307
2378.875,87.157,2.339,24.89,2.572,77.813,20.47930123
2379,86.4,2.351,24.411,2.636,77.288,19.99918431
2379.125,85.118,2.367,24.087,2.64,76.287,19.1598262
2379.375,85.288,2.399,24.231,2.519,73.18,19.278131
2379.5,86.457,2.394,24.417,2.391,72.276,20.04564839
2379.625,88.305,2.38,24.51,2.32,71.128,21.20617269
2379.75,89.467,2.348,24.447,2.178,68.96,21.90632647
2379.875,89.728,2.315,24.34,2.108,66.748,22.06240701
2380,89.784,2.295,24.309,1.968,65.661,22.09769198
2380.125,89.828,2.28,24.271,1.821,65.082,22.12591049
2380.25,90.034,2.265,24.085,1.746,64.746,22.24850857
2380.375,90.292,2.256,23.814,1.605,64.256,22.40046811
2380.5,90.639,2.25,23.718,1.493,63.418,22.60232371
2380.625,91.445,2.245,23.796,1.453,62.18,23.0606356
2380.75,92.469,2.237,24.247,1.403,59.977,23.62796328
2380.875,92.919,2.234,24.809,1.39,58.125,23.87376974
2381,92.885,2.238,25.104,1.392,57.811,23.85798756
2381.125,92.069,2.248,25.347,1.402,58.64,23.41666633
2381.25,91.474,2.267,25.808,1.406,62.463,23.0892835
2381.375,91.986,2.285,26.414,1.421,68.175,23.37595351
2381.5,93.337,2.292,26.796,1.47,71.978,24.10966627
2381.625,95.682,2.294,27.052,1.515,74.921,25.32044546
2381.75,96.141,2.299,27.195,1.653,77.174,25.55087498
2381.875,94.255,2.314,27.273,1.852,77.861,24.59914953
2382,91.076,2.334,27.362,1.969,77.771,22.88052007
2382.125,86.126,2.357,27.433,2.211,77.425,19.88284751
2383.25,85.463,2.287,22.941,2.591,69.153,19.46971765
2383.375,85.897,2.26,22.685,2.493,68.881,19.75791103
2383.5,85.767,2.253,22.477,2.313,67.204,19.6751304
2383.625,85.386,2.253,22.283,2.126,64.679,19.42593773
2383.75,85.758,2.255,22.202,2.031,60.834,19.67409181
2383.875,86.637,2.252,22.407,1.858,58.139,20.24669417
2384,87.59,2.246,22.64,1.718,57.183,20.85119584
2384.125,88.203,2.239,22.816,1.661,56.66,21.23234107
2384.25,87.952,2.23,22.851,1.578,56.503,21.08053736
2384.375,87.7,2.224,22.758,1.524,56.716,20.92700332
2384.5,87.771,2.222,22.747,1.5,56.894,20.97352324
2384.625,88.415,2.221,22.865,1.446,57.113,21.37163089
2384.75,88.99,2.221,23.266,1.416,57.913,21.72132
2384.875,89.014,2.221,23.642,1.356,59.157,21.7381592
2385,88.808,2.22,23.67,1.309,59.906,21.61695567
2385.125,88.715,2.22,23.464,1.293,60.232,21.56335357
2385.25,89.287,2.22,22.897,1.275,59.56,21.90836569
2385.375,89.973,2.222,22.431,1.273,58.093,22.31449178
2385.5,90.573,2.226,22.364,1.276,57.1,22.66377012
2385.625,90.854,2.231,22.472,1.283,56.457,22.82670687
2385.75,90.536,2.24,22.67,1.29,56.216,22.64751431
2385.875,90.112,2.246,22.621,1.294,56.492,22.40526035
2386,89.649,2.248,22.41,1.304,56.958,22.13717828
2386.125,88.925,2.248,22.162,1.312,57.691,21.70949483
2386.625,87.612,2.244,22.215,1.369,62.657,20.91646918
2386.75,88.535,2.248,22.682,1.38,63.226,21.48645494
2386.875,89.697,2.256,23.313,1.389,64.154,22.18271736
2387,91.15,2.265,23.873,1.416,65.58,23.02175559
2387.125,93.504,2.278,24.52,1.458,67.853,24.31097938
2387.25,95.49,2.3,25.521,1.482,72.459,25.33775199
2387.375,96.08,2.319,26.383,1.533,76.944,25.63439798
2387.5,95.823,2.326,26.807,1.584,78.776,25.5093621
2387.625,94.064,2.328,27.167,1.608,79.252,24.6153166
2387.75,92.099,2.325,27.741,1.656,77.884,23.56536106
2387.875,91.586,2.32,28.285,1.679,76.46,23.28376922
2388,92.126,2.317,28.471,1.724,76.74,23.58519731
2388.125,94.456,2.314,28.492,1.762,78.008,24.82880064
2388.25,96.879,2.311,28.54,1.774,79.98,26.04332034
2389.375,95.859,2.295,28.071,2.15,75.802,25.56517988
2389.5,91.913,2.309,26.97,2.215,72.237,23.49775792
2389.625,87.258,2.32,25.877,2.238,68.487,20.75372382
2390.125,85.344,2.303,23.512,2.125,57.604,19.52464287
2390.25,86.901,2.286,23.577,1.986,57.799,20.5400875
2390.375,87.97,2.27,23.679,1.909,58.487,21.2121966
2390.5,88.906,2.261,23.735,1.757,58.718,21.78452557
2390.625,89.865,2.254,23.784,1.619,58.572,22.35552537
2390.75,90.622,2.245,23.886,1.56,58.148,22.79618944
2390.875,91.235,2.237,24.051,1.464,58.082,23.14686373
2391,91.947,2.233,24.203,1.426,58.223,23.54651044
2391.125,92.849,2.229,24.377,1.365,58.078,24.04124501
2391.25,93.254,2.223,24.663,1.319,56.69,24.26090266
2391.375,93.218,2.218,24.928,1.301,54.359,24.24420379
2391.5,93.122,2.217,24.999,1.27,52.945,24.19540109
2391.625,93.248,2.217,24.897,1.246,52.267,24.26522805
2391.75,93.5,2.219,24.415,1.238,52.931,24.40169752
2391.875,93.429,2.222,23.889,1.231,54.612,24.36655606
2392,93.042,2.225,23.751,1.239,55.927,24.16256885
2392.125,92.11,2.227,23.853,1.249,57.27,23.65884763
2392.25,91.217,2.229,24.233,1.28,59.39,23.16413444
2392.375,90.856,2.232,24.392,1.3,61.843,22.96214998
2392.5,90.683,2.236,24.172,1.344,63.807,22.86592596
2392.625,90.583,2.242,23.794,1.387,65.804,22.81113837
2392.75,90.522,2.254,23.399,1.404,68.078,22.77860934
2392.875,90.512,2.267,23.471,1.43,69.08,22.77535018
2393,90.518,2.272,23.779,1.45,68.886,22.78128503
2393.125,90.551,2.273,24.126,1.462,68.225,22.80272568
2393.25,90.6,2.267,24.478,1.491,66.716,22.83332489
2393.375,90.577,2.256,24.627,1.526,65.245,22.82262208
2393.5,90.481,2.252,24.663,1.543,64.513,22.76996144
2393.625,90.349,2.254,24.713,1.566,64.162,22.696379
2393.75,90.367,2.266,24.879,1.564,64.856,22.70925471
2393.875,90.584,2.284,25.163,1.555,66.712,22.83658971
2394,90.995,2.293,25.413,1.535,68.139,23.07350797
2394.125,91.82,2.297,25.658,1.526,69.036,23.53867463
2394.25,92.693,2.29,25.902,1.511,68.639,24.01958976
2394.375,93.336,2.277,26.025,1.491,66.75,24.36733351
2394.5,94.062,2.267,26.068,1.477,65.098,24.75257386
2394.625,94.879,2.256,26.097,1.449,63.638,25.1770618
2394.75,94.935,2.242,26.075,1.429,62.097,25.20817657
2394.875,94.352,2.234,25.946,1.422,61.376,24.91095676
2395,93.401,2.236,25.8,1.417,61.701,24.41446162
2395.125,91.811,2.243,25.647,1.42,62.709,23.55367511
2395.25,90.54,2.261,25.504,1.425,65.007,22.83870673
2395.375,89.905,2.276,25.559,1.447,67.082,22.4732172
2395.5,89.344,2.281,25.773,1.482,67.916,22.14515121
2395.625,88.759,2.284,26.089,1.5,68.409,21.79736204
2395.75,88.748,2.288,26.525,1.52,68.707,21.793194
2395.875,89.3,2.293,26.67,1.516,68.384,22.12644126
2396,90.227,2.293,26.503,1.481,67.315,22.6730554
2396.125,91.932,2.287,26.185,1.423,65.393,23.64069167
2396.25,93.447,2.266,25.654,1.391,61.574,24.46401914
2396.375,94.137,2.24,25.303,1.334,58.022,24.82946192
2396.5,94.529,2.227,25.243,1.292,56.468,25.03522342
2396.625,94.42,2.22,25.255,1.277,55.765,24.98144208
2396.75,93.695,2.223,25.193,1.258,56.564,24.60529193
2396.875,92.987,2.234,24.921,1.257,58.923,24.23087279
2397,92.265,2.245,24.665,1.267,61.178,23.8415275
2397.125,91.527,2.257,24.492,1.306,63.662,23.43548424
2397.25,91.332,2.274,24.608,1.335,66.75,23.32865159
2397.375,91.405,2.291,25.019,1.408,68.199,23.3721464
2397.5,91.454,2.3,25.263,1.48,68.109,23.40211765
2397.625,91.481,2.307,25.316,1.508,67.732,23.41973876
2397.75,91.6,2.314,25.056,1.529,67.462,23.48875885
2397.875,91.874,2.313,24.817,1.513,67.341,23.64360972
2398,92.314,2.305,24.906,1.497,66.683,23.88840416
2398.125,93.085,2.291,25.232,1.461,64.962,24.30858661
2398.25,93.482,2.266,26.011,1.427,60.407,24.52281558
2398.375,93.258,2.245,26.815,1.41,55.534,24.40614802
2398.5,92.759,2.239,27.218,1.375,53.189,24.14056758
2398.625,91.819,2.24,27.465,1.347,51.845,23.62812842
2398.75,91.057,2.249,27.513,1.339,51.693,23.20341189
2398.875,90.802,2.262,27.246,1.342,53.182,23.0609347
2399,90.658,2.272,26.861,1.354,55.225,22.98110945
2399.125,90.458,2.284,26.355,1.398,57.982,22.86872476
2399.25,90.317,2.304,25.542,1.455,62.832,22.78984363
2399.375,90.42,2.322,24.924,1.484,67.067,22.85180738
2399.5,90.732,2.328,24.764,1.549,68.53,23.03342572
2399.625,91.421,2.33,24.786,1.625,68.597,23.42609269
2399.75,92.081,2.327,24.933,1.665,66.885,23.79551655
2399.875,92.403,2.327,24.933,1.737,65.14,23.97466332
2400,92.598,2.331,24.793,1.792,64.98,24.08339884
2400.125,92.644,2.337,24.632,1.816,65.751,24.11088571
2400.25,92.25,2.346,24.554,1.868,67.555,23.89844178
2400.375,91.534,2.352,24.713,1.898,68.733,23.50438534
2400.5,90.495,2.355,24.918,1.967,68.861,22.91743229
2400.625,88.729,2.359,25.124,2.047,68.81,21.87824724
2400.75,87.26,2.369,25.386,2.09,69.242,20.97388588
2400.875,86.705,2.382,25.623,2.177,70.258,20.62371183
2401,86.513,2.392,25.757,2.26,71.033,20.50285717
2401.125,86.649,2.402,25.827,2.3,71.575,20.59273285
2401.25,86.779,2.414,25.711,2.383,71.962,20.67843436
2401.375,86.691,2.423,25.35,2.453,72.246,20.62457801
2401.5,86.474,2.427,24.988,2.479,72.411,20.48755226
2401.625,86.171,2.43,24.628,2.509,72.571,20.29377176
2401.75,86.076,2.433,24.313,2.518,72.675,20.23434263
2401.875,86.142,2.435,24.313,2.517,72.669,20.27980727
2402,86.21,2.434,24.45,2.506,72.76,20.32649056
2402.125,86.268,2.431,24.566,2.498,72.879,20.36660199
2402.25,86.309,2.428,24.446,2.479,72.678,20.395639
2402.375,86.341,2.425,23.977,2.455,71.945,20.41881989
2402.5,86.391,2.424,23.579,2.44,71.382,20.45362103
2402.625,86.447,2.424,23.287,2.402,71.021,20.49224912
2402.75,86.41,2.423,23.225,2.365,71.012,20.47081401
2402.875,86.358,2.422,23.498,2.35,71.416,20.43964868
2403,86.457,2.422,23.837,2.326,71.8,20.50607517
2403.125,87.361,2.423,24.275,2.307,72.196,21.08430059
2403.25,89.15,2.425,25.09,2.299,72.8,22.18337342
2403.375,90.657,2.426,25.921,2.296,73.408,23.0678231
2403.5,91.896,2.427,26.312,2.303,73.788,23.76846344
2403.625,92.555,2.426,26.456,2.338,74.286,24.13280771
2403.75,92.037,2.425,26.179,2.405,75.481,23.85144014
2403.875,91.211,2.424,25.56,2.454,76.621,23.39291489
2404,90.178,2.424,24.991,2.586,76.977,22.80394032
2404.125,88.09,2.425,24.285,2.757,76.835,21.55766028
2404.25,85.379,2.43,22.912,2.849,75.616,19.82399266
2405.25,90.392,2.338,23.119,2.515,66.406,22.95280144
2405.375,91.947,2.296,24.195,2.275,62.315,23.83429832
2405.5,92.789,2.277,24.626,2.048,60.116,24.29744953
2405.625,93.011,2.266,24.964,1.945,58.702,24.4196832
2405.75,92.683,2.261,25.599,1.775,58.107,24.24506087
2405.875,92.314,2.261,26.462,1.659,58.378,24.04640822
2406,91.91,2.261,27.057,1.622,58.76,23.82635077
2406.125,91.22,2.26,27.475,1.581,59.224,23.44301607
2406.25,90.411,2.257,27.487,1.573,59.872,22.98372982
2406.375,89.883,2.255,26.932,1.576,60.222,22.67921753
2406.5,89.502,2.255,26.413,1.589,60.225,22.45735553
2406.625,89.32,2.257,25.986,1.607,60.001,22.35182555
2406.75,89.433,2.26,25.737,1.617,59.245,22.42144355
2406.875,89.564,2.265,25.864,1.635,58.874,22.50149234
2407,89.634,2.269,26.081,1.641,59.305,22.54531044
2407.125,89.596,2.274,26.272,1.641,60.142,22.52537344
2407.25,89.551,2.28,26.323,1.624,61.337,22.50127389
2407.375,89.624,2.282,26.093,1.609,61.702,22.54687911
2407.5,89.805,2.28,25.805,1.565,61.089,22.65589751
2407.625,90.325,2.277,25.463,1.504,59.884,22.96147726
2407.75,91.098,2.267,24.91,1.471,57.623,23.40655367
2407.875,91.743,2.256,24.391,1.402,55.503,23.77123404
2408,92.393,2.248,24.142,1.337,54.318,24.13234913
2408.125,93.197,2.239,24.03,1.308,53.466,24.56980537
2408.25,93.736,2.229,24.215,1.262,53.165,24.85870057
2408.375,93.929,2.223,24.724,1.247,53.691,24.96277014
2408.5,94.031,2.222,25.196,1.24,54.342,25.01875236
2408.625,93.959,2.224,25.677,1.265,55.12,24.98355809
2408.75,93.668,2.235,26.229,1.29,56.812,24.83289037
2408.875,93.403,2.255,26.476,1.363,59.709,24.69486703
2409,93.159,2.275,26.394,1.463,62.905,24.56709308
2409.125,92.809,2.296,26.161,1.521,66.892,24.38121443
2409.25,92.24,2.326,25.717,1.655,72.72,24.07362577
2409.375,91.545,2.351,25.38,1.814,76.732,23.69080801
2409.5,90.602,2.363,25.285,1.903,77.737,23.15863462
2409.625,89.052,2.372,25.264,2.082,77.74,22.25140189
2409.75,87.808,2.382,25.294,2.231,76.787,21.49459262
2409.875,87.349,2.388,25.378,2.285,75.469,21.21006404
2410,87.16,2.389,25.534,2.35,74.297,21.09325633
2410.125,87.284,2.389,25.819,2.365,72.859,21.17405692
2410.25,87.808,2.386,26.396,2.371,70.611,21.50449415
2410.375,88.359,2.383,26.817,2.36,69.151,21.84660357
2410.5,88.937,2.382,26.83,2.351,69.04,22.19972139
2410.625,89.54,2.382,26.649,2.334,69.391,22.56199456
2410.75,89.676,2.383,26.26,2.324,70.13,22.64479765
2410.875,89.587,2.384,26.013,2.322,70.803,22.59476651
2411,89.58,2.385,25.992,2.324,71.248,22.59312149
2411.125,89.703,2.387,26.044,2.34,71.78,22.66818359
2411.25,89.67,2.392,26.292,2.353,72.817,22.6512304
2411.375,89.501,2.396,26.853,2.38,74.058,22.55385355
2411.5,89.311,2.397,27.453,2.39,74.819,22.44349945
2411.625,89,2.397,28.076,2.408,75.343,22.25997577
2411.75,88.551,2.394,28.583,2.421,75.503,21.99102148
2411.875,88.129,2.391,28.416,2.423,74.903,21.73522681
2412,87.688,2.389,27.96,2.417,74.025,21.46447139
2412.125,87.374,2.387,27.461,2.412,73.134,21.27029253
2412.25,87.716,2.383,26.962,2.41,72.622,21.48687397
2412.375,88.131,2.378,26.767,2.393,73.113,21.74637735
2412.5,88.257,2.374,26.741,2.349,73.756,21.82629808
2412.625,87.583,2.367,26.692,2.32,74.086,21.41128331
2412.75,86.483,2.352,26.428,2.254,72.933,20.714856
2412.875,85.923,2.334,25.894,2.184,69.962,20.35290017
2413,85.723,2.325,25.373,2.151,67.305,20.22376433
2413.125,85.978,2.321,24.823,2.092,64.807,20.3938759
2413.25,86.38,2.326,24.248,2.066,62.447,20.65813063
2413.375,86.609,2.336,24.098,2.021,62.243,20.80837181
2413.5,86.877,2.343,24.234,1.986,63.817,20.98254904
2413.625,87.595,2.345,24.419,1.974,66.39,21.43859254
2413.75,88.521,2.339,24.6,1.968,70.643,22.01250129
2413.875,88.975,2.327,24.709,1.988,73.476,22.28972983
2414,89.114,2.319,24.824,2.006,73.624,22.37563798
2414.125,88.791,2.315,24.974,2.053,72.615,22.18377687
2414.25,88.272,2.326,25.022,2.103,70.407,21.87024595
2414.375,88.019,2.353,24.726,2.126,69.34,21.71698459
2414.5,87.906,2.38,24.397,2.168,70.018,21.64954032
2414.625,88.058,2.405,24.152,2.19,71.519,21.7460272
2414.75,88.354,2.433,24.264,2.251,74.344,21.93041822
2414.875,88.512,2.444,24.924,2.34,76.601,22.02938172
2415,88.605,2.444,25.579,2.388,77.102,22.08845542
2415.125,88.578,2.441,26.183,2.463,76.76,22.07452762
2415.25,88.448,2.434,26.594,2.491,75.547,21.99780728
2415.375,88.371,2.427,26.437,2.487,74.93,21.95323959
2415.5,88.334,2.424,26.143,2.455,75.217,21.93307741
2415.625,88.443,2.422,25.929,2.42,75.882,22.00220981
2415.75,88.788,2.423,26.04,2.416,76.98,22.21430182
2415.875,89.181,2.428,26.488,2.436,77.775,22.45309576
2416,89.637,2.433,26.758,2.474,78.232,22.72653587
2416.125,90.12,2.439,26.811,2.491,78.777,23.01229406
2416.25,89.982,2.451,26.386,2.524,79.359,22.93424833
2416.375,89.374,2.463,25.758,2.537,79.016,22.57816747
2416.5,88.615,2.47,25.53,2.54,78.098,22.12437102
2416.625,88.028,2.475,25.64,2.519,77.088,21.76720753
2416.75,88.381,2.476,26.484,2.516,76.481,21.98668907
2416.875,89.051,2.469,27.599,2.545,77.327,22.39514382
2417,89.693,2.463,28.063,2.603,78.843,22.77954422
2417.125,89.832,2.457,28.009,2.633,80.809,22.86383184
2417.625,85.447,2.457,25.009,2.524,81.465,20.13182113
2417.75,86.161,2.452,25.524,2.421,78.611,20.60460545
2417.875,87.972,2.443,26.557,2.382,77.128,21.75740366
2418,90.442,2.436,27.491,2.327,77.448,23.23658275
2418.125,94.095,2.429,28.513,2.309,78.327,25.24698011
2418.25,96.672,2.424,29.874,2.287,79.234,26.55276797
2418.625,96.344,2.428,30.25,2.229,77.597,26.3993689
2418.75,94.059,2.431,29.427,2.215,76.792,25.2408026
2418.875,91.903,2.431,28.578,2.207,76.418,24.08118571
2419,89.679,2.429,28.065,2.18,76.2,22.81124622
2419.125,87.601,2.424,27.65,2.153,75.624,21.55138134
2419.25,87.904,2.413,27.46,2.146,74.076,21.74258588
2419.375,89.75,2.4,27.863,2.14,72.892,22.8605854
2419.5,92.332,2.395,28.471,2.138,72.988,24.33044098
2419.625,96.007,2.394,29.148,2.117,73.89,26.25283916
2420.5,96.59,2.436,29.527,1.849,77.836,26.55855795
2420.625,94.196,2.444,29.655,1.844,75.989,25.3504201
2420.75,92.373,2.45,29.689,1.834,73.579,24.37812269
2420.875,92.285,2.445,29.639,1.825,72.002,24.33236568
2421,93.31,2.436,29.687,1.819,71.725,24.89017807
2421.125,96.37,2.425,29.888,1.803,71.969,26.46318664
2429.625,91.007,2.454,29,2.545,64.586,23.79397722
2429.75,89.91,2.463,28.555,2.704,67.134,23.1623976
2429.875,90.484,2.463,28.658,2.876,69.232,23.49909442
2430,91.614,2.459,29.062,2.957,69.821,24.14425818
2430.125,93.539,2.454,29.563,3.074,69.779,25.19708119
2430.25,95.139,2.448,30.093,3.107,69.165,26.03235884
2430.375,95.895,2.445,30.132,3.1,68.783,26.41633159
2430.5,96.533,2.445,29.869,3.071,68.962,26.73497947
2431.375,96.382,2.437,29.962,2.819,70.715,26.67853876
2431.5,95.615,2.439,30.3,2.673,71.56,26.29890721
2431.625,95.416,2.439,30.593,2.527,72.34,26.20104189
2431.75,96.338,2.432,30.957,2.461,72.899,26.6644912
2438.125,95.133,2.376,37.446,1.909,69.355,26.18997122
2438.25,91.454,2.392,36.988,1.978,68.001,24.220973
2438.375,91.446,2.392,35.826,2.029,68.17,24.21899461
2438.5,92.553,2.386,34.667,2.158,69.434,24.83553574
2438.625,93.82,2.381,33.476,2.229,71.011,25.5186855
2438.75,92.854,2.386,32.073,2.33,71.961,25.00440365
2438.875,90.629,2.396,31.182,2.343,70.604,23.76386029
2439,88.085,2.396,30.839,2.331,69.026,22.24820934
2439.125,86.138,2.387,30.597,2.316,67.947,21.01259896
2439.25,87.028,2.359,30.394,2.33,68.118,21.58963828
2439.375,88.88,2.333,30.376,2.341,69.65,22.74183376
2439.5,90.803,2.326,30.441,2.349,70.902,23.87642661
2439.625,92.572,2.33,30.461,2.319,71.948,24.86872645
2439.75,93.14,2.355,30.174,2.289,72.89,25.17912767
2439.875,93.232,2.39,29.437,2.215,73.105,25.23109246
2440,93.442,2.413,28.628,2.181,72.654,25.3459974
2440.125,93.816,2.431,27.643,2.124,71.883,25.54710243
2440.75,90.71,2.476,26.967,1.948,68.328,23.84826471
2440.875,91.337,2.475,28.04,1.889,68.682,24.20804072
2441,92.48,2.471,28.47,1.838,69.66,24.84629921
2441.125,95.094,2.465,28.672,1.816,71.096,26.23135176
2461.875,96.592,2.428,28.684,2.194,76.323,27.40848215
2462,93.892,2.436,28.279,2.21,75.842,26.03383942
2462.125,90.605,2.441,27.97,2.208,75.088,24.22008044
2462.25,89.487,2.439,27.828,2.196,74.106,23.56662064
2462.375,90.634,2.426,28.082,2.158,73.736,24.2418978
2462.5,92.968,2.411,28.536,2.113,73.896,25.54967664
2474.375,96.646,2.388,30.104,2.346,78.582,27.69320887
2474.5,95.938,2.395,30.346,2.339,78.433,27.34405183
2474.625,95.703,2.4,30.768,2.286,78.008,27.22844104
2474.75,96.087,2.404,31.617,2.193,77.244,27.42377907
2474.875,96.462,2.401,32.535,2.137,77.239,27.61275473
2475,96.764,2.397,33.049,2.015,78.33,27.76413856
2477.75,95.757,2.392,30.627,1.896,80.641,27.3201817
2477.875,94.169,2.401,29.858,1.917,80.421,26.50557812
2478,93,2.406,29.622,1.919,80.454,25.88420339
2478.125,92.915,2.408,29.586,1.929,80.774,25.84063139
2478.25,94.248,2.405,29.841,1.935,82.356,26.55476139
2478.375,95.499,2.394,30.279,1.938,84.967,27.20262635
2478.5,96.661,2.386,30.608,1.922,86.734,27.78595367
2479.25,96.197,2.349,28.805,2.03,81.456,27.57166888
2479.375,94.255,2.343,26.421,2.063,77.641,26.581582
2479.5,92.217,2.343,25.147,2.131,74.933,25.48589226
2479.625,89.738,2.348,24.342,2.203,72.68,24.0679217
2479.75,88.349,2.36,24.144,2.238,70.794,23.23074683
2479.875,87.995,2.374,24.774,2.294,70.475,23.01395445
2480,87.821,2.382,25.508,2.311,71.157,22.90786665
2480.125,87.841,2.39,26.233,2.318,72.222,22.9229037
2480.25,88.306,2.396,26.812,2.296,73.636,23.21433966
2480.375,89.075,2.396,26.679,2.28,74.184,23.68640645
2480.5,90.267,2.393,26.321,2.244,74.112,24.39705834
2480.625,92.411,2.388,26.094,2.209,74.261,25.61609023
2480.75,94.055,2.38,26.46,2.198,75.857,26.50472212
2480.875,94.454,2.375,27.407,2.196,78.715,26.71654544
2481,94.348,2.372,28.031,2.217,80.721,26.66374487
2481.125,93.657,2.371,28.318,2.235,82.266,26.30148392
2481.25,92.94,2.371,27.91,2.285,83.582,25.91830333
2481.375,92.456,2.374,27.032,2.315,84.377,25.65623521
2481.5,91.66,2.376,26.499,2.374,84.603,25.21595675
2481.625,89.419,2.379,26.158,2.414,84.237,23.91856779
2481.75,86.558,2.382,25.937,2.424,81.933,22.1382873
2481.875,84.837,2.385,25.708,2.424,77.82,20.99550962
2482,83.585,2.386,25.373,2.4,74.099,20.12761779
2482.75,83.712,2.345,21.19,1.892,62.588,20.23234129
2482.875,84.585,2.332,21.051,1.832,62.249,20.84290191
2483,85.66,2.322,21.117,1.733,61.367,21.57295665
2483.125,87.558,2.311,21.235,1.694,60.043,22.80577254
2483.25,89.435,2.294,21.415,1.638,57.221,23.96115245
2483.375,90.432,2.278,21.576,1.61,53.912,24.5518192
2483.5,91.116,2.269,21.675,1.605,51.94,24.94857643
2483.625,91.582,2.261,21.752,1.607,50.644,25.21549308
2483.75,91.561,2.258,21.77,1.611,50.447,25.2062084
2483.875,91.136,2.264,21.726,1.612,51.697,24.96765153
2484,90.308,2.274,21.706,1.611,53.009,24.49229068
2484.125,88.475,2.286,21.704,1.614,54.351,23.39688919
2484.25,86.708,2.301,21.69,1.618,56.076,22.2857812
2484.375,86.101,2.306,21.618,1.63,57.203,21.89251414
2484.5,86.144,2.302,21.53,1.635,57.298,21.92329555
2484.625,87.117,2.295,21.449,1.635,56.811,22.55614546
2484.75,88.256,2.286,21.462,1.615,55.26,23.27454806
2484.875,88.809,2.282,21.659,1.598,53.702,23.61639394
2485,89.182,2.282,21.825,1.563,53.151,23.84483453
2485.125,89.584,2.284,21.903,1.542,53.091,24.08821488
2485.25,89.935,2.287,21.759,1.541,53.757,24.29884806
2485.375,90.091,2.289,21.459,1.563,54.511,24.39322911
2485.5,90.151,2.29,21.264,1.622,54.588,24.43099183
2485.625,90.087,2.29,21.097,1.667,54.051,24.39597253
2485.75,89.857,2.29,20.742,1.79,52.008,24.26296073
2485.875,89.288,2.294,20.149,1.943,49.567,23.92638539
2486,88.089,2.302,19.657,2.022,48.51,23.19634213
2486.125,85.077,2.316,19.233,2.181,48.343,21.24386693
2487.125,84.564,2.387,22.316,2.547,62.26,20.91349223
2487.25,86.511,2.375,23.345,2.391,62.488,22.21853185
2487.375,87.754,2.375,23.972,2.308,65.519,23.01499909
2487.5,88.881,2.38,24.236,2.147,69.327,23.71347778
2487.625,89.797,2.388,24.479,2.074,73.468,24.26563281
2487.75,89.606,2.392,24.844,1.957,77.475,24.15473231
2487.875,88.983,2.383,25.058,1.878,77.662,23.78299791
2488,88.731,2.367,24.917,1.852,75.325,23.63227387
2488.125,90.016,2.348,24.486,1.828,71.764,24.40515887
2488.25,92.3,2.32,23.449,1.836,65.604,25.71113344
2488.375,93.332,2.304,22.378,1.848,60.17,26.27659105
2488.5,93.106,2.303,21.83,1.884,57.779,26.15722546
2488.625,90.188,2.309,21.449,1.942,56.515,24.51638952
2488.75,86.009,2.326,21.097,1.986,56.416,21.91992976
2488.875,83.473,2.344,20.759,2.118,57.145,20.18519315
2489.625,83.131,2.413,18.73,3.119,56.19,19.95568684
2489.75,86.445,2.43,19.068,3.15,59.775,22.22597092
2489.875,86.413,2.438,19.807,3.158,63.135,22.20762976
2490,84.64,2.44,20.503,3.118,64.57,21.02334071
2490.5,85.924,2.427,24.434,3.059,72.14,21.89899942
2490.625,89.455,2.417,25.537,2.987,75.083,24.12313361
2490.75,91.186,2.406,27.067,2.814,78.494,25.13674299
2490.875,91.103,2.404,27.737,2.696,80.073,25.09191561
2491,90.16,2.41,27.298,2.431,79.84,24.54842475
2491.125,87.475,2.416,26.316,2.299,78.813,22.91510635
2491.25,84.529,2.419,24.521,2.063,76,20.97201346
2491.375,83.22,2.404,23.04,1.878,71.913,20.05444977
2491.625,84.146,2.355,22.125,1.691,64.745,20.71402117
2491.75,86.202,2.317,21.994,1.619,59.732,22.107377
2491.875,87.405,2.288,22.064,1.597,56.013,22.8859514
2492,88.406,2.278,22.219,1.578,54.436,23.51417144
2492.125,90.034,2.273,22.469,1.591,53.424,24.49733202
2492.25,92.048,2.273,23.045,1.607,53.332,25.65333656
2492.375,93.375,2.28,23.729,1.654,55.461,26.3820593
2492.5,94.245,2.29,24.137,1.683,58.75,26.84688409
2492.625,93.851,2.305,24.443,1.756,63.174,26.64144847
2492.75,91.682,2.332,24.753,1.848,69.866,25.45867789
2492.875,89.56,2.356,25.069,1.899,74.286,24.23169848
2493,87.568,2.366,25.348,2.008,74.991,23.01184025
2493.125,85.805,2.367,25.651,2.112,74.178,21.87298333
2493.25,85.559,2.358,25.97,2.16,71.182,21.71155058
2493.375,86.143,2.344,25.939,2.244,68.281,22.10137952
2493.5,86.83,2.338,25.577,2.303,67.904,22.55120861
2493.625,87.132,2.337,24.956,2.312,69.412,22.74758449
2493.75,86.218,2.353,23.705,2.277,74.016,22.15820939
2493.875,84.911,2.38,22.419,2.182,77.664,21.28654022
2494,83.447,2.4,21.725,2.123,77.53,20.26902112
2494.375,83.009,2.38,21.883,1.801,65.325,19.96256863
2494.5,84.98,2.352,22.793,1.677,63.437,21.34608906
2494.625,88.541,2.323,23.938,1.617,62.207,23.65054319
2494.75,91.512,2.286,25.623,1.509,61.214,25.40379949
2494.875,92.496,2.26,26.744,1.432,61.124,25.95535761
2495,92.663,2.251,26.927,1.407,61.353,26.04965703
2495.125,92.014,2.246,26.723,1.387,61.902,25.69340714
2495.25,91.334,2.247,25.949,1.403,62.978,25.31315777
2495.375,91.128,2.253,25.025,1.426,64.097,25.19833688
2495.5,91.041,2.258,24.456,1.502,65.22,25.15112317
2495.625,90.819,2.262,23.952,1.554,66.132,25.02613044
2495.75,90.354,2.27,23.244,1.684,66.025,24.7589719
2495.875,89.82,2.281,22.518,1.839,65.486,24.4474711
2496,89.07,2.29,22.075,1.922,64.852,24.00096338
2496.125,87.489,2.301,21.768,2.087,63.964,23.02523662
2496.25,85.571,2.323,21.762,2.242,63.535,21.77997857
2496.375,84.333,2.35,22.201,2.316,64.113,20.9392429
2496.5,83.436,2.367,22.635,2.468,65.546,20.31115642
2496.625,83.173,2.38,23.002,2.636,68.745,20.12553579
2496.75,83.838,2.39,23.187,2.722,71.842,20.60085575
2496.875,84.483,2.393,23.026,2.869,73.417,21.05309553
2497,84.966,2.395,22.862,2.936,74.798,21.38680823
2497.125,85.167,2.398,22.831,2.928,76.835,21.52577086
2497.25,85.169,2.406,23.261,2.831,78.802,21.52963964
2497.375,85.433,2.412,24.165,2.755,79.746,21.7101475
2497.5,86.133,2.414,24.983,2.59,80.177,22.17802919
2497.625,88.14,2.411,25.897,2.428,80.279,23.46384032
2497.75,91.272,2.398,27.419,2.352,80.545,25.3291511
2497.875,94.256,2.375,29.078,2.225,80.976,26.96370606
2500.375,94.605,2.311,28.461,2.052,85.185,27.19794492
2500.5,88.575,2.332,26.747,2.21,81.167,23.79093839
2500.625,83.277,2.348,25.46,2.538,77.206,20.280088
2501.125,83.748,2.375,23.333,2.653,71.217,20.62505319
2501.25,86.044,2.375,23.387,2.563,69.392,22.19510844
2501.375,87.564,2.371,23.667,2.388,68.584,23.17915559
2501.5,88.931,2.366,23.993,2.251,68.23,24.02875126
2501.625,90.575,2.359,24.366,2.201,68.753,25.00786345
2501.75,91.799,2.349,24.761,2.133,69.835,25.70922151
2501.875,92.267,2.338,24.753,2.097,70.317,25.97286911
2502,92.385,2.332,24.444,2.087,70.523,26.04074879
2502.125,91.917,2.328,23.991,2.077,70.803,25.7830735
2502.25,91.002,2.332,23.28,2.075,71.479,25.26713075
2502.375,90.214,2.344,22.745,2.083,72.194,24.81258324
2502.5,89.392,2.355,22.59,2.123,72.903,24.32754152
2502.625,88.253,2.364,22.632,2.16,73.537,23.6356236
2502.75,87.359,2.375,23.066,2.267,73.98,23.07717074
2502.875,87.096,2.385,23.673,2.406,74.686,22.91192562
2503,87.167,2.392,23.991,2.481,75.86,22.95988093
2503.125,87.454,2.399,24.119,2.622,77.452,23.14507985
2503.25,86.804,2.409,23.889,2.689,77.337,22.7317513
2503.375,85.104,2.413,23.375,2.676,75.674,21.60892839
2504,86.98,2.393,25.882,2.232,70.057,22.86033076
2505.375,91.597,2.316,29.536,1.925,81.178,25.67001982
2505.5,88.849,2.316,28.665,1.924,77.282,24.06043442
2505.625,85.994,2.316,28.07,1.864,71.019,22.25051263
2505.75,84.452,2.316,27.468,1.816,65.099,21.21002318
2505.875,84.276,2.316,26.926,1.7,62.002,21.09045028
2506,84.668,2.315,26.525,1.586,59.918,21.3640243
2506.125,86.1,2.312,26.104,1.536,58.506,22.33061478
2506.25,87.916,2.297,25.498,1.453,57.583,23.4995669
2506.375,89.002,2.274,24.907,1.393,56.399,24.17133745
2506.5,89.803,2.255,24.493,1.371,54.636,24.6545643
2506.625,90.459,2.239,24.077,1.341,51.942,25.04287829
2506.75,90.884,2.225,23.632,1.335,50.666,25.29165195
2506.875,91.139,2.223,23.511,1.342,51.277,25.44056989
2507,91.307,2.229,23.612,1.38,52.815,25.53900121
2507.125,91.031,2.239,23.724,1.41,55.669,25.38384627
2507.25,89.949,2.258,23.636,1.487,57.844,24.75638465
2507.375,88.746,2.277,23.255,1.582,58.447,24.03583175
2507.5,87.48,2.29,22.977,1.633,58.54,23.25044923
2507.625,86.036,2.301,22.865,1.738,58.296,22.31873473
2507.75,85.249,2.316,23.196,1.843,58.207,21.79536991
2507.875,85.131,2.324,23.878,1.895,58.484,21.71799271
2508,85.262,2.324,24.3,1.999,59.036,21.80920268
2508.125,85.781,2.322,24.464,2.104,59.849,22.15977121
2508.25,86.357,2.318,23.97,2.157,60.47,22.54246101
2508.375,86.544,2.321,22.961,2.262,61.262,22.66705712
2508.5,86.427,2.33,22.314,2.317,62.766,22.59329698
2508.625,85.709,2.343,21.95,2.436,65.865,22.12191289
2508.75,84.864,2.366,22.099,2.544,68.313,21.55381848
2508.875,84.514,2.387,22.748,2.584,68.54,21.31580018
2509,84.469,2.396,23.304,2.619,67.694,21.28721048
2509.125,84.957,2.4,23.845,2.579,65.981,21.62488134
2509.25,85.782,2.4,24.653,2.533,65.64,22.18319324
2509.375,86.477,2.396,25.606,2.412,66.723,22.64367367
2509.5,87.434,2.389,26.424,2.301,68.452,23.26194933
2509.625,89.965,2.378,27.403,2.264,71.638,24.81449676
2509.75,93.979,2.353,29.117,2.237,74.926,27.06331991
2510.5,96.781,2.381,29.027,2.338,78.244,28.5101046
2510.625,89.371,2.4,28.268,2.353,75.941,24.48103018
2510.75,84.115,2.417,27.553,2.408,74.579,21.07625784
2510.875,83.28,2.421,27.564,2.452,75.291,20.48763454
2511,84.502,2.416,28.252,2.449,77.204,21.35032555
2511.125,88.864,2.407,29.499,2.369,80.555,24.18444175
2512.5,94.931,2.265,25.666,1.515,74.328,27.61853987
2512.625,90.772,2.264,25.054,1.55,69.203,25.34772475
2512.75,89.036,2.268,24.527,1.582,65.207,24.32225317
2512.875,89.038,2.272,24.06,1.659,63.742,24.32602338
2513,89.316,2.276,23.727,1.744,63.338,24.49656684
2513.125,89.562,2.283,23.476,1.788,65.17,24.64669136
2513.25,89.385,2.301,23.545,1.878,69.258,24.54317856
2513.375,89.023,2.329,24.141,1.922,72.613,24.32715039
2513.5,88.612,2.35,24.786,2.013,75.393,24.07881944
2513.625,88.405,2.368,25.475,2.115,76.953,23.95390736
2513.75,88.965,2.381,26.38,2.165,76.144,24.29959196
2513.875,89.8,2.379,27.041,2.239,75.107,24.80387492
2514,90.746,2.374,27.263,2.279,74.647,25.36095753
2514.125,91.756,2.368,27.287,2.292,75.703,25.93983604
2514.25,92.072,2.362,27.021,2.309,77.335,26.11948481
2514.375,91.913,2.356,26.748,2.32,77.952,26.03315762
2514.5,91.635,2.352,26.758,2.322,78.203,25.87935987
2514.625,91.17,2.347,26.956,2.313,78.549,25.61770105
2514.75,90.748,2.339,27.496,2.298,79.274,25.3775374
2514.875,90.597,2.335,28.116,2.252,79.795,25.2925637
2515,90.554,2.334,28.495,2.201,80.206,25.2701365
2515.125,90.717,2.336,28.806,2.18,80.802,25.36730648
2515.25,91.235,2.343,29.144,2.146,81.786,25.66771109
2515.375,91.844,2.355,29.415,2.118,82.872,26.01508344
2515.5,92.586,2.363,29.561,2.104,84.087,26.43011782
2515.625,93.603,2.371,29.631,2.071,85.42,26.98478182
2515.75,94.36,2.377,29.516,2.032,85.942,27.38868065
2515.875,94.722,2.379,29.311,2.012,86.13,27.5803555
2516,95.063,2.377,29.339,1.975,86.588,27.75942133
2516.125,95.77,2.374,29.652,1.947,87.707,28.12290195
2517.25,95.419,2.367,30.477,1.906,83.742,27.96800147
2517.375,93.15,2.371,29.521,1.867,83.413,26.77696796
2517.5,90.781,2.374,28.96,1.844,82.489,25.45320142
2517.625,87.81,2.374,28.329,1.843,79.935,23.66491484
2517.75,86.028,2.365,27.307,1.858,76.641,22.51865042
2517.875,85.816,2.347,26.461,1.869,74.539,22.380536
2518,86.292,2.333,26.131,1.894,72.857,22.69767047
2518.125,87.945,2.323,25.984,1.928,71.616,23.75978693
2518.25,90.098,2.32,26.116,1.95,72.177,25.06996483
2518.375,91.51,2.329,26.602,2.007,73.926,25.88855148
2518.5,92.549,2.339,27.118,2.087,76.536,26.47177764
2518.625,93.036,2.349,27.641,2.137,80.851,26.74095771
2518.75,92.521,2.36,27.89,2.247,84.077,26.46151426
2518.875,91.661,2.365,27.175,2.35,84.754,25.98427817
2519,90.649,2.366,26.181,2.392,84.29,25.4076098
2519.125,89.414,2.366,25.189,2.451,82.355,24.68100769
2519.25,88.987,2.365,24.409,2.481,80.062,24.42555975
2519.375,89.319,2.363,24.472,2.487,78.588,24.62899857
2519.5,89.933,2.363,24.869,2.481,77.323,24.99819191
2519.625,90.793,2.363,25.337,2.469,76.419,25.50388804
2519.75,91.166,2.365,26.076,2.438,76.824,25.72099835
2519.875,91.227,2.368,26.923,2.402,77.924,25.75845215
2520,91.439,2.368,27.527,2.387,79.419,25.88179031
2520.125,92.291,2.365,28.012,2.369,81.792,26.36271471
2520.25,93.654,2.358,28.297,2.358,83.838,27.10799804
2520.375,94.817,2.351,28.308,2.346,84.828,27.7232833
2520.5,95.984,2.349,28.418,2.298,85.349,28.32209233
2522.125,93.249,2.29,28.639,1.687,79.107,26.92902508
2522.25,89.615,2.308,27.063,1.649,73.784,24.86555721
2522.375,89.178,2.307,25.891,1.628,70.574,24.60543525
2522.5,89.624,2.299,25.293,1.62,68.155,24.87606884
2522.625,90.436,2.29,24.87,1.611,66.839,25.35822655
2522.75,90.568,2.281,24.664,1.611,67.662,25.43774927
2522.875,90.216,2.28,24.792,1.628,68.656,25.23449809
2523,89.756,2.284,24.93,1.671,69.211,24.96504478
2523.125,89.192,2.291,24.978,1.703,68.794,24.62928916
2523.25,88.64,2.304,24.806,1.787,67.686,24.29550447
2523.375,88.134,2.315,24.491,1.879,67.215,23.98510777
2523.5,87.574,2.322,24.294,1.921,67.32,23.63602626
2523.625,87.004,2.327,24.15,1.985,68.471,23.27483669
2523.75,86.892,2.334,23.979,2.025,69.901,23.20521061
2523.875,86.963,2.339,23.768,2.034,70.449,23.25353985
2524,86.971,2.341,23.589,2.02,70.504,23.26124115
2524.125,86.937,2.341,23.431,1.995,70.051,23.24188271
2524.25,87.424,2.338,23.429,1.921,69.872,23.55619341
2524.375,88.413,2.334,23.805,1.827,70.498,24.17869878
2524.5,89.85,2.33,24.266,1.774,71.854,25.05175767
2524.625,92.182,2.322,24.752,1.666,74.577,26.39521386
2524.75,93.702,2.304,25.251,1.568,76.566,27.22710669
2524.875,93.713,2.279,25.45,1.524,76.587,27.23558305
2525,93.088,2.263,25.465,1.447,75.444,26.90137152
2525.125,91.838,2.251,25.472,1.396,71.846,26.21309918
2525.25,91.105,2.241,25.486,1.384,67.269,25.79950584
2525.375,91.103,2.236,25.432,1.383,64.425,25.80093886
2525.5,91.291,2.236,25.34,1.402,62.382,25.91106576
2525.625,91.237,2.238,25.243,1.416,61.623,25.88281249
2525.75,90.389,2.248,25.149,1.46,63.29,25.39511791
2525.875,89.501,2.268,25.132,1.492,65.493,24.8718069
2526,88.735,2.284,25.168,1.579,67.68,24.41014062
2526.125,88.253,2.299,25.227,1.694,69.328,24.11541182
2526.25,88.453,2.311,25.246,1.76,68.964,24.24182283
2526.375,88.762,2.311,25.05,1.894,68.104,24.43436593
2526.5,88.91,2.308,24.756,1.999,67.625,24.52734108
2526.625,88.485,2.308,24.414,2.031,68.423,24.2692599
2526.75,87.607,2.321,24.03,2.058,70.403,23.72331907
2526.875,87.078,2.345,23.915,2.039,72.021,23.38870735
2527,86.781,2.364,24.022,2.011,73.649,23.19970391
2527.125,86.9,2.379,24.22,1.923,76.021,23.27920176
2527.25,87.409,2.387,24.612,1.799,77.776,23.60793594
2527.375,87.777,2.375,25.1,1.727,77.775,23.8433778
2527.5,88.066,2.354,25.486,1.572,76.363,24.02712585
2527.625,88.376,2.328,25.864,1.495,71.671,24.22239937
2527.75,88.729,2.291,26.248,1.352,66.024,24.44236148
2527.875,89.1,2.263,26.308,1.236,62.898,24.67109621
2528,89.574,2.253,26.078,1.189,60.84,24.9592251
2528.125,90.257,2.247,25.65,1.118,60.003,25.36669238
2528.25,90.549,2.242,24.718,1.075,60.519,25.54004676
2528.375,90.438,2.238,23.681,1.061,60.946,25.47786729
2528.5,90.255,2.235,23.1,1.043,60.989,25.37324601
2528.625,90.192,2.231,22.724,1.038,60.166,25.33879143
2528.75,90.534,2.226,22.593,1.041,58.614,25.5416199
2528.875,90.99,2.221,22.689,1.06,57.16,25.80828119
2529,91.472,2.217,22.705,1.077,55.576,26.08643298
2529.125,91.957,2.214,22.577,1.123,53.908,26.36266659
2529.25,92.07,2.21,22.15,1.188,53.933,26.4284957
2529.375,91.918,2.212,21.704,1.227,55.301,26.34597149
2529.5,91.576,2.218,21.529,1.314,57.244,26.15575999
2529.625,90.594,2.228,21.496,1.422,60.027,25.59461001
2529.75,89.14,2.251,21.749,1.488,61.837,24.733866
2529.875,87.855,2.278,22.262,1.641,62.335,23.94360069
2530,86.424,2.296,22.671,1.8,62.461,23.02841254
2530.125,84.382,2.312,22.998,1.866,62.129,21.65360169
2530.25,82.839,2.334,23.039,1.951,61.407,20.55875434
2530.75,83.562,2.36,21.437,1.923,58.368,21.08936094
2530.875,85.355,2.343,22.235,1.904,58.116,22.33542266
2531,88.408,2.325,23.388,1.93,58.538,24.31140549
2531.125,95.401,2.304,24.904,1.957,61.571,28.24824296
2531.875,94.617,2.307,25.204,1.932,75.121,27.85880538
2532,89.827,2.317,24.177,1.904,72.865,25.19247533
2532.125,85.23,2.32,23.694,1.89,70.697,22.27624774
2532.25,83.325,2.312,23.98,1.838,69.373,20.95026539
2532.375,83.372,2.297,24.963,1.751,68.383,20.98648253
2532.5,83.989,2.285,25.76,1.699,67.182,21.42694902
2532.625,85.532,2.273,26.42,1.591,65.382,22.49025275
2532.75,87.315,2.259,26.922,1.488,64.127,23.66049854
2532.875,88.356,2.25,26.955,1.444,64.183,24.31768616
2533,89.098,2.246,26.764,1.378,65.064,24.77521748
2533.125,89.777,2.245,26.52,1.345,67.271,25.18590882
2533.25,90.359,2.243,26.229,1.341,68.994,25.53221437
2533.375,90.854,2.239,26.05,1.357,69.019,25.8228196
2533.5,91.391,2.234,25.956,1.399,68.026,26.13346637
2533.625,91.89,2.229,25.824,1.43,65.247,26.41829196
2533.75,91.732,2.228,25.492,1.508,62.792,26.33193077
2533.875,91.091,2.237,25.086,1.555,62.298,25.96967968
2534,90.169,2.249,24.868,1.663,62.767,25.43608313
2534.125,88.786,2.266,24.737,1.791,64.691,24.60818938
2534.25,87.799,2.296,24.614,1.863,66.648,23.99800967
2534.375,87.409,2.325,24.413,2.017,67.288,23.75367336
2534.5,87.006,2.342,24.198,2.163,67.334,23.49819121
2534.625,86.085,2.357,23.972,2.226,66.749,22.89966081
2534.75,85.262,2.373,23.742,2.324,66.383,22.35130831
2534.875,85.318,2.381,23.648,2.383,66.867,22.39175844
2535,86.093,2.38,23.646,2.397,68.069,22.9125993
2535.125,88.28,2.373,23.697,2.397,71.061,24.31672517
2535.25,90.417,2.355,24.033,2.388,74.648,25.60746257
2535.375,91.166,2.334,24.822,2.357,77.188,26.04373626
2535.5,91.352,2.323,25.702,2.317,79.831,26.1526472
2535.625,91.229,2.315,26.761,2.3,83.657,26.08498432
2535.75,91.554,2.312,28.295,2.283,86.814,26.27268536
2535.875,92.286,2.316,29.411,2.286,88.22,26.68625312
2536,93.2,2.321,29.784,2.29,88.971,27.19071222
2536.125,93.99,2.327,29.855,2.293,89.2,27.61728732
2536.25,93.417,2.34,29.345,2.293,88.528,27.31326728
2536.375,92.133,2.354,28.327,2.295,87.203,26.61140204
2536.5,90.575,2.363,27.487,2.307,85.238,25.72552599
2536.625,88.84,2.37,26.688,2.338,82.054,24.69263316
2536.75,88.524,2.38,25.803,2.36,80.203,24.50113431
2536.875,89.214,2.388,25.32,2.41,80.271,24.92525107
2537,90.202,2.392,25.211,2.429,80.861,25.51743836
2537.125,91.336,2.397,25.154,2.432,81.795,26.17717482
2537.25,91.457,2.404,24.942,2.367,81.985,26.24868333
2537.375,90.743,2.411,24.518,2.311,81.527,25.84126168
2537.5,89.537,2.413,24.188,2.17,80.573,25.13268061
2537.625,87.303,2.41,23.98,2.014,77.576,23.75263839
2537.75,85.31,2.394,24.085,1.938,72.77,22.44486289
2537.875,84.518,2.365,24.441,1.802,68.726,21.90516305
2538,84.339,2.342,24.563,1.695,64.735,21.78338192
2538.125,85.231,2.319,24.429,1.652,59.995,22.39897523
2538.25,86.947,2.29,23.834,1.583,56.639,23.53687429
2538.375,88.312,2.269,23.246,1.528,55.098,24.40334708
2538.5,89.516,2.259,23.082,1.503,53.942,25.14070159
2538.625,90.483,2.252,23.118,1.451,53.324,25.71578536
2538.75,90.269,2.249,23.401,1.424,54.315,25.59299129
2538.875,89.39,2.256,23.756,1.378,56.03,25.07269352
2539,88.245,2.266,24.013,1.35,58.049,24.37456311
2539.125,86.793,2.276,24.304,1.345,59.853,23.4551748
2539.25,86.249,2.285,24.803,1.351,59.138,23.1022955
2539.375,86.588,2.28,25.325,1.371,57.157,23.32700205
2539.5,87.262,2.27,25.669,1.386,54.867,23.76484914
2539.625,88.367,2.257,25.974,1.42,52.362,24.46315338
2539.75,89.067,2.242,26.16,1.464,51.579,24.89533169
2539.875,89.164,2.237,25.92,1.492,52.211,24.95677433
2540,88.999,2.241,25.529,1.568,53.568,24.85911785
2540.125,88.261,2.25,25.099,1.619,56.451,24.40763308
2540.25,87.065,2.267,24.569,1.752,59.128,23.65385346
2540.375,86.023,2.283,24.143,1.929,60.107,22.97594901
2540.5,84.947,2.291,23.847,2.031,60.31,22.25385674
2540.625,83.643,2.296,23.523,2.245,59.958,21.34684636
2540.75,82.942,2.301,23.134,2.448,60.33,20.84560399
2540.875,82.89,2.305,22.96,2.539,61.343,20.81033664
2541,82.996,2.309,22.925,2.689,62.652,20.88984619
2541.125,83.189,2.315,22.833,2.781,64.368,21.03191242
2541.25,83.286,2.325,22.503,2.798,65.773,21.10426866
2541.375,83.213,2.335,22.144,2.755,66.77,21.05426851
2541.5,82.996,2.342,22.042,2.604,67.836,20.89996037
2541.625,82.434,2.348,22.11,2.497,69.298,20.49148923
2542.125,82.688,2.338,23.597,1.68,65.506,20.68821401
2542.25,83.779,2.304,23.829,1.587,61.981,21.47632148
2542.375,84.684,2.266,23.72,1.423,59.954,22.11137116
2542.5,85.713,2.244,23.424,1.288,58.616,22.81287595
2542.625,87.372,2.229,23.087,1.234,57.97,23.89918154
2542.75,88.874,2.216,22.828,1.154,57.986,24.83951867
2542.875,89.505,2.209,22.958,1.105,57.948,25.22435786
2543,89.808,2.207,23.247,1.09,57.67,25.40811591
2543.125,89.908,2.206,23.595,1.074,57.257,25.47015887
2543.25,89.942,2.204,24.11,1.071,57.128,25.49292127
2543.375,90.117,2.204,24.566,1.076,57.32,25.59906837
2543.5,90.019,2.204,24.815,1.092,58.337,25.54371899
2543.625,89.639,2.206,24.974,1.104,59.606,25.32015904
2543.75,89.371,2.209,24.84,1.137,60.141,25.1618009
2543.875,89.291,2.212,24.217,1.178,60.167,25.11610435
2544,89.488,2.216,23.537,1.202,59.695,25.23737166
2544.125,89.674,2.222,22.815,1.253,59.833,25.35141656
2544.25,89.553,2.23,21.994,1.308,60.572,25.28155222
2544.375,89.127,2.236,21.625,1.338,61.55,25.02711227
2544.5,88.001,2.242,21.678,1.4,62.748,24.33531108
2544.625,86.71,2.251,21.896,1.46,63.265,23.5139021
2544.75,86.001,2.256,22.448,1.485,63.348,23.05075021
2544.875,85.603,2.259,23.18,1.527,63.535,22.78764078
2545,85.845,2.261,23.774,1.542,64.343,22.95209713
2545.125,86.792,2.266,24.418,1.562,65.388,23.57739757
2545.25,87.625,2.27,25.373,1.566,66.03,24.1138707
2545.375,88.455,2.272,26.221,1.564,66.754,24.63596078
2545.5,89.663,2.273,26.688,1.558,68.336,25.37324922
2545.625,90.849,2.272,27.074,1.558,70.374,26.07349213
2545.75,91.689,2.271,27.46,1.562,71.673,26.55660342
2545.875,92.526,2.271,27.621,1.574,72.491,27.0271867
2546,93.336,2.271,27.534,1.589,72.152,27.47271677
2546.125,93.392,2.275,27.226,1.597,70.289,27.50559246
2546.25,92.904,2.285,26.254,1.615,68.507,27.24290049
2546.375,92.092,2.294,24.955,1.63,66.886,26.79625403
2546.5,90.6,2.305,24.133,1.681,65.462,25.94704033
2546.625,89.347,2.317,23.522,1.761,65.417,25.20668368
2546.75,88.918,2.322,23.157,1.812,66.279,24.94886688
2546.875,88.74,2.32,23.262,1.931,67.597,24.84247567
2547,88.73,2.315,23.489,2.055,69.79,24.83891493
2547.125,88.724,2.306,23.722,2.112,71.555,24.8378086
2547.25,88.504,2.302,24.016,2.214,72.235,24.704881
2547.375,88.034,2.304,24.27,2.311,72.568,24.41512609
2547.5,87.15,2.311,24.425,2.368,72.253,23.85716051
2547.625,86.531,2.325,24.547,2.52,71.268,23.45867911
2547.75,86.379,2.334,24.48,2.73,70.558,23.36165965
2547.875,86.164,2.336,23.909,2.842,70.125,23.22261336
2548,84.659,2.337,23.063,3.004,69.69,22.20865917
2549.125,87.388,2.315,20.704,1.679,62.831,24.04286026
2549.25,88.623,2.277,22.772,1.618,63.773,24.819521
2549.375,88.585,2.266,24.144,1.541,64.008,24.79868257
2549.5,87.295,2.264,24.529,1.527,63.429,23.99116453
2549.625,86.226,2.27,24.619,1.542,62.761,23.29937982
2549.75,86.094,2.281,24.405,1.609,62.739,23.21470383
2549.875,86.299,2.29,23.994,1.657,63.084,23.35260311
2550,86.765,2.299,23.72,1.775,64.051,23.65984716
2550.125,87.02,2.315,23.599,1.909,65.116,23.82741446
2550.25,86.998,2.33,23.906,1.978,65.81,23.81579348
2550.375,86.848,2.337,24.616,2.116,66.54,23.72138334
2550.5,86.398,2.34,25.147,2.25,67.745,23.43048652
2550.625,85.898,2.339,25.549,2.315,68.929,23.10246147
2550.75,85.636,2.334,25.688,2.439,69.672,22.92986169
2550.875,85.851,2.333,25.659,2.554,70.33,23.07625564
2551,86.032,2.332,25.581,2.602,70.857,23.19921009
2551.125,85.931,2.332,25.332,2.662,70.56,23.13466544
2551.25,85.643,2.333,25.013,2.66,69.811,22.94478725
2551.375,85.425,2.337,24.643,2.569,68.993,22.80059896
2551.5,86.527,2.343,24.337,2.378,68.758,23.53551364
2551.625,88.992,2.345,24.645,2.265,70.443,25.09465644
2551.75,93.215,2.339,25.435,2.036,73.064,27.52716621
2553.375,93.294,2.256,26.926,1.419,86.145,27.60396339
2553.5,86.171,2.273,25.21,1.495,75.675,23.34248007
2553.625,84.161,2.28,24.006,1.585,66.837,21.9767991
2553.75,83.749,2.278,23.427,1.632,63.331,21.68872029
2553.875,84.812,2.275,23.011,1.714,61.904,22.43393376
2554,86.311,2.274,22.711,1.767,62.555,23.44507525
2554.125,87.049,2.277,22.639,1.784,64.277,23.92829684
2554.25,87.402,2.282,22.641,1.804,65.406,24.15719494
2554.375,87.24,2.289,22.647,1.806,66.439,24.05618334
2554.5,86.669,2.302,22.81,1.796,67.979,23.68978346
2554.625,86.23,2.312,23.286,1.762,69.348,23.40451335
2554.75,85.828,2.313,23.76,1.736,69.882,23.1402643
2554.875,85.475,2.31,24.152,1.67,69.823,22.90594189
2555,85.628,2.294,24.145,1.588,68.285,23.01147328
2555.125,86.208,2.274,23.478,1.545,65.531,23.40024863
2555.25,87.139,2.261,22.835,1.462,63.251,24.00935663
2555.375,88.734,2.249,22.316,1.392,61.106,25.01424435
2555.5,89.737,2.238,22.081,1.362,58.869,25.62439796
2555.625,89.548,2.231,22.29,1.313,57.711,25.51379947
2555.75,88.646,2.23,22.492,1.277,57.388,24.9678651
2555.875,86.681,2.232,22.599,1.264,57.056,23.72584698
2556,85.111,2.236,22.647,1.243,56.452,22.68210592
2556.125,84.684,2.241,22.87,1.237,56.33,22.3916813
2556.25,84.73,2.243,23.277,1.229,57.121,22.42597467
2556.375,85.418,2.245,23.836,1.23,58.586,22.89816452
2556.5,86.31,2.244,24.561,1.233,60.938,23.49571966
2556.625,86.818,2.24,24.767,1.237,62.266,23.83032598
2556.75,87.177,2.236,24.497,1.233,62.258,24.06463543
2556.875,87.572,2.233,24.058,1.228,61.987,24.31944782
2557,87.996,2.23,23.461,1.212,62.099,24.58963881
2557.125,88.341,2.231,23.157,1.196,62.682,24.80760624
2557.25,88.656,2.231,23.117,1.191,62.752,25.00502065
2557.375,88.679,2.231,23.068,1.194,62.171,25.02176265
2557.5,88.196,2.229,22.782,1.204,60.735,24.72507842
2557.625,87.757,2.228,22.367,1.239,59.864,24.45207339
2557.75,87.424,2.23,22.196,1.293,59.875,24.24329529
2557.875,87.071,2.236,22.227,1.326,60.132,24.01960953
2558,86.54,2.255,22.689,1.404,60.556,23.67747364
2558.125,86.012,2.284,23.377,1.496,60.962,23.33199411
2558.25,85.465,2.306,23.786,1.549,61.513,22.96830385
2558.375,84.903,2.327,24.011,1.671,62.605,22.58840748
2558.5,84.664,2.348,23.852,1.821,65.489,22.42639027
2558.625,84.65,2.359,23.275,1.904,69.057,22.41926852
2558.75,84.732,2.361,22.814,2.07,71.392,22.47844326
2558.875,85.114,2.363,22.508,2.212,73.374,22.74297241
2559,85.79,2.366,22.659,2.269,75.347,23.20199909
2559.125,86.373,2.369,23.363,2.361,76.687,23.59107732
2559.25,86.942,2.372,23.979,2.4,77.633,23.96464497
2559.375,87.667,2.376,24.532,2.46,78.682,24.43123231
2559.5,88.101,2.382,25.15,2.498,79.746,24.70702148
2559.625,88.078,2.388,25.642,2.513,79.552,24.69520803
2559.75,87.746,2.392,25.935,2.54,78.59,24.48895132
2559.875,86.877,2.395,26.168,2.558,77.511,23.93543247
2560,86.329,2.399,26.279,2.564,76.915,23.58011157
2560.125,86.6,2.405,26.133,2.578,77.907,23.76037728
2560.25,87.348,2.409,25.946,2.598,79.366,24.24628362
2560.375,88.704,2.415,25.757,2.604,80.942,25.09918293
2560.5,89.436,2.424,25.502,2.604,82.9,25.54743776
2560.625,89.217,2.433,25.271,2.599,84.465,25.41765025
2560.75,88.489,2.438,25.131,2.598,85.445,24.97428539
2560.875,86.971,2.442,24.998,2.598,86.35,24.0168447
2561,85.69,2.444,24.724,2.595,87.376,23.17606015
2561.125,85.182,2.441,24.32,2.593,87.943,22.83537432
2561.25,84.946,2.437,24.021,2.6,87.827,22.67672286
2561.375,85.099,2.431,23.804,2.604,87.214,22.78392488
2561.5,85.712,2.424,23.796,2.614,85.273,23.20106915
2561.625,86.378,2.421,24.056,2.647,82.539,23.64574702
2561.75,87.165,2.422,24.274,2.679,80.588,24.15989706
2561.875,88.258,2.426,24.417,2.779,79.018,24.85410794
2562,88.69,2.432,24.33,2.909,77.877,25.12419372
2562.125,88.131,2.438,23.86,2.975,77.56,24.78001044
2562.25,86.829,2.443,23.29,3.074,77.31,23.95319662
2562.375,83.806,2.448,22.585,3.096,76.524,21.90491554
2563,82.835,2.435,22.091,3.155,69.463,21.21898816
2563.125,84.539,2.415,23.169,3.128,71.882,22.43439815
2563.25,85.731,2.406,23.784,3.019,73.517,23.24971971
2563.375,86.393,2.4,24.245,2.872,74.727,23.69159644
2563.5,86.509,2.398,24.752,2.801,75.69,23.77028291
2563.625,86.692,2.4,25.291,2.679,76.153,23.89241728
2563.75,87.134,2.403,25.76,2.588,76.471,24.18118605
2563.875,88.27,2.406,26.28,2.554,77.124,24.90293657
2564,89.596,2.411,26.94,2.505,79.115,25.71625664
2564.125,90.432,2.415,27.303,2.486,81.957,26.21476611
2564.25,91.267,2.416,27.365,2.438,83.975,26.70138359
2564.375,92.635,2.414,27.402,2.364,85.624,27.47347808
2564.5,93.903,2.407,27.526,2.316,86.916,28.16439999
2564.625,94.298,2.4,27.601,2.191,87.434,28.37672432
2564.75,94.014,2.395,27.477,2.036,87.642,28.22879725
2564.875,91.901,2.389,27.171,1.955,87.611,27.07461042
2565,88.647,2.374,26.503,1.801,85.766,25.15981778
2565.125,86.612,2.349,25.829,1.665,81.321,23.8711108
2565.25,85.289,2.328,25.455,1.603,76.989,22.99267061
2565.375,84.982,2.306,25.142,1.489,72.373,22.78588378
2565.5,85.958,2.278,24.719,1.435,66.215,23.44754785
2565.625,86.945,2.258,24.263,1.333,61.457,24.09789786
2565.75,87.725,2.25,23.888,1.246,59.248,24.59954626
2565.875,88.192,2.245,23.459,1.212,57.764,24.89566268
2566,88.282,2.241,22.865,1.163,57.256,24.9543732
2566.125,88.381,2.239,22.517,1.139,58.231,25.01853259
2566.25,88.641,2.238,22.491,1.136,59.281,25.18200961
2566.375,89.318,2.237,22.54,1.147,60.069,25.59804985
2566.5,89.954,2.237,22.548,1.184,60.311,25.98198612
2566.625,90.041,2.237,22.46,1.211,59.947,26.03622685
2566.75,89.876,2.239,22.472,1.274,59.953,25.94077683
2566.875,89.825,2.245,22.684,1.339,60.731,25.91297748
2567,90.662,2.264,23.541,1.37,64.297,26.40906125
2567.125,92.199,2.292,24.895,1.422,70.183,27.28880943
2567.25,94.696,2.313,26.086,1.445,74.884,28.64099975
2568.75,87.519,2.221,23.786,1.81,58.937,24.53079234
2568.875,84.14,2.248,22.423,1.799,55.533,22.27346633
2569,83.148,2.266,21.274,1.775,53.404,21.56872909
2569.125,83.162,2.271,20.913,1.703,53.104,21.58140806
2569.25,83.236,2.273,21.15,1.627,53.454,21.63742701
2569.375,83.437,2.276,21.659,1.593,53.917,21.78461415
2569.5,84.047,2.282,22.622,1.541,54.805,22.22083053
2569.625,84.837,2.287,23.399,1.519,55.925,22.7734642
2569.75,85.781,2.286,23.621,1.518,56.756,23.41677601
2569.875,87.001,2.283,23.587,1.533,57.478,24.22177874
2570,87.586,2.276,23.093,1.566,58.019,24.59924646
2570.125,87.39,2.273,22.266,1.588,58.094,24.47692498
2570.25,86.787,2.274,21.599,1.646,58.039,24.09079848
2570.375,85.44,2.278,20.953,1.684,57.923,23.20020434
2570.5,83.768,2.288,20.162,1.783,57.821,22.04390757
2570.625,82.31,2.303,19.471,1.913,58.275,20.98765326
2572,85.351,2.273,21.399,1.526,54.243,23.17334162
2572.125,87.125,2.254,22.363,1.472,53.545,24.34823989
2572.25,88.128,2.248,22.695,1.393,53.136,24.98763769
2572.375,88.389,2.245,22.695,1.353,52.662,25.15298306
2572.5,87.826,2.245,22.635,1.347,52.04,24.80298255
2572.625,87.132,2.252,21.861,1.355,51.88,24.36307899
2572.75,86.334,2.259,20.869,1.379,52.156,23.84583937
2572.875,85.324,2.266,20.397,1.395,52.551,23.17301389
2573,84.748,2.275,20.176,1.426,52.798,22.78136956
2573.125,84.632,2.28,20.189,1.452,52.937,22.70373174
2573.25,84.622,2.28,20.302,1.46,53.458,22.69936941
2573.375,84.751,2.278,20.392,1.462,54.391,22.79113695
2573.5,85.146,2.272,20.566,1.457,55.914,23.06474697
2573.625,85.735,2.262,21.184,1.436,56.558,23.46569551
2573.75,86.527,2.254,22.125,1.412,55.946,23.99329212
2573.875,87.636,2.246,22.744,1.403,54.527,24.71116774
2574,88.045,2.237,23.113,1.391,51.687,24.97188493
2574.125,87.693,2.234,22.932,1.394,49.423,24.75249773
2574.25,87.044,2.237,22.196,1.402,48.896,24.3399174
2574.375,85.997,2.243,21.632,1.431,49.422,23.65616742
2574.5,85.234,2.254,21.217,1.479,51.896,23.14526299
2574.625,84.972,2.266,20.961,1.508,54.514,22.96884969
2574.75,84.814,2.273,20.895,1.576,55.341,22.86281167
2574.875,84.64,2.278,20.82,1.65,55.231,22.74518635
2575,84.363,2.283,20.674,1.687,54.054,22.55512963
2575.125,83.969,2.286,20.405,1.762,53.101,22.28096762
2575.25,83.335,2.288,20.249,1.8,53.182,21.83135594
2575.375,82.041,2.289,20.309,1.887,53.895,20.88381396
2576.5,81.817,2.328,20.257,2.54,66.68,20.73842053
2576.625,82.057,2.324,20.846,2.54,68.158,20.9212511
2576.75,82.178,2.323,21.467,2.476,68.144,21.01419403
2576.875,82.316,2.324,21.726,2.343,67.223,21.1194342
2577,82.316,2.328,21.812,2.265,64.879,21.12198307
2577.125,82.615,2.329,21.677,2.112,62.984,21.34556734
2577.25,82.966,2.326,21.407,1.983,62.491,21.60505939
2577.375,83.408,2.319,21.197,1.93,62.339,21.92733165
2577.5,84.131,2.306,20.977,1.837,61.851,22.44383736
2577.625,84.69,2.293,20.59,1.754,60.707,22.83626777
2577.75,84.794,2.287,20.128,1.713,59.743,22.91066177
2577.875,84.652,2.283,19.805,1.629,58.911,22.81510507
2578,84.077,2.282,19.531,1.543,58.043,22.41608711
2578.125,83.372,2.283,19.303,1.5,57.469,21.91679784
2578.25,82.997,2.282,19.235,1.426,57.019,21.64806171
2578.375,82.795,2.28,19.228,1.398,56.218,21.50320417
2578.5,82.869,2.27,19.207,1.368,53.987,21.55986568
2578.625,83.399,2.257,19.173,1.384,51.224,21.94644789
2578.75,84.117,2.249,19.235,1.411,49.671,22.45963173
2578.875,84.994,2.243,19.366,1.503,48.719,23.07131021
2579,85.836,2.248,19.48,1.632,48.535,23.64408982
2579.125,85.282,2.268,19.22,1.707,49.232,23.27307509
2579.25,83.551,2.295,18.186,1.875,50.06,22.06826272
2580.5,84.949,2.313,21.174,2.045,62.295,23.0738695
2580.625,86.985,2.29,22.396,1.871,63.602,24.43363232
2580.75,87.549,2.281,23.272,1.754,64.041,24.79827005
2580.875,87.837,2.277,23.698,1.715,64.028,24.98350111
2581,88.14,2.279,23.957,1.666,63.434,25.17663968
2581.125,88.452,2.284,23.902,1.653,63,25.37373857
2581.25,88.667,2.289,23.53,1.659,62.959,25.5093755
2581.375,88.82,2.292,23.283,1.695,63.03,25.60616019
2581.5,88.041,2.294,23.182,1.726,63.072,25.12494307
2581.625,87.314,2.295,23.317,1.811,62.819,24.666256
2581.75,86.421,2.297,23.497,1.913,62.512,24.08892157
2581.875,84.939,2.299,23.479,1.963,62.196,23.09530116
2582,83.428,2.306,23.344,2.046,61.866,22.03641255
2582.125,82.432,2.316,23.562,2.077,61.846,21.3125937
2582.25,81.711,2.323,24.335,2.07,62.122,20.77547217
2582.375,82.659,2.329,25.568,2.029,62.823,21.48518152
2582.5,87.075,2.327,28.194,1.994,65.256,24.53062691
2583.5,90.091,2.285,28.892,2.206,82.428,26.41751857
2583.625,85.638,2.317,28.119,2.235,78.778,23.60664608
2583.75,83.5,2.33,27.619,2.309,76.322,22.12396029
2583.875,83.633,2.337,27.153,2.358,74.603,22.22169348
2584,85.06,2.331,26.937,2.351,74.19,23.22203679
2584.125,86.049,2.317,27.658,2.257,75.501,23.89195317
2584.25,87.127,2.306,28.885,2.101,76.789,24.60043287
2584.375,89.945,2.294,30.549,2.027,77.954,26.3490412
2586.5,92.336,2.366,29.566,1.882,85.804,27.77138478
2586.625,90.335,2.365,29.93,1.818,84.912,26.62702931
2588.625,90.745,2.4,27.99,2.039,89.22,26.90907276
2588.75,86.587,2.407,27.292,2.215,86.192,24.34275661
2588.875,84.27,2.405,26.961,2.301,84.244,22.77515283
2589,84.775,2.396,26.895,2.447,83.445,23.12911507
2589.125,85.913,2.392,26.992,2.537,83.846,23.90466615
2589.25,86.916,2.398,27.003,2.558,84.351,24.56762176
2589.375,87.613,2.407,26.879,2.555,84.881,25.0180157
2589.5,87.621,2.42,26.392,2.538,85.615,25.02570137
2589.625,87.41,2.43,25.701,2.496,86.129,24.89370774
2589.75,87.129,2.432,25.183,2.46,86.298,24.71579353
2589.875,86.569,2.432,24.652,2.444,86.341,24.35427342
2590,85.883,2.429,23.841,2.416,85.724,23.90271462
2590.125,85.342,2.424,23.057,2.394,84.08,23.54069289
2590.25,84.796,2.421,22.61,2.385,82.409,23.16938766
2590.375,84.086,2.42,22.268,2.368,80.588,22.67667454
2590.5,83.522,2.423,22.032,2.36,77.892,22.27828492
2590.625,83.278,2.43,22.091,2.36,75.643,22.10527939
2590.75,83.176,2.434,22.309,2.362,74.812,22.03406764
2590.875,83.417,2.436,22.626,2.362,74.604,22.21059148
2591,83.963,2.433,23.17,2.356,75.332,22.60266443
2591.125,84.386,2.425,23.682,2.342,76.586,22.90267384
2591.25,84.811,2.418,24.014,2.332,77.254,23.2003657
2591.375,85.567,2.412,24.384,2.311,77.451,23.71887033
2591.5,86.542,2.405,25.009,2.295,77.533,24.37024982
2591.625,87.35,2.401,25.589,2.29,78.584,24.89683047
2591.75,88.189,2.397,25.886,2.283,80.131,25.4308544
2591.875,89.255,2.394,26.158,2.278,81.936,26.09071029
2592,90.201,2.391,26.782,2.276,83.903,26.66037422
2592.125,91.021,2.389,27.788,2.279,84.153,27.14262982
2592.25,92.239,2.387,28.634,2.303,83.306,27.83808023
2592.375,94.884,2.382,29.42,2.329,82.353,29.26913904
2595.875,88.683,2.286,26.743,1.413,69.205,25.82393901
2596,83.061,2.293,24.713,1.38,61.147,22.05841502
2596.125,81.964,2.293,23.121,1.36,56.391,21.24978873
2596.25,82.326,2.288,22.4,1.302,55.248,21.52302698
2596.375,84.163,2.283,22.034,1.224,55.106,22.85450331
2596.5,85.954,2.273,22.248,1.182,55.736,24.08473307
2596.625,86.592,2.263,23.001,1.102,56.281,24.50936081
2596.75,86.751,2.257,23.604,1.035,56.293,24.6159289
2596.875,86.484,2.252,24.127,1.009,56.02,24.44365479
2597,86.289,2.248,24.705,0.977,55.085,24.31767831
2597.125,86.489,2.246,25.101,0.968,53.732,24.45213128
2597.25,86.869,2.246,25.204,0.97,52.785,24.70317311
2597.375,87.236,2.247,25.133,0.98,52.15,24.94315514
2597.5,86.977,2.252,24.762,0.987,52.354,24.77848612
2597.625,86.357,2.262,24.406,1.002,53.542,24.37556555
2597.75,85.599,2.27,24.318,1.021,54.581,23.8723774
2597.875,84.631,2.278,24.312,1.033,55.526,23.21254275
2598,84.084,2.285,24.244,1.06,56.714,22.83234875
2598.125,84.029,2.284,24.018,1.089,57.944,22.79609377
2598.25,84.103,2.28,23.843,1.102,58.624,22.8509049
2598.375,84.297,2.276,23.761,1.122,58.847,22.98987733
2598.5,84.472,2.272,23.872,1.135,58.212,23.11482296
2598.625,84.622,2.271,24.055,1.142,57.344,23.22178696
2598.75,84.918,2.274,24.124,1.162,57.293,23.42900237
2598.875,85.758,2.277,24.156,1.177,58.019,24.0027115
2599,86.784,2.284,24.231,1.226,60.49,24.68420048
2599.125,87.269,2.291,24.376,1.305,63.531,25.00079126
2599.25,87.384,2.295,24.509,1.358,65.112,25.0772069
2599.375,86.73,2.301,24.633,1.485,65.978,24.65676259
2599.5,85.48,2.311,24.702,1.619,66.008,23.82819414
2599.625,84.577,2.324,24.598,1.678,65.337,23.21117893
2599.75,83.903,2.334,24.436,1.757,64.944,22.74039353
2599.875,83.98,2.344,24.295,1.765,65.093,22.79753175
2600,86.136,2.349,24.546,1.747,66.8,24.27852618
2600.125,89.709,2.336,25.774,1.706,69.883,26.53734959
2600.25,95.222,2.313,27.48,1.703,72.566,29.61143005
2602.625,93.921,2.313,27.805,1.742,82.729,28.97737181
2602.75,87.934,2.336,26.376,1.788,79.344,25.49990078
2602.875,83.225,2.355,25.268,1.839,76.485,22.31886647
2603,82.092,2.371,24.037,1.802,73.865,21.48682677
2603.125,82.601,2.377,23.235,1.755,72.054,21.86788812
2603.25,83.255,2.378,23.074,1.639,70.377,22.34830517
2603.375,83.844,2.376,23.212,1.512,67.862,22.77327889
2603.5,84.023,2.363,23.696,1.439,62.853,22.90276372
2603.625,83.945,2.342,23.855,1.272,58.318,22.85012811
2603.75,83.8,2.326,23.38,1.185,56.612,22.74971952
2603.875,83.679,2.314,22.45,1.032,55.87,22.66601388
2604,83.735,2.307,20.805,0.934,55.037,22.70856566
2604.125,83.91,2.309,19.656,0.909,53.156,22.83563196
2604.25,84.167,2.31,19.446,0.898,51.185,23.01986049
2604.375,84.442,2.305,19.569,0.918,49.178,23.21528598
2604.5,84.252,2.288,19.997,0.927,47.027,23.0848008
2604.625,83.758,2.27,20.374,0.93,46.014,22.73786247
2604.75,83.145,2.264,20.563,0.911,45.813,22.29948864
2604.875,82.499,2.263,20.764,0.897,45.798,21.82848562
2605,82.539,2.271,21.157,0.875,46.156,21.86064946
2605.125,83.059,2.277,21.618,0.869,46.822,22.2446989
2605.25,83.756,2.275,21.957,0.872,47.244,22.74933775
2605.375,84.755,2.267,22.342,0.892,47.495,23.45357465
2605.5,85.555,2.242,22.997,0.904,47.467,24.00332417
2605.625,85.9,2.214,23.576,0.93,47.242,24.23795799
2606.25,83.385,2.222,23.921,0.91,46.755,22.50402805
2606.375,83.231,2.232,23.772,0.87,46.889,22.39533751
2606.5,83.67,2.243,23.14,0.828,47.378,22.71375702
2606.625,84.184,2.251,22.276,0.811,47.855,23.0809179
2606.75,84.723,2.255,21.788,0.791,47.997,23.45988892
2606.875,85.489,2.256,21.519,0.788,48.045,23.98719875
2607,86.341,2.253,21.627,0.787,48.315,24.55979283
2607.125,87.055,2.245,22.149,0.783,49.232,25.02935661
2607.25,87.869,2.241,22.62,0.777,50.539,25.55278574
2607.375,89.173,2.239,23.062,0.765,52.397,26.36505527
2607.5,90.395,2.243,23.59,0.766,55.465,27.10001607
2607.625,91.031,2.249,24.014,0.777,57.874,27.47409821
2607.75,91.52,2.252,24.251,0.819,58.583,27.75795026
2607.875,92.223,2.251,24.451,0.878,58.474,28.15835884
2608,93.098,2.247,24.621,0.908,57.148,28.64563181
2608.125,93.693,2.24,24.596,0.957,55.538,28.97137914
2608.25,94.066,2.236,24.458,0.987,54.652,29.17397676
2608.375,93.71,2.232,24.285,0.994,53.97,28.98583014
2608.5,92.365,2.228,24.062,0.999,53.437,28.25098584
2608.625,91.141,2.226,23.914,0.999,53.549,27.55874475
2608.75,90.039,2.227,23.883,1.003,54.091,26.9154846
2608.875,88.98,2.23,23.911,1.021,54.876,26.27851425
2609,88.405,2.236,24.052,1.036,55.649,25.92581124
2609.125,88.09,2.244,24.248,1.08,55.5,25.73130884
2609.25,87.618,2.25,24.375,1.139,54.953,25.43523497
2609.375,86.567,2.255,24.456,1.174,54.46,24.75809003
2609.5,85.46,2.262,24.424,1.246,54.432,24.02204012
2609.625,84.89,2.267,24.194,1.32,55.173,23.63488287
2609.75,84.498,2.271,23.905,1.354,55.978,23.36561153
2609.875,84.202,2.275,23.563,1.418,56.762,23.16081526
2610,84.191,2.281,23.174,1.448,57.659,23.15566012
2610.125,84.353,2.284,23.132,1.506,58.423,23.27201336
2610.25,84.656,2.285,23.403,1.567,58.855,23.485929
2610.375,85.352,2.286,23.85,1.6,59.219,23.96685958
2610.5,85.924,2.286,24.584,1.668,59.991,24.35533911
2610.625,85.957,2.289,25.106,1.744,61.296,24.3800059
2610.75,85.711,2.293,25.219,1.786,62.476,24.21759344
2610.875,85.164,2.299,25.155,1.885,63.684,23.8489936
2611,84.702,2.309,24.695,2.011,65.052,23.53339311
2611.125,84.452,2.321,23.835,2.082,65.932,23.36198289
2611.25,84.175,2.33,23.026,2.215,66.408,23.17026673
2611.375,83.455,2.339,22.135,2.275,66.951,22.66023926
2611.5,82.207,2.359,20.813,2.256,67.54,21.74760386
2612.375,81.81,2.364,20.144,1.091,56.173,21.46712281
2612.5,85.686,2.306,21.736,0.998,54.182,24.23714094
2612.625,87.723,2.266,23.268,0.845,53.12,25.57256001
2612.75,89.241,2.251,24.085,0.743,52.663,26.51919656
2612.875,90.884,2.241,24.674,0.711,51.92,27.49936406
2613,92.441,2.225,25.115,0.672,50.131,28.38847108
2614.125,91.448,2.222,24.132,0.858,52.466,27.85120645
2614.25,91.549,2.227,23.402,0.895,52.166,27.91160629
2614.375,91.218,2.229,22.84,0.97,52.626,27.7243465
2614.5,90.337,2.229,22.509,1.043,53.942,27.2130457
2614.625,89.602,2.234,22.709,1.079,55.975,26.7772179
2614.75,89.008,2.242,23.067,1.156,59.293,26.41886902
2614.875,88.517,2.254,23.402,1.2,61.828,26.11852818
2615,87.984,2.271,23.385,1.31,62.554,25.78747374
2615.125,87.089,2.286,22.478,1.449,62.277,25.21827726
2615.25,85.463,2.296,21.193,1.526,59.752,24.14357037
2615.375,81.557,2.31,19.514,1.683,55.8,21.33666997
2616.625,82.194,2.329,21.787,1.19,53.839,21.84344741
2616.75,84.313,2.313,22.06,1.061,53.16,23.38125372
2616.875,86.756,2.297,22.159,0.971,52.212,25.03828213
2617,88.416,2.272,22.199,0.938,51.428,26.1002269
2617.125,89.022,2.252,22.248,0.894,50.74,26.47730129
2617.25,89.26,2.243,22.256,0.872,50.271,26.62525375
2617.375,88.917,2.237,22.206,0.868,50.54,26.41812574
2617.5,87.938,2.237,22.1,0.872,51.065,25.8107823
2617.625,87.074,2.242,22.144,0.889,51.534,25.26079864
2617.75,86.275,2.248,22.326,0.902,51.785,24.74003483
2617.875,85.451,2.254,22.542,0.938,51.871,24.19003889
2618,85.128,2.262,22.577,0.962,52.168,23.9723695
2618.125,85.168,2.27,22.101,1.018,52.66,24.00236043
2618.25,85.316,2.274,21.53,1.081,53.136,24.10603138
2618.375,85.706,2.277,20.982,1.113,52.948,24.37288359
2618.5,86.107,2.277,20.571,1.183,52.42,24.6440783
2618.625,86.214,2.272,20.639,1.262,51.82,24.71782683
2618.75,86.107,2.269,20.871,1.307,51.577,24.64929114
2618.875,85.629,2.266,21.105,1.415,52.483,24.33136162
2619,85.037,2.265,21.296,1.549,53.851,23.9307248
2619.125,84.617,2.269,21.252,1.625,55.599,23.64295565
2619.25,84.147,2.276,21.058,1.779,58.026,23.3163108
2619.375,83.293,2.287,20.777,1.851,59.248,22.70874668
2619.5,82.217,2.31,20.403,1.973,58.975,21.91992937
2619.625,81.424,2.334,20.311,2.051,58.176,21.32246549
2620.25,81.613,2.328,21.811,1.767,56.708,21.47967199
2620.375,83.204,2.318,22.09,1.614,57.046,22.6649487
2620.5,84.793,2.303,22.886,1.545,57.493,23.79364968
2620.625,85.707,2.293,23.912,1.429,57.929,24.42043355
2620.75,86.407,2.29,24.472,1.348,58.132,24.88994799
2620.875,86.875,2.29,24.722,1.32,57.898,25.19948549
2621,86.805,2.291,24.444,1.288,57.734,25.15645323
2621.125,86.58,2.29,23.865,1.283,57.912,25.01172189
2621.25,86.383,2.285,23.583,1.292,58.987,24.88453568
2621.375,86.181,2.28,23.505,1.326,60.271,24.7532818
2621.5,85.969,2.275,23.702,1.352,60.992,24.61455204
2621.625,85.775,2.276,23.999,1.417,61.624,24.48705431
2621.75,85.551,2.28,24.143,1.497,62.686,24.33851637
2621.875,85.371,2.287,24.21,1.54,63.591,24.21894586
2622,85.434,2.298,24.258,1.628,63.54,24.26438436
2622.125,85.541,2.308,24.424,1.699,62.715,24.33955993
2622.25,85.567,2.314,24.704,1.72,60.247,24.35976493
2622.375,85.215,2.319,25.079,1.721,57.926,24.12294881
2622.5,84.445,2.325,25.423,1.662,57.512,23.59309747
2622.625,83.746,2.328,25.124,1.613,58.119,23.101711
2622.75,83.074,2.329,24.49,1.49,60.086,22.61957862
2622.875,82.645,2.33,23.777,1.425,61.727,22.3075571
2623,83.089,2.328,23.07,1.299,62.091,22.63568076
2623.125,83.924,2.322,22.849,1.189,61.995,23.2388556
2623.25,84.997,2.314,22.858,1.141,61.587,23.99163739
2623.375,86.552,2.304,22.813,1.059,61.619,25.04033196
2623.5,87.657,2.287,22.554,0.994,62.061,25.75822111
2623.625,87.996,2.271,22.332,0.968,62.606,25.97578759
2623.75,88.098,2.263,22.407,0.923,63.376,26.04268024
2623.875,88.013,2.259,22.689,0.89,63.884,25.99175706
2624,87.854,2.261,23.335,0.879,63.795,25.89386781
2624.125,87.84,2.269,23.915,0.868,63.26,25.88761746
2624.25,88.004,2.273,24.092,0.869,61.644,25.99394771
2624.375,88.53,2.274,24.081,0.878,59.9,26.32596339
2624.5,89.049,2.266,23.895,0.889,59.291,26.6488417
2624.625,89.185,2.253,23.836,0.892,59.477,26.7346219
2624.75,89.058,2.247,24.006,0.888,61.108,26.65961339
2624.875,88.498,2.245,24.328,0.879,62.726,26.31656856
2625,88.028,2.248,24.894,0.875,62.869,26.0248228
2625.125,88.068,2.251,25.278,0.872,62.094,26.05265237
2625.25,88.391,2.25,25.33,0.876,60.051,26.25777374
2625.375,89.148,2.246,25.266,0.881,58.587,26.7278142
2625.5,89.928,2.239,25.033,0.896,58.664,27.20179858
2625.625,90.284,2.235,24.714,0.913,59.644,27.41618806
2625.75,90.354,2.236,24.448,0.921,62.528,27.46021807
2625.875,89.988,2.24,24.148,0.937,66.052,27.24554203
2626,89.471,2.252,23.716,0.946,68.123,26.93741181
2626.125,89.119,2.271,23.424,0.973,69.45,26.72587519
2626.25,88.699,2.287,23.347,1.023,69.564,26.47017684
2626.375,87.682,2.302,23.305,1.058,68.347,25.83442833
2626.5,86.203,2.317,23.178,1.142,67.645,24.87493352
2626.625,85.105,2.322,22.973,1.225,67.81,24.13613694
2626.75,84.254,2.323,22.859,1.261,69.963,23.54744869
2626.875,83.876,2.324,22.831,1.33,72.782,23.28258421
2627,84.251,2.33,23.046,1.408,74.17,23.55053569
2627.125,84.814,2.334,23.532,1.454,74.956,23.94602604
2627.25,85.524,2.334,24.001,1.563,75.515,24.43490891
2627.375,86.628,2.331,24.537,1.627,76.409,25.17391918
2627.5,87.432,2.325,25.36,1.762,77.5,25.69824187
2627.625,87.612,2.321,26.062,1.884,78.729,25.81602629
2627.75,87.562,2.322,26.354,1.935,79.96,25.78671793
2627.875,87.313,2.324,26.472,2.027,80.457,25.62964224
2628,87.21,2.329,26.469,2.115,80.777,25.565869
2628.125,87.406,2.336,26.633,2.154,81.379,25.69466402
2628.25,87.798,2.342,27.044,2.218,82.502,25.94752738
2628.375,88.528,2.347,27.691,2.277,83.181,26.40879801
2628.5,89.027,2.353,28.765,2.306,83.069,26.7195419
2628.625,88.976,2.357,29.488,2.346,82.639,26.69088093
2628.75,88.595,2.359,29.565,2.358,82.173,26.45830772
2628.875,87.824,2.361,29.381,2.36,82.485,25.97714802
2629,87.586,2.364,28.883,2.363,83.112,25.82827711
2629.125,87.984,2.37,28.318,2.364,83.795,26.08366839
2629.25,88.591,2.374,27.915,2.356,84.34,26.46634293
2629.375,89.226,2.378,27.526,2.349,83.841,26.85965086
2629.5,89.303,2.379,27.087,2.351,82.656,26.90918686
2629.625,89.149,2.375,26.862,2.361,81.097,26.81791434
2629.75,89.025,2.369,26.855,2.365,79.146,26.74463845
2629.875,88.916,2.364,26.92,2.363,78.23,26.68032513
2630,88.749,2.361,27.067,2.356,78.324,26.57998862
2630.125,88.522,2.363,27.237,2.344,78.738,26.44187585
2630.25,88.273,2.367,27.384,2.334,79.641,26.28907845
2630.375,88.026,2.37,27.502,2.305,81.025,26.1364397
2630.5,87.897,2.373,27.405,2.291,82.329,26.05754098
2630.625,87.906,2.373,27.009,2.272,83.538,26.06586466
2630.75,88.054,2.373,26.699,2.265,84.256,26.1619768
2630.875,88.67,2.374,26.528,2.261,83.672,26.54952622
2631,89.579,2.375,26.815,2.254,82.756,27.10811333
2631.125,90.163,2.374,27.652,2.249,81.92,27.46055663
2631.25,90.58,2.372,28.388,2.248,81.632,27.70952993
2631.375,90.633,2.371,29.093,2.24,82.5,27.74327897
2631.5,90.246,2.374,29.985,2.225,83.538,27.51773656
2631.625,89.877,2.381,30.662,2.217,84.582,27.30051298
2631.75,89.487,2.385,30.859,2.203,85.631,27.06830593
2631.875,89.139,2.385,30.756,2.196,85.934,26.85921469
2632,89.341,2.38,29.972,2.197,85.893,26.98500134
2632.125,89.847,2.371,28.746,2.214,86.084,27.29309468
2632.25,90.514,2.367,27.851,2.232,86.895,27.69187463
2632.375,91.418,2.365,27.034,2.29,87.721,28.21991457
2632.5,91.737,2.365,26.005,2.357,87.683,28.40487975
2632.625,91.253,2.366,25.11,2.384,86.8,28.13028382
2632.75,90.219,2.366,24.549,2.423,83.845,27.52813958
2632.875,88.005,2.365,23.989,2.456,80.162,26.17573759
2633,85.58,2.364,23.186,2.475,78.062,24.59291532
2633.125,84.146,2.367,22.514,2.522,76.728,23.6039526
2633.25,83.107,2.373,22.209,2.587,76.317,22.86128832
2633.375,82.649,2.381,22.025,2.624,76.853,22.52790753
2633.5,83.187,2.395,21.951,2.677,77.148,22.9246908
2633.625,83.811,2.407,21.997,2.676,77.146,23.37658512
2633.75,84.173,2.413,22.034,2.657,77.025,23.63602741
2633.875,83.66,2.416,22.046,2.606,77.183,23.27382762
2634,82.338,2.421,22.068,2.58,77.487,22.31004866
2634.125,81.524,2.427,22.248,2.537,77.776,21.69805416
2634.25,81.19,2.431,22.592,2.521,78.022,21.44399564
2634.375,81.836,2.434,23.154,2.525,78.371,21.94059882
2634.5,83.295,2.435,24.22,2.543,78.906,23.02383118
2634.625,84.448,2.432,24.997,2.558,79.591,23.84754128
2634.75,85.482,2.428,24.972,2.564,80.342,24.56304559
2634.875,86.419,2.424,24.486,2.569,80.579,25.19332031
2635,86.478,2.418,23.324,2.567,80.566,25.2348935
2635.125,85.936,2.414,22.342,2.563,80.333,24.87714524
2635.25,85.114,2.41,22.069,2.556,79.283,24.32224831
2635.375,83.885,2.404,22.142,2.552,77.631,23.46573519
2635.5,83.308,2.389,22.849,2.545,76.306,23.05402948
2635.625,83.615,2.374,23.984,2.54,75.256,23.2779572
2635.75,84.396,2.369,24.9,2.536,75.167,23.8345633
2635.875,85.982,2.37,25.821,2.523,76.542,24.92365105
2636,87.486,2.386,26.956,2.508,77.964,25.91129819
2636.125,88.304,2.41,27.646,2.507,79.325,26.43211445
2636.25,88.951,2.427,27.823,2.516,80.731,26.83619318
2636.375,89.408,2.442,27.925,2.525,81.261,27.11801853
2636.5,89.105,2.457,28.219,2.524,81.23,26.93594804
2636.625,88.293,2.466,28.678,2.517,81.199,26.43575485
2636.75,87.134,2.469,28.899,2.501,81.238,25.70031564
2636.875,85.478,2.473,28.859,2.494,81.336,24.60475946
2637,84.692,2.478,28.25,2.494,81.4,24.06728416
2637.125,84.891,2.482,27.443,2.504,81.41,24.2078171
2637.25,85.483,2.484,27.067,2.527,81.541,24.61599862
2637.375,86.699,2.485,26.896,2.529,82.176,25.43003385
2637.5,87.723,2.483,26.83,2.521,83.045,26.0942227
2637.625,88.009,2.481,26.688,2.502,84.052,26.27819462
2637.75,87.979,2.48,26.53,2.472,85.105,26.261873
2637.875,87.476,2.479,26.438,2.452,85.068,25.94430047
2638,86.652,2.48,26.607,2.416,84.303,25.41231276
2638.125,86.035,2.484,27.027,2.403,83.397,25.00622077
2638.25,85.579,2.486,27.35,2.404,82.435,24.7020306
2638.375,85.593,2.487,27.657,2.414,81.793,24.71412699
2638.5,86.469,2.486,28.206,2.423,81.511,25.30233807
2638.625,87.56,2.482,29.005,2.447,81.372,26.01386692
2638.75,88.708,2.48,29.677,2.465,81.507,26.73898796
2638.875,89.711,2.479,30.262,2.467,81.866,27.3540036
2639,89.701,2.482,30.457,2.461,82.101,27.35062506
2639.125,89.162,2.486,29.807,2.447,82.309,27.0262252
2639.25,88.461,2.489,28.986,2.436,82.78,26.5960568
2639.375,87.586,2.491,28.133,2.405,83.542,26.04626908
2639.5,87.171,2.491,27.283,2.374,84.114,25.78203541
2639.625,87.264,2.488,27.107,2.36,84.408,25.84474224
2639.75,87.666,2.485,27.4,2.332,84.245,26.10524033
2639.875,88.832,2.48,27.852,2.299,84.229,26.83936956
2640,90.211,2.472,28.529,2.281,84.831,27.67674437
2640.125,90.885,2.466,29.034,2.24,85.999,28.07588953
2640.25,91.222,2.462,29.275,2.217,88.189,28.27404813
2640.375,91.211,2.461,29.52,2.173,89.615,28.27034728
2640.5,90.941,2.46,29.97,2.143,89.501,28.11645476
2640.625,90.73,2.46,30.449,2.135,88.606,27.99595626
2640.75,90.551,2.459,30.763,2.129,86.708,27.8935695
2640.875,90.381,2.458,31.043,2.136,85.49,27.79598021
2641,90.524,2.456,31.179,2.142,85.472,27.88297812
2641.125,90.968,2.454,30.774,2.154,85.945,28.14541717
2641.25,91.606,2.454,30.166,2.15,86.795,28.51587162
2641.375,92.285,2.455,29.501,2.14,87.103,28.90299967
2641.5,92.135,2.459,28.884,2.115,86.968,28.82133205
2641.625,91.492,2.464,28.879,2.106,86.759,28.45858516
2641.75,90.737,2.467,29.202,2.099,86.734,28.02390344
2641.875,90.13,2.469,29.998,2.102,87.131,27.66828973
2642,90.38,2.469,30.058,2.104,87.473,27.81922198
2642.125,91.051,2.466,30.052,2.107,87.692,28.21484721
2642.25,91.888,2.464,29.942,2.095,87.584,28.69766596
2642.375,93.396,2.463,29.677,2.082,86.931,29.53837629
2642.5,93.13,2.466,29.094,2.052,86.064,29.39567628
2642.625,92.844,2.469,28.69,2.034,84.926,29.24088116
2642.75,92.931,2.469,28.763,2.029,83.542,29.29157113
2642.875,93.264,2.468,29.092,2.025,83.329,29.47703036
2643,93.672,2.462,29.651,2.03,84.179,29.70145154
2643.125,94.12,2.457,29.737,2.035,85.589,29.94485317
2643.25,94.288,2.454,29.328,2.041,87.661,30.03706257
2643.375,94.211,2.453,28.705,2.039,88.488,29.99874368
2643.5,93.965,2.454,27.917,2.03,88.275,29.86989561
2643.625,93.374,2.456,27.681,2.024,88.077,29.5530514
2643.75,92.625,2.457,27.928,2.021,88.414,29.14344377
2643.875,92.018,2.457,28.337,2.012,88.866,28.80582481
2644,91.367,2.459,28.871,2.003,88.588,28.43724077
2644.125,90.614,2.462,29.059,2.001,87.656,28.0021485
2644.25,90.389,2.464,28.928,1.997,85.673,27.8722262
2644.375,90.646,2.466,28.667,1.989,84.366,28.02623909
2644.5,91.183,2.466,28.289,1.984,84.635,28.3417274
2644.625,92.301,2.465,28.283,1.967,85.688,28.98113367
2644.75,93.373,2.463,28.699,1.935,87.384,29.57650524
2644.875,93.966,2.462,29.393,1.914,88.06,29.89979859
2645,94.441,2.46,30.457,1.869,87.76,30.15567131
2645.125,94.898,2.458,30.926,1.852,87.321,30.39896695
2645.25,95.271,2.456,30.703,1.839,87.369,30.59590219
2645.375,95.687,2.454,30.291,1.864,88.21,30.81300539
2645.5,96.244,2.45,29.984,1.892,88.712,31.09916826
2645.625,96.588,2.443,30.28,1.978,88.702,31.27489068
2645.75,95.515,2.438,30.628,2.083,87.616,30.73266702
2645.875,93.606,2.433,30.659,2.129,86.023,29.72710525
2646,91.041,2.433,29.499,2.198,84.767,28.29130257
2646.125,87.304,2.441,27.448,2.253,83.304,26.00730329
2646.25,85.054,2.451,26.095,2.288,81.008,24.51105279
2646.375,84.821,2.463,25.158,2.387,79.313,24.35275656
2646.5,85.222,2.475,24.859,2.448,78.993,24.63163104
2646.625,86.079,2.48,25.553,2.582,79.289,25.21389963
2646.75,86.501,2.473,26.375,2.71,80.156,25.49668878
2646.875,86.349,2.472,27.113,2.767,80.525,25.39879743
2647,85.967,2.473,27.416,2.867,80.17,25.14683845
2647.125,85.19,2.474,26.728,2.954,79.393,24.62279934
2647.25,84.143,2.477,25.825,2.996,77.644,23.89645321
2647.375,83.264,2.483,24.872,3.063,75.855,23.2693177
2647.5,82.517,2.486,23.748,3.07,74.98,22.72352672
2647.625,82.165,2.488,23.116,3.053,74.485,22.46338333
2647.75,82.461,2.485,23.066,3.025,74.418,22.68711512
2647.875,82.804,2.478,23.286,3.034,74.886,22.9434947
2648,83.104,2.471,23.907,3.056,75.585,23.16591942
2648.125,83.242,2.465,24.294,3.144,76.501,23.26897897
2648.25,82.807,2.458,23.915,3.215,77.876,22.9535122
2648.375,81.842,2.458,22.758,3.367,78.376,22.23537391
2651.75,82.215,2.407,19.04,2.677,65.688,22.5866757
2651.875,83.065,2.394,20.419,2.433,67.785,23.21825001
2652,83.61,2.39,21.906,2.249,68.799,23.61574966
2652.125,83.938,2.394,22.835,2.177,69.284,23.85293726
2652.25,84.072,2.39,23.214,2.067,68.721,23.95072713
2652.375,84.235,2.387,23.512,1.994,67.387,24.06860689
2652.5,84.537,2.383,23.894,1.969,66.61,24.28331594
2652.625,85.114,2.38,24.208,1.939,66.224,24.68593832
2652.75,85.455,2.379,24.332,1.934,66.553,24.92178995
2652.875,85.345,2.381,24.348,1.943,67.833,24.84943312
2653,84.968,2.387,24.114,1.975,69.372,24.59322991
2653.125,84.138,2.395,23.644,1.998,71.229,24.01577536
2653.25,83.463,2.399,23.225,2.053,73.429,23.5359818
2653.375,83.309,2.403,22.789,2.117,74.126,23.42716094
2653.5,83.38,2.405,22.235,2.15,73.573,23.48121042
2653.625,83.58,2.408,21.887,2.218,72.85,23.62813456
2653.75,83.612,2.41,21.837,2.284,72.927,23.65375732
2653.875,83.58,2.413,21.934,2.316,74.539,23.63335965
2654,83.612,2.42,22.306,2.373,76.048,23.65898302
2654.125,83.536,2.428,22.747,2.419,77.195,23.60690906
2654.25,83.461,2.433,22.951,2.437,77.571,23.55543161
2654.375,83.472,2.439,23.032,2.455,76.818,23.56598459
2654.5,83.578,2.445,23.033,2.454,76.011,23.64498489
2654.625,83.621,2.449,23.19,2.436,75.408,23.67851687
2654.75,83.59,2.45,23.525,2.412,75.609,23.65884375
2654.875,83.533,2.451,23.996,2.4,77.13,23.62042416
2655,83.711,2.45,24.686,2.378,78.781,23.75094488
2655.125,84.11,2.447,25.115,2.366,80.465,24.03782019
2655.25,84.743,2.444,25.169,2.367,82.356,24.48455844
2655.375,86.042,2.442,25.077,2.377,83.282,25.37308346
2655.5,87.439,2.44,24.744,2.39,83.263,26.29188521
2655.625,88.12,2.44,24.308,2.398,82.745,26.72800749
2655.75,88.287,2.442,24.036,2.417,80.829,26.83567888
2655.875,87.16,2.443,23.847,2.438,78.221,26.11975702
2656,84.909,2.446,23.723,2.448,76.729,24.61539482
2656.125,83.228,2.447,23.612,2.481,75.874,23.42578021
2656.25,81.917,2.446,23.449,2.506,75.342,22.45592844
2656.375,81.231,2.445,23.206,2.568,74.34,21.93398993
2656.5,81.815,2.442,22.78,2.626,72.811,22.38383525
2656.625,82.646,2.438,22.406,2.648,70.663,23.00926313
2656.75,83.27,2.434,22.234,2.673,67.451,23.46936353
2656.875,82.641,2.431,22.126,2.668,65.599,23.01077841
2657,80.434,2.428,22.136,2.657,65.556,21.32345425
2657.625,81.342,2.433,22.662,2.517,67.19,22.0456019
2657.75,82.524,2.435,22.735,2.467,66.363,22.94227374
2657.875,83.418,2.436,22.866,2.421,65.728,23.60014184
2658,83.87,2.436,22.927,2.403,65.599,23.92741998
2658.125,83.902,2.434,22.595,2.388,65.74,23.95285707
2658.25,83.671,2.431,22.098,2.407,66.273,23.79025421
2658.375,82.856,2.429,21.515,2.433,66.775,23.20072756
2658.5,81.55,2.425,20.704,2.523,66.826,22.22349054
2658.625,80.468,2.423,19.959,2.673,66.616,21.38407441
2663,84.762,2.365,24.028,1.613,77.404,24.66046288
2663.125,85.226,2.372,24.479,1.729,76.743,24.98342181
2663.25,85.543,2.368,24.467,1.782,76.158,25.20240651
2663.375,85.631,2.364,24.283,1.878,76.622,25.26474491
2663.5,85.426,2.364,23.898,1.962,77.535,25.12804967
2663.625,85.238,2.373,23.95,2.003,78.497,25.00216917
2663.75,85.17,2.383,23.962,2.091,79.483,24.95814134
2663.875,85.436,2.393,23.958,2.139,79.713,25.14276057
2664,85.781,2.406,24.014,2.224,79.354,25.37933365
2664.125,85.879,2.414,24.152,2.276,78.773,25.44799304
2664.25,85.825,2.418,24.503,2.29,77.777,25.41426961
2664.375,85.486,2.42,24.93,2.305,77.407,25.18734019
2664.5,85.257,2.423,25.218,2.303,77.969,25.03360456
2664.625,85.313,2.426,25.485,2.298,79.019,25.07457144
2664.75,85.428,2.428,25.751,2.287,80.125,25.15573208
2664.875,85.404,2.43,25.732,2.282,79.223,25.14199743
2665,85.194,2.429,25.522,2.283,77.306,25.00092507
2665.125,85.119,2.422,25.294,2.298,75.319,24.95201762
2665.25,85.217,2.415,25.27,2.335,74.147,25.02196972
2665.375,85.65,2.41,25.665,2.358,74.933,25.31975201
2665.5,85.989,2.407,26.005,2.404,75.528,25.55087458
2665.625,85.765,2.407,26.129,2.425,75.39,25.40278511
2665.75,85.112,2.405,25.61,2.472,74.236,24.96035514
2665.875,83.682,2.404,24.577,2.531,73.687,23.95790013
2666,82.515,2.407,23.844,2.557,74.286,23.10788797
2666.125,82.232,2.413,23.271,2.579,75.291,22.89916865
2666.25,82.274,2.423,22.897,2.55,76.304,22.93325929
2666.375,82.468,2.427,23.093,2.522,76.472,23.08075596
2666.5,82.579,2.419,23.649,2.452,76.571,23.16588556
2666.625,82.865,2.405,24.542,2.376,77.115,23.37983869
2666.75,83.655,2.376,26.392,2.339,78.681,23.95686031
2667.25,90.897,2.357,30.167,2.06,83.425,28.65977068
2667.375,91.375,2.371,29.913,2.026,84.561,28.93970288
2667.5,91.121,2.38,29.674,1.968,85.224,28.79548999
2667.625,90.953,2.386,29.541,1.921,85.624,28.70044288
2667.75,91.011,2.391,29.702,1.9,85.769,28.73689633
2667.875,91.344,2.393,30.173,1.859,85.677,28.93250828
2668,91.887,2.393,30.552,1.813,85.616,29.24605726
2668.125,92.886,2.395,30.849,1.788,85.755,29.80884309
2668.25,93.826,2.401,31.01,1.742,86.923,30.32497975
2668.375,94.398,2.409,30.987,1.714,88.788,30.63386645
2668.5,95.004,2.414,30.989,1.71,90.26,30.95593988
2669.125,94.293,2.422,27.79,1.981,89.879,30.59411772
2669.25,90.338,2.436,25.607,2.102,85.727,28.37348988
2669.375,87.004,2.455,23.78,2.242,80.671,26.30367798
2669.5,83.708,2.466,22.957,2.324,77.271,24.05262135
2670,81.176,2.457,21.392,2.979,69.884,22.17505576
2670.125,84.225,2.451,21.34,2.998,69.42,24.43388043
2670.25,85.946,2.446,21.538,2.973,69.041,25.62224869
2670.375,85.744,2.444,21.878,2.895,69.033,25.48878998
2670.5,84.751,2.442,22.01,2.854,69.913,24.81056844
2670.625,82.909,2.441,21.954,2.788,71.05,23.49596761
2670.75,81.814,2.438,21.577,2.743,71.421,22.68025302
2670.875,81.766,2.436,21.232,2.723,71.259,22.64636476
2671,81.902,2.436,21.24,2.676,70.386,22.75225538
2671.125,82.22,2.435,21.482,2.623,69.566,22.99469545
2671.25,82.815,2.435,22.129,2.601,69.275,23.43987382
2671.375,83.449,2.435,22.775,2.581,69.14,23.90540394
2671.5,84.144,2.435,23.02,2.611,69.021,24.4054835
2671.625,84.834,2.435,23.026,2.653,68.722,24.89193533
2671.75,84.647,2.437,22.481,2.802,68.172,24.76441763
2671.875,83.775,2.442,21.336,2.915,67.17,24.15052945
2672,82.475,2.449,20.099,3.224,64.91,23.20366032
2673.75,81.379,2.373,19.503,1.473,56.664,22.41013936
2680.625,81.777,2.356,20.938,1.435,72.193,22.85870487
2680.75,80.781,2.371,21.495,1.507,72.705,22.09137811
2681.625,84.98,2.36,23.374,1.568,69.236,25.20402899
2681.75,85.202,2.368,23.137,1.546,68.354,25.35970763
2681.875,85.265,2.37,23.233,1.554,67.325,25.40559839
2682,85.251,2.369,23.41,1.569,66.255,25.39863688
2682.125,85.068,2.367,23.557,1.618,66.412,25.2753765
2682.25,84.763,2.37,23.448,1.686,67.592,25.06666657
2682.375,84.301,2.376,23.239,1.727,69.443,24.74551241
2682.5,83.502,2.385,22.99,1.825,72.009,24.1775706
2682.625,82.741,2.397,22.446,1.959,72.656,23.62391749
2682.75,82.167,2.405,21.379,2.046,71.461,23.19841285
2682.875,81.251,2.41,20.111,2.256,69.294,22.50210953
2684.125,80.437,2.452,20.333,2.398,57.181,21.89037823
2684.25,82.067,2.428,21.97,2.227,59.69,23.15452813
2684.375,83.278,2.42,22.474,2.091,63.122,24.05460836
2684.5,84.4,2.417,22.61,2.04,68.575,24.86011531
2684.625,85.069,2.422,22.522,1.973,73.041,25.32891036
2684.75,85.364,2.428,22.503,1.953,75.07,25.53421198
2684.875,85.584,2.428,22.619,1.937,76.591,25.68685754
2685,85.796,2.425,22.793,1.936,77.654,25.83314209
2685.125,85.978,2.415,23.038,1.936,76.652,25.95839706
2685.25,86.076,2.4,23.202,1.933,74.493,26.02679758
2685.375,86.129,2.389,23.251,1.928,71.987,26.06492919
2685.5,86.071,2.379,23.27,1.924,70.167,26.02874691
2685.625,85.695,2.371,23.245,1.912,71.56,25.77805842
2685.75,85.189,2.373,23.151,1.9,73.869,25.43535594
2685.875,84.578,2.38,23.053,1.899,75.884,25.01408701
2686,83.8,2.389,22.958,1.912,76.365,24.46573651
2686.125,83.38,2.399,22.849,1.926,74.709,24.16556846
2686.25,83.35,2.4,22.766,1.966,73.302,24.14642651
2686.375,83.448,2.396,22.717,2.016,72.428,24.22011966
2686.5,83.68,2.394,22.671,2.041,72.496,24.39015013
2686.625,83.928,2.393,22.569,2.083,73.115,24.57045012
2686.75,84.199,2.397,22.396,2.119,73.123,24.76573585
2686.875,84.587,2.4,22.216,2.137,72.602,25.04151563
2687,85.073,2.402,22.001,2.179,71.453,25.38190252
2687.125,85.187,2.405,21.789,2.231,70.903,25.46307509
2687.25,85.04,2.409,21.952,2.26,71.342,25.36441076
2687.375,84.824,2.413,22.371,2.318,72.432,25.2173939
2687.5,84.56,2.418,22.89,2.374,74.643,25.03581712
2687.625,84.515,2.427,23.355,2.401,76.698,25.00691384
2687.75,84.624,2.434,23.196,2.447,77.786,25.08589281
2687.875,84.744,2.437,22.773,2.466,78.692,25.17229332
2688,84.785,2.438,22.382,2.495,79.577,25.20348619
2688.125,84.595,2.439,22.305,2.514,79.771,25.07353339
2688.25,84.285,2.441,22.773,2.519,79.477,24.85822694
2688.375,83.98,2.445,23.259,2.527,79.089,24.64446722
2688.5,83.847,2.45,23.714,2.543,79.039,24.55212373
2688.625,84.095,2.456,24.204,2.556,79.754,24.73156987
2688.75,84.424,2.459,24.536,2.58,80.458,24.96676563
2688.875,84.753,2.458,24.723,2.591,80.99,25.199711
2689,85.208,2.455,24.93,2.589,81.336,25.51720404
2689.125,85.677,2.451,25.266,2.572,81.52,25.8400215
2689.25,86.008,2.45,25.532,2.559,81.751,26.06601163
2689.375,86.306,2.451,25.591,2.529,82.169,26.26790896
2689.5,86.581,2.452,25.553,2.5,82.991,26.45291201
2689.625,86.852,2.45,25.487,2.488,83.743,26.63385507
2689.75,87.098,2.441,25.665,2.473,84.352,26.79715415
2689.875,87.32,2.431,26.019,2.47,85.052,26.9438131
2690,87.471,2.421,26.469,2.468,85.678,27.04389837
2690.125,87.326,2.41,27.016,2.45,85.113,26.95301267
2690.25,87.03,2.407,27.24,2.419,83.865,26.76349635
2690.375,86.686,2.41,27.201,2.403,82.375,26.54074946
2690.5,86.561,2.413,27.128,2.371,81.173,26.46094427
2690.625,87.124,2.415,27.195,2.345,82.066,26.83268011
2690.75,87.834,2.414,27.515,2.339,83.776,27.2923743
2690.875,88.56,2.412,27.794,2.342,85.58,27.75292328
2691,89.344,2.411,27.976,2.347,87.303,28.23963745
2691.125,89.634,2.414,27.84,2.35,87.766,28.41868081
2691.25,89.442,2.422,27.283,2.345,87.368,28.30474388
2691.375,88.981,2.428,26.77,2.342,86.784,28.02485559
2691.5,87.893,2.436,26.298,2.337,86.091,27.34592326
2691.625,86.724,2.447,25.822,2.325,85.672,26.59233132
2691.75,86.26,2.458,25.571,2.318,85.453,26.28769501
2691.875,86.246,2.464,25.566,2.307,85.268,26.28101385
2692,87.051,2.468,25.755,2.295,85.395,26.81441415
2692.125,88.213,2.47,26.552,2.285,86.52,27.56190942
2692.25,88.897,2.468,27.774,2.259,88.061,27.99166658
2692.375,89.355,2.466,28.636,2.225,89.896,28.27575371
2692.75,90.153,2.464,29.284,2.137,90.49,28.76559222
2692.875,90.618,2.464,29.082,2.097,88.827,29.04414788
2693,91.294,2.463,29.05,2.072,86.673,29.44163775
2693.125,91.618,2.461,29.288,2.064,85.561,29.630973
2693.25,91.557,2.456,29.441,2.057,85.475,29.59864342
2693.375,91.396,2.45,29.271,2.058,85.544,29.50862995
2693.5,91.35,2.441,28.935,2.061,85.469,29.48475397
2693.625,91.577,2.428,28.543,2.063,85.189,29.61818723
2693.75,91.653,2.416,28.609,2.057,84.987,29.66446748
2693.875,91.495,2.412,28.969,2.051,84.926,29.5764208
2694,90.885,2.41,29.435,2.038,85.293,29.22510023
2694.125,90.204,2.412,30.092,2.035,86.302,28.82548578
2694.25,89.98,2.415,30.642,2.042,87.396,28.69417135
2694.375,90.091,2.418,30.974,2.069,88.597,28.76335225
2694.5,90.841,2.42,31.222,2.091,89.664,29.21006457
2694.625,91.539,2.423,31.007,2.153,89.192,29.61784311
2694.75,91.437,2.427,29.935,2.229,87.836,29.56181345
2694.875,90.667,2.432,28.769,2.264,86,29.11591134
2695,88.32,2.437,27.517,2.315,82.996,27.69063217
2695.125,85.602,2.445,25.984,2.339,80.522,25.91637333
2695.25,84.264,2.448,25.145,2.346,79.798,24.99137444
2695.375,83.596,2.446,25.129,2.36,80.088,24.51695367
2695.5,83.939,2.439,25.452,2.377,82.294,24.76574253
2695.625,85.186,2.421,26.256,2.385,84.869,25.64246094
2695.75,86.251,2.399,27.022,2.387,85.603,26.3666912
2695.875,87.304,2.385,27.383,2.375,85.146,27.0612341
2696,88.673,2.372,27.675,2.315,83.171,27.93282071
2696.125,89.609,2.357,28.284,2.222,81.569,28.51054505
2696.875,93.208,2.356,31.185,1.91,87.976,30.60435266
2697,94.348,2.362,30.395,1.89,89.196,31.22408546
2697.125,94.689,2.37,29.481,1.849,90.196,31.40775568
2697.25,94.493,2.373,29.214,1.831,90.377,31.30664021
2697.375,94.23,2.372,29.436,1.798,90.028,31.16918484
2697.5,94.133,2.368,29.805,1.77,88.913,31.11994514
2697.625,94.424,2.361,30.345,1.757,88.023,31.27806967
2697.75,94.868,2.358,30.709,1.731,87.901,31.51562121
2697.875,95.461,2.36,30.835,1.709,87.958,31.82773665
2698,96.467,2.365,30.892,1.704,88.099,32.34450035
2698.125,97.404,2.371,30.786,1.718,88.128,32.8141053
2698.25,97.782,2.377,30.36,1.761,87.899,33.0020131
2698.375,97.819,2.381,29.781,1.789,87.195,33.02276217
2698.5,96.812,2.387,28.984,1.851,84.912,32.52857533
2698.625,94.525,2.405,27.674,1.912,81.884,31.35335767
2698.75,92.276,2.428,26.736,1.941,80.075,30.12608143
2698.875,89.773,2.444,26.568,2.002,78.852,28.66868823
2699,86.558,2.458,26.697,2.039,78.077,26.63974891
2699.125,84.806,2.471,27.035,2.136,77.695,25.45369589
2699.25,84.782,2.476,27.115,2.255,77.314,25.43963571
2699.375,85.417,2.476,26.934,2.313,76.705,25.88048809
2699.5,86.699,2.476,26.68,2.396,75.547,26.74345854
2699.625,87.456,2.476,26.394,2.417,74.513,27.23936256
2699.75,87.413,2.478,26.258,2.403,74.002,27.21429749
2699.875,87.056,2.481,26.214,2.338,73.595,26.98539841
2700,86.375,2.482,26.195,2.252,73.154,26.53968627
2700.125,86.051,2.484,26.394,2.212,73.331,26.32590223
2700.25,86.412,2.483,26.961,2.149,74.198,26.56959684
2700.375,87.345,2.482,27.506,2.125,75.659,27.18370531
2700.5,89.567,2.479,27.978,2.088,78.167,28.57878943
2700.625,91.97,2.472,28.143,2.058,79.569,29.99327264
2700.75,93.124,2.464,27.666,2.048,79.022,30.64173165
2700.875,93.548,2.46,27.091,2.035,77.32,30.87670375
2701,92.73,2.458,26.527,2.025,73.907,30.4289026
2701.125,91.006,2.46,25.991,2.023,71.34,29.44884332
2701.25,89.737,2.465,25.832,2.036,70.706,28.69786106
2701.375,88.606,2.468,25.897,2.095,70.662,28.00600759
2701.5,87.282,2.47,25.966,2.146,70.649,27.16693265
2701.625,86.311,2.47,25.833,2.289,69.932,26.53168617
2701.75,85.842,2.469,25.371,2.483,68.961,26.21975532
2701.875,85.495,2.469,24.876,2.596,67.797,25.98687387
2702,85.078,2.47,24.285,2.843,65.88,25.70329159
2702.125,84.316,2.475,23.219,2.968,63.818,25.17372564
2702.25,83.307,2.484,21.951,3.204,62.549,24.45285185
2702.375,81.829,2.491,21.017,3.387,61.726,23.35523056
2703.125,80.112,2.483,19.483,3.711,72.884,22.02873664
2703.25,82.02,2.482,20.029,3.732,73.627,23.51865554
2703.375,83.02,2.483,20.05,3.738,73.162,24.26680788
2703.5,82.067,2.487,19.686,3.669,69.837,23.55947564
2704.625,82.331,2.419,19.769,2.377,64.299,23.78195526
2704.75,83.564,2.406,21.139,2.232,68.318,24.69213043
2704.875,84.377,2.406,21.771,2.134,72.721,25.275096
2705,84.837,2.411,22.277,2.104,77.858,25.5999503
2705.125,84.6,2.42,22.898,2.078,79.779,25.43714642
2705.25,84.057,2.425,23.374,2.077,78.714,25.05630461
2705.375,83.368,2.425,23.562,2.08,76.622,24.56333623
2705.5,82.5,2.421,23.63,2.079,73.746,23.92683218
2705.625,82.044,2.414,23.484,2.079,72.313,23.58690943
2705.75,82.116,2.408,23.146,2.081,72.179,23.64395254
2705.875,82.44,2.408,22.873,2.085,72.282,23.88994923
2706,83.042,2.41,22.657,2.088,72.164,24.33846686
2706.125,83.491,2.417,22.595,2.095,71.665,24.66844538
2706.25,83.615,2.424,22.784,2.103,71.38,24.7607192
2706.375,83.612,2.426,22.961,2.108,71.255,24.76120278
2706.5,83.507,2.423,23.076,2.124,70.869,24.68797084
2706.625,83.429,2.414,23.085,2.158,69.895,24.63409525
2706.75,83.375,2.405,22.976,2.182,69.146,24.59753317
2706.875,83.185,2.402,22.817,2.234,68.588,24.46171447
2707,82.42,2.403,22.542,2.257,68.384,23.8987603
2707.125,81.234,2.413,21.869,2.29,68.677,22.99811952
2707.25,80.335,2.426,21.12,2.307,68.893,22.29376818
2707.375,79.573,2.433,20.787,2.313,69.136,21.68146849
2707.625,80.17,2.441,21.238,2.326,74.204,22.16973236
2707.75,81.574,2.444,22.289,2.321,77.777,23.27360658
2707.875,83.396,2.447,23.24,2.286,81.359,24.63661478
2708,86.295,2.449,24.27,2.219,84.937,26.65685989
2708.125,88.782,2.448,25.786,2.179,85.989,28.26012641
2708.25,89.829,2.445,27.178,2.104,85.548,28.90365243
2708.375,90.357,2.442,28.003,2.073,85.108,29.22249016
2708.5,90.552,2.439,28.722,2.033,85.523,29.34077578
2708.625,90.492,2.438,29.412,2.027,86.825,29.30796251
2708.75,90.329,2.44,29.551,2.036,87.715,29.21390453
2708.875,90.07,2.441,29.274,2.067,88.352,29.06196377
2709,89.649,2.441,28.798,2.114,88.817,28.81091623
2709.125,89.204,2.438,27.859,2.144,88.671,28.54214091
2709.25,88.795,2.433,26.789,2.22,87.802,28.29231886
2709.375,88.307,2.429,26.056,2.301,86.024,27.98988939
2709.5,87.511,2.426,25.388,2.341,81.59,27.48573785
2709.625,86.767,2.424,24.662,2.414,76.544,27.00415433
2709.75,86.394,2.423,24.295,2.464,73.767,26.7601128
2709.875,86.067,2.422,24.28,2.476,71.86,26.5442917
2710,85.475,2.42,24.378,2.479,70.608,26.14607905
2710.125,84.75,2.413,24.527,2.472,70.436,25.64824101
2710.25,84.43,2.404,24.44,2.432,70.672,25.42656398
2710.375,84.459,2.399,24.148,2.35,70.947,25.44963784
2710.5,85.181,2.395,23.739,2.298,70.892,25.95504412
2710.625,86.163,2.39,23.247,2.189,69.864,26.62464665
2710.75,86.646,2.385,23.149,2.085,68.275,26.94843353
2710.875,86.842,2.379,23.318,2.041,66.122,27.08014116
2711.375,87.128,2.363,22.523,2.023,64.162,27.27781956
2711.5,86.767,2.364,21.931,2.058,65.314,27.04420121
2711.625,85.46,2.366,21.076,2.145,64.956,26.17044158
2711.75,84.139,2.37,20.414,2.24,63.985,25.25255933
2712,81.571,2.384,20,2.363,63.881,23.36096708
2712.125,81.399,2.405,19.926,2.431,66.59,23.2311919
2712.25,81.898,2.429,19.975,2.459,69.426,23.61607121
2712.375,82.553,2.441,20.118,2.491,72.556,24.11170544
2712.5,83.179,2.449,20.352,2.482,76.265,24.57646799
2712.625,83.224,2.453,20.795,2.468,77.705,24.61200245
2712.75,83.017,2.453,21.264,2.431,77.114,24.46301073
2712.875,82.87,2.452,21.638,2.394,75.929,24.35739559
2713,83.188,2.451,22.109,2.38,74.179,24.593647
2713.125,83.974,2.448,22.856,2.371,73.159,25.16422861
2713.25,84.872,2.443,23.32,2.378,72.938,25.79969528
2713.375,84.924,2.44,23.321,2.407,73.017,25.838488
2713.5,84.817,2.437,23.166,2.435,73.953,25.76673869
2713.625,84.763,2.434,22.968,2.448,75.759,25.73175665
2713.75,84.772,2.431,23.019,2.471,77.285,25.74069457
2713.875,84.896,2.429,23.208,2.488,78.614,25.82968201
2714,85.091,2.427,23.434,2.495,79.783,25.96746494
2714.125,85.341,2.425,23.748,2.52,80.405,26.14223358
2714.25,85.772,2.427,24.059,2.563,80.88,26.43866983
2714.375,86.82,2.431,24.293,2.58,81.595,27.14049222
2714.5,87.758,2.437,24.554,2.592,82.919,27.75128881
2714.625,87.864,2.448,24.983,2.588,84.2,27.82166957
2714.75,87.488,2.459,25.417,2.561,84.858,27.58326523
2714.875,86.213,2.464,25.66,2.501,85.303,26.74880841
2715,84.79,2.467,25.835,2.461,85.597,25.77985136
2715.125,84.398,2.464,26.061,2.387,85.71,25.50764123
2715.25,84.889,2.454,26.461,2.331,85.877,25.8540915
2715.375,87.406,2.443,26.954,2.306,86.088,27.54372508
2715.5,90.935,2.429,27.613,2.253,85.973,29.71683542
2715.625,93.178,2.408,28.698,2.19,84.99,30.9930066
2715.75,94.78,2.391,29.57,2.153,83.942,31.85936497
2715.875,95.405,2.384,29.86,2.072,83.193,32.18921775
2716,94.578,2.382,29.931,2.002,83.47,31.75790368
2716.125,93.587,2.387,29.878,1.977,84.934,31.22784923
2716.25,92.625,2.395,29.935,1.947,85.846,30.69970978
2716.375,91.632,2.4,30.124,1.941,86.069,30.13980213
2716.5,91.155,2.401,30.395,1.939,85.269,29.86678391
2716.625,90.996,2.396,30.781,1.945,84.235,29.77677067
2716.75,90.87,2.387,31.032,1.945,83.899,29.70570967
2716.875,90.875,2.381,31.149,1.925,83.915,29.71133706
2717,91.431,2.378,31.326,1.885,84.447,30.03755046
2717.125,92.36,2.378,31.786,1.862,85.252,30.56996709
2717.25,93.69,2.378,32.31,1.812,85.808,31.30826235
2717.375,96.027,2.377,32.568,1.758,86.42,32.54214797
2717.5,98.112,2.374,32.681,1.733,87.607,33.58175615
2717.625,99.092,2.368,32.627,1.689,89.01,34.053073
2717.75,99.704,2.364,32.558,1.651,90.041,34.34260718
2717.875,99.96,2.365,32.635,1.632,90.836,34.46401205
2718,99.915,2.368,32.88,1.599,90.818,34.44594405
2718.125,99.96,2.371,33.676,1.587,89.273,34.46948594
2718.25,100.182,2.371,34.836,1.572,87.654,34.57452053
2718.375,100.723,2.369,35.685,1.564,86.356,34.82419528
2718.5,101.102,2.367,36.41,1.562,86.226,34.99796396
2718.625,101.057,2.368,36.965,1.565,87.83,34.98048254
2718.75,100.696,2.375,36.82,1.578,89.407,34.82017022
2718.875,99.654,2.382,36.265,1.586,90.831,34.3439638
2719.25,98.227,2.405,34.504,1.621,91.323,33.67557024
2719.375,98.505,2.407,34.809,1.623,90.433,33.81203707
2719.5,98.785,2.409,35.234,1.619,88.939,33.94851799
2719.625,98.778,2.413,35.563,1.608,87.528,33.94791879
2719.75,98.566,2.418,35.371,1.599,86.954,33.84945232
2719.875,98.269,2.42,35.043,1.596,86.772,33.70948998
2720,98.48,2.421,34.717,1.589,87.069,33.81370821
2720.125,99.001,2.42,34.177,1.583,87.863,34.06472019
2720.25,99.659,2.416,33.365,1.581,88.595,34.37639381
2720.375,100.476,2.415,32.598,1.574,89.064,34.75570033
2720.5,100.709,2.414,31.775,1.561,88.71,34.86443707
2720.625,100.433,2.416,30.872,1.556,87.687,34.7415518
2720.75,99.958,2.418,30.675,1.549,87.139,34.52605262
2720.875,99.251,2.419,31.028,1.549,87.119,34.19911287
2721,98.721,2.42,31.526,1.55,88.46,33.95082763
2721.125,98.452,2.423,32.002,1.554,90.377,33.8248615
2721.25,98.198,2.427,31.986,1.557,91.009,33.70526029
2721.375,97.697,2.431,31.751,1.564,90.697,33.46436032
2721.5,97.074,2.433,31.503,1.57,89.161,33.15973685
2721.625,96.755,2.433,31.31,1.574,87.638,33.00316855
2721.75,96.639,2.425,31.327,1.581,87.153,32.94764207
2721.875,96.873,2.416,31.467,1.59,87.205,33.06769801
2722,97.243,2.403,31.707,1.594,87.531,33.2545096
2722.125,97.467,2.383,32.164,1.608,87.481,33.36783629
2722.625,96.901,2.372,31.245,1.707,90.538,33.09804956
2722.75,96.218,2.379,31.106,1.748,91.045,32.75654002
2722.875,95.022,2.383,31.609,1.784,91.244,32.14152727
2723,94.141,2.386,32.422,1.796,91.22,31.67662165
2723.125,93.988,2.392,33.402,1.813,91.281,31.59700725
2723.25,94.162,2.399,33.425,1.82,91.151,31.6933255
2723.375,94.761,2.403,32.836,1.822,90.43,32.01499612
2723.5,95.159,2.408,32.182,1.819,88.028,32.2268707
2723.625,95.087,2.416,31.779,1.802,85.08,32.1919148
2723.75,94.868,2.424,32.046,1.788,83.677,32.07959707
2723.875,94.616,2.429,32.401,1.759,83.281,31.94911871
2724,94.61,2.435,32.625,1.739,84.464,31.94865399
2724.125,94.778,2.442,32.444,1.734,86.327,32.04028339
2724.25,94.99,2.446,31.713,1.736,87.242,32.15464024
2724.375,95.037,2.448,30.937,1.742,87.593,32.18202556
2724.5,94.711,2.449,30.07,1.764,87.274,32.01302607
2724.625,94.312,2.451,28.932,1.79,86.345,31.8035494
2724.75,93.835,2.452,28.299,1.803,85.334,31.54962331
2724.875,93.013,2.452,28.299,1.836,84.003,31.10233392
2725,92.171,2.452,28.516,1.882,81.563,30.63366209
2725.125,91.677,2.449,28.837,1.911,79.36,30.35476094
2725.25,91.29,2.445,28.802,1.983,78.517,30.13418727
2725.375,91.051,2.44,28.506,2.085,78.359,29.99781263
2725.5,91.062,2.435,28.097,2.146,79.275,30.00693528
2725.625,90.913,2.429,27.437,2.269,80.359,29.92249389
2725.75,90.378,2.429,26.807,2.326,80.393,29.60933268
2725.875,88.615,2.433,26.441,2.434,79.487,28.53728399
2726,86.25,2.439,26.156,2.54,76.424,27.01143596
2726.125,84.738,2.447,25.868,2.595,72.489,25.98069168
2726.25,83.531,2.453,25.493,2.707,70.017,25.12469566
2726.375,82.526,2.456,25,2.821,67.936,24.38835782
2726.5,82.174,2.458,24.288,2.876,65.361,24.12682472
2727.625,84.399,2.442,23.347,2.732,66.596,25.7746224
2727.75,84.989,2.449,23.91,2.67,70.221,26.1901377
2727.875,85.976,2.454,24.389,2.639,74.064,26.86766464
2728,87.042,2.459,24.96,2.574,79.687,27.57779431
2728.125,87.761,2.463,25.876,2.512,83.877,28.04554394
2728.25,88.339,2.465,26.734,2.481,84.817,28.41524905
2728.375,88.61,2.466,26.604,2.417,84.28,28.58796086
2728.5,88.156,2.467,26.079,2.355,81.982,28.30507505
2728.625,87.597,2.466,25.578,2.326,80.002,27.951046
2728.75,87.117,2.462,25.475,2.277,79.687,27.64285105
2728.875,86.835,2.457,25.611,2.238,80.13,27.46088481
2729,87.062,2.449,26.13,2.223,81.46,27.61232113
2729.125,87.435,2.444,26.667,2.204,82.719,27.85734094
2729.25,87.846,2.442,26.921,2.2,83.19,28.12407804
2729.375,88.398,2.443,27.127,2.197,83.343,28.47658522
2729.5,88.701,2.447,27.501,2.196,83.13,28.6689867
2729.625,88.705,2.455,27.946,2.197,82.782,28.67417232
2729.75,88.581,2.462,28.132,2.202,82.569,28.59943038
2729.875,88.246,2.468,28.097,2.218,82.274,28.3915622
2730,87.741,2.473,27.701,2.231,81.756,28.07303514
2730.125,87.149,2.473,27.235,2.269,80.95,27.69322943
2730.25,86.272,2.472,26.907,2.323,79.624,27.1171887
2730.375,84.29,2.472,26.387,2.355,77.007,25.75623459
2730.5,81.753,2.477,24.818,2.434,70.225,23.89194388
2732,79.655,2.448,21.537,2.491,65.08,22.26663073
2732.125,81.09,2.441,22.092,2.452,70.282,23.41431829
2732.25,82.339,2.441,22.314,2.385,73.539,24.37315982
2732.375,83.561,2.441,22.499,2.359,76.032,25.27689398
2732.5,83.866,2.438,22.857,2.332,77.96,25.49935198
2732.625,83.573,2.432,23.351,2.331,78.722,25.29090944
2732.75,83.2,2.429,23.686,2.335,78.873,25.02213026
2732.875,82.995,2.428,23.879,2.341,78.723,24.87430703
2733,83.237,2.427,23.694,2.343,77.407,25.05451872
2733.125,83.519,2.425,23.166,2.343,74.743,25.2624595
2733.25,83.728,2.42,22.844,2.347,72.418,25.41614969
2733.375,83.636,2.415,22.706,2.36,70.307,25.35245193
2733.5,83.339,2.408,22.854,2.372,68.546,25.13962421
2733.625,83.196,2.405,23.164,2.4,68.376,25.03784507
2733.75,83.077,2.407,23.403,2.413,68.936,24.95325063
2733.875,82.802,2.412,23.69,2.434,69.691,24.75306511
2734,82.359,2.421,24.288,2.442,70.953,24.42538818
2734.125,82.071,2.428,24.985,2.442,72.186,24.21089437
2734.25,81.995,2.43,25.398,2.435,72.961,24.15592852
2734.375,82.622,2.431,25.714,2.425,73.893,24.63001813
2734.5,84.049,2.434,26.061,2.419,76.249,25.67296756
2734.625,85.282,2.439,26.34,2.404,79.644,26.53959504
2734.75,86.442,2.443,26.426,2.385,81.999,27.32705579
2734.875,87.608,2.446,26.372,2.374,83.792,28.0924962
2735,88.06,2.447,26.056,2.343,84.818,28.38409334
2735.125,88.021,2.448,25.676,2.307,84.537,28.36200334
2735.25,87.826,2.449,25.497,2.293,84.176,28.24037162
2735.375,87.513,2.452,25.422,2.282,84.147,28.04205649
2735.5,87.471,2.459,25.462,2.287,84.721,28.01763658
2735.625,87.559,2.467,25.527,2.323,85.453,28.07708899
2735.75,87.637,2.469,25.525,2.394,85.791,28.12997289
2735.875,87.515,2.469,25.476,2.436,85.825,28.05410407
2736,86.899,2.463,25.26,2.511,84.694,27.65591569
2736.125,86.154,2.456,24.83,2.558,82.1,27.16417671
2736.25,85.263,2.452,24.344,2.572,79.771,26.56131713
2736.375,83.703,2.451,23.706,2.588,77.442,25.46481663
2736.5,81.95,2.451,22.651,2.59,74.986,24.16957113
2736.625,80.89,2.452,21.818,2.59,74.262,23.3531516
2736.75,80.3,2.453,21.594,2.591,75.064,22.88816038
2736.875,80.817,2.454,21.681,2.593,76.565,23.30105489
2737,82.721,2.458,22.335,2.588,79.269,24.75953922
2737.125,84.545,2.462,23.284,2.562,81.775,26.08042909
2737.25,86.25,2.466,23.951,2.54,83.078,27.2526358
2737.375,87.761,2.468,24.578,2.483,84.043,28.24452565
2737.5,88.113,2.469,25.39,2.427,84.852,28.47158552
2737.625,87.725,2.466,25.984,2.408,84.939,28.22683544
2737.75,87.076,2.461,26.083,2.397,84.374,27.80945801
2737.875,85.969,2.456,25.824,2.411,83.135,27.0772829
2738,84.849,2.445,24.702,2.421,79.827,26.31199305
2738.125,83.98,2.434,23.167,2.436,75.324,25.70110943
2738.25,82.966,2.428,22.162,2.435,72.032,24.96746704
2738.375,81.418,2.424,21.33,2.425,69.154,23.80164665
2738.5,80.3,2.423,20.533,2.383,66.733,22.92522948
2738.625,80.164,2.427,20.23,2.353,66.839,22.81884754
2738.75,80.567,2.43,20.359,2.275,68.213,23.14324307
2738.875,81.774,2.43,20.711,2.169,69.73,24.08590051
2739,82.98,2.424,21.514,2.109,70.598,24.99377901
2739.125,83.529,2.409,22.374,1.983,69.167,25.3977284
2739.25,83.911,2.395,22.877,1.858,66.955,25.67574982
2739.375,84.482,2.381,23.302,1.797,64.479,26.08421655
2741.375,81.852,2.44,21.724,2.827,75.372,24.19864573
2741.5,84.871,2.434,24.081,2.819,81.956,26.40228712
2741.625,85.792,2.428,26.125,2.749,84.487,27.03805851
2741.75,86.011,2.423,27.051,2.702,84.342,27.18879267
2741.875,85.586,2.419,27.628,2.616,83.899,26.90329788
2742,85.063,2.413,27.996,2.549,83.959,26.5463996
2742.125,84.97,2.41,27.975,2.521,84.798,26.48455831
2742.25,85.141,2.41,27.677,2.476,85.35,26.60573855
2742.375,85.82,2.412,27.179,2.443,85.491,27.07314429
2742.5,86.761,2.417,26.371,2.428,84.763,27.70488375
2742.625,87.386,2.42,25.966,2.4,83.669,28.11604732
2742.75,87.789,2.421,26.142,2.379,83.472,28.37827646
2742.875,87.804,2.421,26.583,2.372,84.045,28.3905744
2743,87.431,2.419,27.263,2.366,85.966,28.1532558
2743.125,87.108,2.42,27.514,2.37,87.683,27.9460292
2743.25,86.782,2.423,27.347,2.374,86.874,27.73486705
2743.375,86.313,2.429,27.05,2.371,84.625,27.42634707
2743.5,85.823,2.439,26.571,2.362,82.329,27.09933926
2743.625,85.563,2.447,26.15,2.335,81.196,26.92516374
2743.75,85.543,2.449,25.954,2.31,80.552,26.91418699
2743.875,86.262,2.45,25.909,2.302,80.844,27.40300037
2744,87.429,2.448,26.321,2.297,82.325,28.17351154
2744.125,88.122,2.445,27.155,2.304,83.934,28.62016533
2744.25,88.505,2.443,27.742,2.31,85.777,28.86450445
2744.375,88.352,2.443,28.084,2.318,87.955,28.77098716
2744.5,87.644,2.444,27.81,2.323,88.477,28.3229672
2744.625,87.047,2.448,26.867,2.323,87.492,27.93846895
2744.75,86.514,2.453,26.077,2.316,85.739,27.58982
2744.875,85.937,2.459,25.382,2.31,82.754,27.20601043
2745,85.521,2.467,24.74,2.308,81.095,26.92599023
2745.125,85.344,2.471,24.521,2.325,81.447,26.80734176
2745.25,85.251,2.47,24.583,2.34,82.642,26.74602106
2745.375,85.441,2.469,24.717,2.377,84.807,26.8792807
2745.5,86.083,2.465,25.01,2.407,86.433,27.3178572
2745.625,86.67,2.463,25.457,2.411,86.968,27.71204566
2745.75,87.13,2.462,25.877,2.392,87.117,28.01693529
2745.875,87.19,2.46,26.328,2.356,87.002,28.05875266
2746,86.743,2.455,26.838,2.339,86.638,27.76834479
2746.125,86.482,2.447,27.032,2.311,86.134,27.59814207
2746.25,86.515,2.442,26.974,2.294,85.639,27.62276476
2746.375,87.278,2.439,26.86,2.291,85.438,28.12679066
2746.5,88.338,2.441,26.742,2.287,85.966,28.80805518
2746.625,88.901,2.45,26.756,2.282,86.502,29.16296075
2746.75,89.25,2.459,26.876,2.261,86.725,29.38120997
2746.875,89.422,2.468,27.082,2.231,86.194,29.48937168
2747,89.383,2.479,27.444,2.216,85.616,29.4682102
2747.125,89.267,2.485,27.63,2.189,85.963,29.39977106
2747.25,89.128,2.485,27.516,2.176,86.86,29.3169194
2747.375,89.155,2.485,27.257,2.174,88.232,29.3362693
2747.5,89.699,2.485,26.884,2.174,88.659,29.6716813
2747.625,90.378,2.485,26.798,2.18,88.146,30.08265253
2747.75,91,2.486,26.952,2.185,87.419,30.45268586
2747.875,91.1,2.486,27.161,2.197,86.802,30.51387085
2748,90.111,2.484,27.295,2.203,86.614,29.93115981
2748.125,88.969,2.481,27.101,2.216,86.265,29.23757097
2748.25,87.791,2.48,26.815,2.227,85.545,28.49821636
2748.375,86.522,2.481,26.545,2.229,84.397,27.67316471
2748.5,85.885,2.486,26.411,2.223,83.927,27.24879269
2748.625,85.805,2.491,26.643,2.206,84.174,27.19728571
2748.75,86.015,2.493,26.976,2.195,84.598,27.3419695
2748.875,86.891,2.493,27.315,2.173,84.837,27.92775177
2749,87.98,2.491,27.581,2.156,84.512,28.63514549
2749.125,88.538,2.487,27.516,2.153,84.343,28.99055525
2749.25,88.844,2.484,27.323,2.17,84.579,29.18433248
2749.375,88.88,2.482,27.11,2.222,85.628,29.20940836
2749.5,88.672,2.483,26.795,2.263,86.441,29.08254132
2749.625,88.374,2.485,26.359,2.376,86.099,28.89827747
2749.75,87.84,2.489,25.833,2.449,84.892,28.56196932
2749.875,86.171,2.494,25.027,2.621,81.662,27.47110703
2750,83.525,2.506,23.29,2.803,77.51,25.62734237
2750.125,81.369,2.521,21.348,2.883,74.507,24.01371678
2750.875,80.044,2.499,20.154,3.234,73.596,22.98206049
2751,81.589,2.476,21.165,3.144,74.47,24.20219973
2751.125,81.947,2.459,21.909,2.993,74.779,24.47880656
2751.25,81.84,2.453,22.114,2.916,75.139,24.39991078
2751.375,81.353,2.452,22.154,2.788,75.625,24.02795572
2751.5,81.275,2.453,22.208,2.74,75.578,23.97009641
2751.625,81.733,2.455,22.492,2.675,75.273,24.32607944
2751.75,82.51,2.455,22.824,2.643,75.164,24.91696742
2751.875,83.78,2.455,23.15,2.638,76.132,25.8518228
2752,84.567,2.458,23.419,2.639,78.256,26.41465243
2752.125,84.603,2.465,23.457,2.642,79.801,26.44264789
2752.25,84.297,2.471,23.399,2.643,80.902,26.22931544
2752.375,83.55,2.477,23.32,2.637,81.501,25.69633715
2752.5,82.876,2.481,23.192,2.627,81.269,25.20531726
2752.625,82.594,2.481,23.068,2.624,80.872,24.99843525
2752.75,82.501,2.478,22.98,2.633,80.376,24.93160532
2752.875,82.611,2.475,22.885,2.645,79.291,25.01646371
2753,82.654,2.472,22.734,2.677,78.122,25.05118972
2753.125,82.432,2.471,22.622,2.706,77.684,24.88792704
2753.25,82.037,2.47,22.645,2.715,77.774,24.59257201
2753.375,81.635,2.47,22.806,2.709,79.184,24.28822474
2753.5,81.855,2.47,23.296,2.667,81.609,24.45937916
2753.625,82.414,2.47,23.811,2.639,83.608,24.88511072
2753.75,83.092,2.471,24.004,2.586,85.585,25.39138118
2753.875,83.833,2.471,24.041,2.56,87.826,25.93283439
2754,84.2,2.471,23.892,2.564,88.696,26.19797779
2754.125,84.292,2.471,23.578,2.612,87.871,26.26600784
2754.25,84.225,2.47,23.145,2.7,85.649,26.22111831
2754.375,83.198,2.471,22.397,2.743,79.251,25.48257239
2754.5,80.68,2.475,20.436,2.782,70.237,23.56745121
2756.5,79.903,2.397,22.204,2.019,72.332,22.98754796
2756.625,80.068,2.419,22.881,2.158,75.748,23.12366266
2756.75,80.604,2.429,23.179,2.227,78.898,23.55514976
2756.875,81.756,2.436,23.264,2.364,81.985,24.45576168
2757,82.462,2.441,23.078,2.507,83.183,24.99328287
2757.125,82.274,2.446,22.812,2.591,83.085,24.85465177
2757.25,81.634,2.449,22.613,2.808,82.778,24.37017315
2757.375,80.084,2.455,22.213,3.113,81.881,23.15252572
2758.875,82.574,2.448,19.762,2.926,74.778,25.11721723
2759,85.377,2.459,22.058,2.705,79.153,27.12836854
2759.125,86.231,2.474,23.763,2.627,80.931,27.7106984
2759.25,86.688,2.481,24.683,2.538,82.216,28.01772485
2759.375,87.085,2.483,25.462,2.523,84.252,28.28156326
2759.5,87.153,2.482,26.089,2.532,86.538,28.32869609
2759.625,86.749,2.481,25.986,2.561,87.509,28.0661429
2759.75,85.919,2.48,25.53,2.585,87.407,27.51408044
2759.875,84.224,2.479,25.02,2.593,85.405,26.34121632
2760,82.919,2.476,24.595,2.609,83.358,25.39771043
2760.125,82.762,2.475,24.657,2.627,83.001,25.28403784
2760.25,83.253,2.475,24.943,2.635,83.385,25.64877259
2760.375,84.863,2.477,25.301,2.636,84.538,26.80204858
2760.5,86.641,2.479,25.766,2.605,85.545,28.01360635
2760.625,87.404,2.479,25.987,2.576,85.982,28.5162841
2760.75,87.628,2.478,25.886,2.509,86.361,28.66370744
2760.875,87.107,2.478,25.585,2.48,86.782,28.3283724
2761,86.24,2.48,24.95,2.452,86.691,27.75719341
2761.125,85.799,2.482,24.486,2.475,86.013,27.46241203
2761.25,85.639,2.483,24.459,2.505,84.947,27.35623048
2761.375,85.821,2.484,24.596,2.603,83.281,27.48273493
2761.5,85.954,2.485,24.544,2.745,81.845,27.57549355
2761.625,85.541,2.487,23.581,2.824,80.7,27.29737548
2761.75,84.481,2.49,22.237,2.968,78.976,26.56358117
2761.875,81.475,2.495,20.655,3.065,74.637,24.3464569
2762.875,81.409,2.489,24.099,2.743,80.685,24.3167853
2763,83.046,2.484,25.692,2.684,82.234,25.55576463
2763.125,83.557,2.476,26.119,2.614,82.604,25.93200259
2763.25,84.001,2.469,25.693,2.615,82.801,26.25466087
2763.375,84.767,2.462,24.978,2.637,83.042,26.79954818
2763.5,85.159,2.453,23.761,2.695,82.821,27.07500331
2763.625,84.687,2.446,22.647,2.72,81.914,26.74887716
2763.75,83.492,2.442,22.091,2.713,80.351,25.89822567
2764.25,78.944,2.45,22.703,2.643,78.286,22.36264371
2764.375,82.137,2.455,23.477,2.65,82.269,24.90631548
2764.5,86.091,2.463,24.992,2.651,85.675,27.73266593
2764.625,88.183,2.468,26.557,2.6,86.652,29.10230185
2764.75,89.246,2.473,27.272,2.554,86.517,29.76902228
2764.875,88.564,2.479,27.496,2.451,84.91,29.34801005
2765,86.288,2.487,26.948,2.37,82.857,27.87572882
2765.125,84.468,2.495,26.036,2.343,81.654,26.62703632
2765.25,83.01,2.499,25.533,2.317,80.792,25.57751142
2765.375,82.198,2.502,25.251,2.332,80.428,24.97388987
2765.5,82.896,2.506,25.304,2.35,81.449,25.49865071
2765.625,84.089,2.508,25.673,2.38,83.057,26.36866067
2765.75,85.477,2.508,25.905,2.381,84.896,27.34251346
2765.875,87.054,2.509,25.936,2.356,86.952,28.40185155
2766,87.524,2.509,25.511,2.317,87.645,28.71029019
2766.125,87.137,2.508,24.863,2.297,87.423,28.4615537
2766.25,86.556,2.507,24.503,2.264,87.208,28.08148041
2766.375,85.984,2.505,24.268,2.252,87.648,27.70100346
2766.5,85.986,2.502,24.087,2.257,88.691,27.70505445
2766.625,86.227,2.5,24.035,2.281,89.078,27.86996717
2766.75,86.426,2.5,24.147,2.311,88.826,28.00576099
2766.875,86.376,2.502,24.392,2.33,87.357,27.97509516
2767,85.862,2.504,24.805,2.373,85.413,27.63194785
2767.125,85.266,2.506,24.914,2.394,84.241,27.22708372
2767.25,84.606,2.506,24.668,2.424,83.41,26.77005677
2767.375,83.776,2.506,24.243,2.446,82.894,26.18172539
2767.5,83.431,2.507,23.595,2.459,82.999,25.93441396
2767.625,83.699,2.509,23.256,2.486,83.47,26.13152865
2767.75,84.318,2.509,23.348,2.511,84.312,26.57739444
2767.875,85.372,2.509,23.659,2.523,86.198,27.31627513
2768,85.902,2.507,24.275,2.546,88.206,27.68065035
2768.125,85.703,2.504,24.635,2.564,89.094,27.54820582
2768.25,85.19,2.502,24.506,2.567,89.384,27.19886938
2768.375,84.599,2.501,24.146,2.562,88.623,26.78937448
2768.5,84.904,2.5,23.616,2.558,87.08,27.00568744
2768.625,85.645,2.499,23.448,2.558,85.783,27.51946692
2768.75,86.37,2.498,23.606,2.547,84.304,28.01163171
2768.875,86.65,2.497,23.871,2.536,81.675,28.20063427
2769,86.02,2.497,24.275,2.513,79.419,27.78202933
2769.125,85.29,2.497,24.624,2.491,79.006,27.28679244
2769.25,84.755,2.497,24.896,2.477,79.715,26.91773958
2769.375,85.015,2.496,25.279,2.443,82.026,27.10183081
2769.5,86.391,2.493,26.127,2.413,84.281,28.04187945
2769.625,87.709,2.489,27.153,2.4,85.218,28.90809197
2769.75,88.872,2.488,27.793,2.371,85.718,29.6462685
2769.875,89.601,2.489,28.233,2.351,86.088,30.09785998
2770,89.128,2.491,28.288,2.351,86.137,29.81037848
2770.125,88.281,2.491,27.804,2.367,85.603,29.28369646
2770.25,87.407,2.49,27.247,2.378,84.49,28.72665228
2770.375,86.532,2.489,26.604,2.407,82.194,28.15476472
2770.5,86.033,2.487,25.65,2.447,80.374,27.8232294
2770.625,85.769,2.486,24.879,2.469,80.279,27.6471298
2770.75,85.52,2.486,24.575,2.514,81.311,27.47992135
2770.875,85.296,2.487,24.451,2.563,84.337,27.32870948
2771,85.089,2.488,24.491,2.591,87.069,27.18827512
2771.125,84.858,2.491,24.469,2.648,87.603,27.03021206
2771.25,84.49,2.493,24.233,2.697,86.994,26.77453083
2771.375,83.707,2.495,23.833,2.716,85.027,26.2179984
2771.5,83.055,2.5,23.26,2.744,83.404,25.74494174
2771.625,83.054,2.505,23.065,2.754,82.85,25.7468922
2771.75,83.441,2.508,23.251,2.75,82.41,26.03309725
2771.875,84.104,2.51,23.585,2.715,81.441,26.51393982
2772,84.241,2.509,24.135,2.683,80.146,26.61426605
2772.125,83.967,2.504,24.647,2.607,79.489,26.42129474
2772.25,83.688,2.499,25.006,2.54,79.361,26.22310291
2772.375,83.834,2.491,25.404,2.512,80.218,26.33112596
2772.5,84.751,2.478,25.997,2.464,81.781,26.98504083
2772.625,85.587,2.468,26.473,2.422,83.219,27.56627995
2772.75,86.269,2.464,26.691,2.404,84.815,28.03059476
2772.875,86.819,2.463,26.834,2.378,86.697,28.39897956
2773,87.046,2.465,26.817,2.36,87.368,28.55093248
2773.125,86.916,2.467,26.546,2.356,86.881,28.46829015
2773.25,86.441,2.469,26.294,2.351,85.922,28.15640281
2773.375,85.086,2.471,26.099,2.348,84.589,27.23747299
2773.5,83.62,2.477,25.939,2.348,84.388,26.200801
2773.625,83.039,2.483,25.724,2.377,85.124,25.77884326
2773.75,82.969,2.487,25.374,2.411,85.971,25.72986671
2773.875,83.535,2.489,24.781,2.519,86.181,26.1472105
2774,83.996,2.491,23.412,2.683,84.411,26.48248229
2774.125,83.823,2.49,21.649,2.788,81.696,26.36090369
2774.25,83.143,2.488,20.275,3.048,78.234,25.86884829
2774.375,81.072,2.485,18.834,3.332,72.888,24.30049714
2775.75,80.559,2.469,21.568,2.788,67.419,23.92511228
2776.625,81.91,2.448,22.148,2.721,66.691,24.99646136
2776.75,82.034,2.456,22.885,2.753,68.638,25.09359172
2776.875,82.512,2.46,23.748,2.761,71.751,25.45703782
2777,83.538,2.458,24.919,2.76,75.373,26.21670232
2777.125,84.582,2.451,25.638,2.751,77.904,26.96616783
2777.25,85.726,2.445,25.738,2.745,80.207,27.76115282
2777.375,87.218,2.441,25.616,2.727,82.52,28.75827937
2778.625,84.722,2.441,25.037,2.377,81.144,27.09696832
2788.5,90.465,2.454,28.306,2.459,75.425,31.02485648
2788.625,90.414,2.471,26.561,2.57,74.813,30.99718851
2788.75,89.457,2.482,25.653,2.627,73.631,30.42137174
2788.875,86.73,2.492,24.875,2.753,71.568,28.68741996
2789,83.869,2.499,23.698,2.891,70.396,26.71509646
2789.125,82.524,2.499,22.397,2.956,70.455,25.7298139
2789.25,81.729,2.495,21.538,3.052,70.873,25.12935806
2789.375,81.115,2.491,20.814,3.085,71.365,24.65608007
2789.5,80.5,2.488,20.159,3.134,71.509,24.1729044
2789.625,79.934,2.49,19.935,3.176,71.548,23.72015975
2789.75,79.336,2.494,20.018,3.198,71.761,23.23281859
2789.875,78.617,2.499,20.217,3.247,72.648,22.63395385
2790,78.316,2.505,20.602,3.281,73.853,22.38069172
2790.125,78.453,2.508,20.949,3.283,74.506,22.50015715
2790.25,78.779,2.509,21.113,3.262,74.889,22.77871023
2790.375,79.369,2.51,21.236,3.228,74.8,23.27349018
2790.5,78.779,2.512,21.425,3.212,74.349,22.78405917
2791.375,79.982,2.507,20.801,3.12,75.901,23.79664213
2791.5,81.209,2.507,20.915,3.139,75.213,24.775246
2791.625,81.196,2.509,21.025,3.188,75.03,24.76778891
2791.75,80.912,2.512,21.081,3.237,75.195,24.54778853
2791.875,80.07,2.515,21.109,3.26,75.635,23.87861298
2792,79.249,2.519,20.987,3.299,75.739,23.20895573
2792.125,79.037,2.521,20.609,3.324,75.477,23.03517995
2792.25,79.185,2.52,20.22,3.329,75.123,23.1611677
2792.375,79.877,2.519,19.837,3.327,74.761,23.7328429
2792.5,80.605,2.517,19.568,3.322,74.75,24.32097534
2792.625,80.776,2.516,19.8,3.312,75.047,24.45926869
2792.75,80.669,2.517,20.297,3.31,75.587,24.37718715
2792.875,80.313,2.518,20.95,3.314,76.845,24.09580132
2793,80.219,2.52,21.9,3.326,78.073,24.02295188
2793.125,80.528,2.523,22.587,3.312,78.497,24.27311156
2793.25,81.064,2.525,22.881,3.287,78.684,24.69949256
2793.375,81.795,2.525,23.148,3.204,79.038,25.26885786
2793.5,81.72,2.524,23.618,3.083,79.813,25.21399445
2793.625,80.885,2.523,24.098,3.007,80.37,24.56684575
2793.75,79.742,2.522,24.333,2.835,80.646,23.65231208
2793.875,78.76,2.52,24.471,2.667,80.499,22.84029962
2794,79.742,2.511,24.628,2.595,80.296,23.65767756
2794.125,81.868,2.493,24.917,2.472,80.546,25.34092371
2794.25,84.661,2.474,25.261,2.419,81.196,27.39232757
2794.375,88.803,2.452,25.71,2.319,82.43,30.13981361
2801.875,90.948,2.445,28.71,2.285,82.29,31.60390592
2802,89.865,2.453,28.701,2.321,81.053,30.95991202
2802.125,89.416,2.461,27.681,2.393,80.578,30.68876606
2802.25,89.146,2.468,26.653,2.427,80.064,30.52514327
2802.375,88.762,2.478,25.717,2.488,78.529,30.2890953
2802.5,87.981,2.496,24.9,2.537,76.072,29.79812043
2802.625,87.108,2.514,24.679,2.555,74.28,29.23585005
2802.75,86.072,2.522,24.796,2.58,73.156,28.54943627
2802.875,84.655,2.526,24.986,2.602,73.476,27.57530129
2803,83.791,2.526,25.184,2.615,75.034,26.96205331
2803.125,83.654,2.521,25.152,2.642,76.118,26.8656312
2803.25,83.747,2.517,24.973,2.67,76.761,26.9356815
2803.375,84.108,2.512,24.729,2.685,76.794,27.19802592
2803.5,84.553,2.505,24.342,2.714,76.337,27.51697898
2803.625,84.84,2.498,24.011,2.728,76.078,27.72145545
2803.75,84.998,2.495,23.876,2.752,75.999,27.83452079
2803.875,84.864,2.493,23.838,2.762,76.301,27.7436846
2804,84.4,2.495,23.963,2.76,77.007,27.41957892
2804.125,84.069,2.499,24.196,2.749,77.605,27.18639019
2804.25,84.029,2.502,24.361,2.731,78.124,27.16043801
2804.375,84.867,2.503,24.52,2.717,78.763,27.75665295
2804.5,86.283,2.5,24.751,2.671,79.314,28.72960835
2804.625,87.166,2.495,24.95,2.598,79.526,29.31747944
2804.75,87.743,2.491,25.037,2.556,79.538,29.69463986
2804.875,87.983,2.488,25.095,2.466,79.459,29.85130944
2805,87.914,2.487,25.182,2.382,79.709,29.80989245
2805.125,87.934,2.488,25.331,2.344,80.242,29.82543114
2805.25,88.113,2.489,25.484,2.285,80.905,29.9424556
2805.375,88.468,2.489,25.672,2.261,81.699,30.17014993
2805.5,88.691,2.49,26.078,2.219,82.11,30.3130493
2805.625,88.693,2.492,26.654,2.177,82.384,30.31703883
2805.75,88.59,2.493,27.065,2.156,82.785,30.25514826
2805.875,88.357,2.495,27.332,2.116,83.098,30.11099277
2806,88.353,2.496,27.265,2.083,82.615,30.11119769
2806.125,88.779,2.494,26.897,2.068,82.069,30.3818034
2806.25,89.609,2.49,26.704,2.047,81.928,30.89732523
2806.375,91.274,2.484,26.69,2.033,83.21,31.89371726
2806.5,92.657,2.476,26.953,2.027,85.558,32.68802591
2806.625,92.997,2.472,27.18,2.016,87.007,32.88088178
2806.75,92.859,2.473,27.106,2.011,87.744,32.80668716
2806.875,92.321,2.477,26.837,2.007,87.534,32.50669812
2807,92.119,2.485,26.314,2.01,87.059,32.39463798
2807.125,92.318,2.489,25.972,2.016,87.112,32.51050291
2807.25,92.583,2.489,25.976,2.033,87.428,32.66294164
2807.375,92.733,2.487,26.145,2.054,87.858,32.74995032
2807.5,92.518,2.482,26.63,2.061,87.66,32.63183275
2807.625,92.166,2.478,27.267,2.065,87.118,32.43516908
2807.75,91.685,2.478,27.736,2.055,86.54,32.16232173
2807.875,90.961,2.478,28.154,2.046,86.151,31.74335572
2808,90.464,2.48,28.444,2.023,86.316,31.45171611
2808.125,90.464,2.482,28.281,1.999,86.583,31.45446168
2808.25,90.851,2.483,28.031,1.99,86.767,31.68678851
2808.375,91.925,2.485,27.94,1.979,86.531,32.31404399
2808.5,92.951,2.487,28.564,1.975,85.588,32.89659619
2808.625,93.319,2.488,29.946,1.969,84.667,33.10343626
2808.75,93.461,2.488,30.983,1.962,83.941,33.18440734
2808.875,93.534,2.486,31.664,1.957,84.119,33.22725866
2809,93.574,2.483,31.492,1.939,85.611,33.25195302
2809.125,93.536,2.482,30.379,1.912,86.841,33.23387311
2809.25,93.397,2.482,29.477,1.898,87.55,33.16022503
2809.375,93.015,2.484,28.759,1.878,86.967,32.95152923
2809.5,92.737,2.484,28.302,1.87,85.354,32.79902938
2809.625,92.843,2.483,28.537,1.872,84.521,32.86112117
2809.75,93.283,2.481,29.149,1.891,84.313,33.10837934
2809.875,94.392,2.479,30.024,1.908,84.935,33.71478626
2810.375,93.455,2.476,30.404,2.119,84.645,33.21696957
2810.5,90.647,2.482,28.75,2.204,82.555,31.61552165
2810.625,88.717,2.49,27.449,2.25,80.829,30.44159119
2810.75,87.123,2.494,26.976,2.343,79.23,29.42312197
2810.875,85.8,2.498,26.726,2.433,77.719,28.54209009
2811,85.47,2.502,26.484,2.473,77.145,28.3190352
2811.125,85.623,2.506,26.208,2.533,77.167,28.4267114
2811.25,85.836,2.508,26.044,2.556,77.361,28.57476861
2811.375,86.178,2.51,25.996,2.552,77.696,28.80896948
2811.5,86.689,2.51,26.269,2.518,77.868,29.1533096
2811.625,87.164,2.507,27.048,2.495,77.929,29.46910402
2811.75,87.673,2.504,26.938,2.447,78.001,29.80261203
2811.875,88.481,2.501,26.938,2.407,78.356,30.32068211
2812,89.316,2.496,27.134,2.393,79.032,30.84376262
2812.125,89.821,2.491,27.425,2.371,78.35,31.15534668
2812.25,90.214,2.488,27.781,2.35,75.952,31.39545224
2812.375,90.366,2.485,27.94,2.337,73.538,31.48931164
2812.5,90.061,2.483,28.01,2.307,72.872,31.30884506
2812.625,89.689,2.482,28.189,2.274,73.081,31.08601814
2812.75,89.425,2.48,28.844,2.255,74.32,30.92725322
2812.875,89.563,2.478,29.844,2.217,75.55,31.01457163
2813,90.139,2.472,30.551,2.182,76.014,31.36683455
2813.125,90.593,2.464,31.064,2.167,76.104,31.6411621
2813.25,90.967,2.458,31.203,2.139,75.716,31.86509489
2813.375,91.142,2.454,30.785,2.127,75.308,31.97056255
2813.5,90.948,2.45,30.287,2.103,75.305,31.85941415
2813.625,90.721,2.449,29.718,2.081,75.655,31.72811582
2813.75,90.57,2.45,28.859,2.071,76.891,31.6412304
2813.875,90.499,2.45,28.17,2.057,78.239,31.60170369
2814,90.545,2.448,27.956,2.054,78.629,31.63185234
2814.125,90.592,2.446,27.995,2.057,78.499,31.66256117
2814.25,90.565,2.445,28.49,2.075,77.748,31.6492531
2814.375,90.371,2.445,29.104,2.109,76.834,31.53627229
2814.5,90.224,2.445,29.286,2.131,76.186,31.4509134
2814.625,90.241,2.445,29.11,2.18,75.516,31.4638693
2814.75,90.263,2.446,28.166,2.205,74.638,31.47982058
2814.875,89.934,2.448,26.878,2.251,74.253,31.28428023
2815,88.95,2.458,26.067,2.292,74.606,30.68299852
2815.125,87.887,2.471,25.45,2.31,75.405,30.01416035
2815.25,86.755,2.481,24.957,2.336,76.685,29.27902924
2815.375,85.559,2.489,24.77,2.339,77.44,28.47556481
2815.5,85.228,2.495,24.783,2.33,77.657,28.25016501
2815.625,85.62,2.497,24.925,2.292,77.967,28.52282174
2815.75,86.384,2.497,25.488,2.235,79.027,29.04285871
2815.875,87.897,2.496,26.38,2.204,80.369,30.03700441
2816,89.366,2.492,27.095,2.142,81.085,30.96234976
2816.125,90.083,2.484,27.772,2.084,81.486,31.40178804
2816.25,90.546,2.476,28.44,2.057,81.723,31.68194452
2816.375,90.571,2.469,28.728,2.007,82.123,31.69957311
2816.5,90.71,2.456,28.806,1.987,82.547,31.78485969
2816.625,91.051,2.456,28.911,1.958,82.818,31.98875934
2816.75,91.284,2.457,29.203,1.944,82.432,32.1278751
2816.875,91.125,2.459,29.593,1.941,81.572,32.03766814
2817,90.69,2.461,29.807,1.945,81.295,31.78400879
2817.125,89.753,2.464,29.85,1.96,81.501,31.22386153
2817.25,88.928,2.469,29.345,1.97,82.474,30.71868573
2817.375,88.658,2.473,28.27,1.993,83.109,30.55262962
2817.5,88.699,2.475,27.37,2.025,82.859,30.58108825
2817.625,89.135,2.477,26.578,2.046,82.282,30.85546869
2817.75,89.477,2.481,25.937,2.102,81.635,31.06897518
2817.875,89.383,2.488,25.754,2.138,81.325,31.01399396
2818,88.937,2.495,25.647,2.226,80.785,30.74075668
2818.125,87.312,2.503,25.33,2.34,79.574,29.70802912
2818.25,84.809,2.523,24.374,2.4,76.357,28.01814046
2819.125,81.162,2.538,24.791,2.615,71.353,25.33492559
2819.25,82.872,2.514,24.655,2.579,74.468,26.64171633
2819.375,83.073,2.501,23.769,2.56,76.307,26.79332276
2819.5,82.406,2.498,23.024,2.553,76.888,26.29846403
2819.625,80.592,2.497,22.46,2.58,77.27,24.89563568
2819.75,78.939,2.497,21.895,2.713,77.202,23.5468432
2819.875,78.132,2.499,20.944,2.927,75.437,22.86367116
2821,77.961,2.509,20.604,3.69,75.077,22.74026891
2821.125,79.648,2.512,21.387,3.448,77.876,24.16481419
2821.25,81.051,2.516,22.257,3.166,80.061,25.29392368
2821.375,81.935,2.515,22.881,3.034,80.217,25.98168043
2821.5,82.794,2.512,23.101,2.813,79.581,26.63260151
2821.625,83.982,2.51,23.172,2.67,79.072,27.5045734
2821.75,84.929,2.507,23.124,2.628,79.719,28.17850985
2821.875,85.251,2.505,23.095,2.598,81.947,28.40522646
2822,85.262,2.504,23.135,2.617,84.053,28.41557109
2822.125,84.673,2.503,23.172,2.64,86.062,28.007095
2822.5,82.308,2.502,22.281,2.783,86.367,26.28966419
2822.625,81.314,2.5,22.06,2.803,84.124,25.5294908
2822.75,80.171,2.495,22.199,2.81,80.598,24.62562083
2822.875,79.599,2.49,22.762,2.828,77.824,24.16238751
2823,79.462,2.489,23.216,2.86,76.941,24.05224542
2823.125,80.237,2.489,23.543,2.884,76.886,24.68696361
2823.25,81.552,2.491,23.594,2.944,78.168,25.72783295
2823.375,82.312,2.496,23.231,2.995,80.179,26.31170068
2823.5,82.65,2.499,22.817,3.01,81.406,26.56859427
2823.625,82.324,2.501,22.366,3.027,82.157,26.32620247
2823.75,81.562,2.506,21.765,3.036,82.143,25.7464179
2823.875,80.986,2.511,21.293,3.034,81.284,25.29970054
2824,80.432,2.516,21.022,3.019,80.429,24.86253851
2824.125,79.873,2.52,20.731,3.009,79.504,24.41365607
2824.25,79.847,2.523,20.335,3.011,78.627,24.39516311
2824.375,80.231,2.521,20.272,3.022,78.868,24.70918432
2824.5,80.825,2.517,20.633,3.024,79.749,25.18619069
2824.625,81.66,2.513,21.279,3.006,80.925,25.84108933
2824.75,81.938,2.506,22.405,2.952,82.622,26.05725915
2824.875,81.722,2.502,23.297,2.914,83.861,25.89428003
2825,81.435,2.5,23.627,2.837,84.51,25.67513275
2825.125,81.424,2.497,23.78,2.783,85.09,25.66930327
2825.25,82.134,2.492,23.762,2.768,85.547,26.21753451
2825.375,82.976,2.484,23.534,2.756,85.057,26.85210507
2825.5,83.762,2.478,23.273,2.765,83.99,27.43036503
2825.625,84.046,2.473,23,2.775,82.585,27.63774214
2825.75,83.27,2.47,22.744,2.803,80.101,27.07713981
2825.875,82.349,2.473,22.718,2.818,77.887,26.39399994
2826,81.499,2.477,22.862,2.847,77.375,25.74648451
2826.125,81.148,2.48,23.132,2.871,77.92,25.47571295
2826.25,81.944,2.479,23.752,2.878,80.4,26.09443648
2826.375,82.955,2.472,24.449,2.879,83.168,26.85831142
2826.5,83.94,2.466,24.854,2.869,84.323,27.58064468
2826.625,84.81,2.462,25.157,2.865,84.767,28.20164076
2826.75,84.793,2.459,25.345,2.866,84.434,28.19244227
2826.875,84.243,2.463,25.209,2.892,84.207,27.80596815
2827,83.55,2.47,24.855,2.919,84.582,27.30915742
2827.125,82.781,2.478,24.253,3.008,85.106,26.74529118
2827.25,82.159,2.492,22.809,3.148,85.293,26.28000757
2827.375,81.519,2.506,20.984,3.233,84.055,25.79183729
2827.5,80.503,2.515,19.786,3.397,81.812,24.99516808
2827.625,78.345,2.525,18.852,3.464,78.527,23.21349176
2828.375,79.052,2.498,22.521,3.539,76.747,23.82772242
2828.5,80.649,2.495,23.431,3.37,78.15,25.13327506
2828.625,82.065,2.494,24.4,3.164,79.239,26.23840662
2828.75,82.432,2.496,25.624,3.074,81.103,26.51914487
2828.875,82.261,2.499,26.242,2.938,83.163,26.39270976
2829,82.042,2.501,26.182,2.889,84.317,26.22903503
2829.125,81.886,2.503,25.887,2.818,85.13,26.11254646
2829.25,81.963,2.505,25.289,2.778,85.386,26.17417511
2829.375,82.013,2.508,24.689,2.766,84.769,26.21507346
2829.5,81.971,2.51,24.3,2.745,83.965,26.18572472
2829.625,81.815,2.513,23.921,2.706,82.998,26.06897432
2829.75,81.757,2.516,23.485,2.678,81.666,26.02712855
2829.875,81.893,2.517,23.368,2.617,80.998,26.13421654
2830,82.238,2.514,23.61,2.561,81.423,26.39976569
2830.125,83.249,2.51,24.114,2.537,82.588,27.15705467
2830.25,84.608,2.503,25.18,2.494,85.402,28.13870412
2830.875,85.138,2.504,25.294,2.396,85.736,28.52358832
2831,84.91,2.508,25.358,2.357,83.448,28.36733644
2831.125,85.217,2.511,25.683,2.339,81.624,28.58389844
2831.25,86.054,2.515,26.479,2.308,80.46,29.15994609
2831.375,86.777,2.516,27.273,2.298,80.812,29.64681147
2831.5,87.429,2.515,27.597,2.308,81.726,30.07757488
2831.625,88.025,2.512,27.635,2.361,82.927,30.46465951
2831.75,88.117,2.506,26.941,2.456,84.212,30.52615724
2831.875,87.775,2.501,25.469,2.52,84.068,30.30973268
2832,87.087,2.499,24.094,2.679,82.705,29.86503764
2832.125,85.243,2.498,22.603,2.766,80.484,28.62380681
2832.25,82.647,2.501,20.586,2.92,76.218,26.75681884
2832.375,80.692,2.506,19.114,3.021,71.88,25.25155009
2832.5,78.915,2.509,18.604,3.06,69.643,23.8020671
2832.875,78.299,2.504,20.658,3.27,72.364,23.28746984
2833,79.983,2.502,22.08,3.284,75.643,24.6953636
2833.125,82.812,2.499,23.598,3.182,78.657,26.89910164
2833.25,84.98,2.497,25.496,3.087,81.373,28.4654919
2833.375,85.539,2.496,26.675,2.861,82.541,28.85539293
2833.5,85.485,2.497,27.04,2.659,82.929,28.82100656
2833.625,84.884,2.497,27.251,2.581,83.411,28.40656667
2833.75,84.465,2.497,27.467,2.474,84.695,28.11405904
2833.875,84.555,2.495,27.568,2.442,86.364,28.18051896
2834,84.94,2.493,27.455,2.404,87.492,28.45395795
2834.875,85.441,2.481,24.754,2.387,87.095,28.82083572
2835,85.212,2.487,24.379,2.425,85.963,28.66526783
2835.125,84.593,2.495,23.957,2.527,84.626,28.23472098
2835.25,83.343,2.506,23.378,2.659,81.991,27.3378777
2835.375,81.97,2.516,22.834,2.731,78.858,26.3128201
2835.5,80.343,2.521,22.398,2.877,76.907,25.0404927
2835.625,78.147,2.525,21.874,2.95,75.581,23.21632094
2836.25,77.991,2.525,19.967,3.457,75.509,23.09514223
2836.375,78.353,2.519,20.059,3.461,73.904,23.40936529
2836.5,78.519,2.517,20.27,3.435,72.82,23.55372234
2836.625,78.08,2.517,20.57,3.381,72.022,23.18017182
2837.125,78.435,2.521,21.218,3.241,73.248,23.49565679
2837.25,80.382,2.52,20.826,3.238,74.67,25.10981697
2837.375,81.257,2.521,20.189,3.242,75.862,25.80542145
2837.5,81.383,2.522,19.714,3.255,76.031,25.90638581
2837.625,80.105,2.525,19.328,3.265,75.483,24.89466207
2837.75,78.09,2.528,19.062,3.271,73.739,23.21312363
2838.875,78.197,2.539,22.111,3.304,74.5,23.32962793
2839,79.329,2.53,22.301,3.273,75.453,24.28850984
2839.125,80.615,2.52,22.192,3.253,76.49,25.33691537
2839.25,80.332,2.506,21.855,3.195,77.297,25.1131024
2839.375,79.288,2.492,21.799,3.115,76.944,24.2626046
2839.5,78.399,2.486,22.103,3.076,76.443,23.51631202
2839.625,78.741,2.482,22.613,3.011,76.346,23.80966541
2839.75,80.752,2.485,23.406,2.958,77.552,25.45945823
2839.875,82.418,2.494,23.839,2.931,79.692,26.75102123
2840,83.598,2.502,23.764,2.863,81.067,27.6279313
2840.125,83.965,2.509,23.453,2.824,82.073,27.89630226
2840.25,83.773,2.513,22.844,2.739,82.802,27.76042812
2840.375,83.913,2.512,22.499,2.657,83.216,27.86431058
2840.5,84.268,2.51,22.617,2.622,83.613,28.1216485
2840.625,84.89,2.508,22.972,2.567,84.069,28.56407363
2840.75,85.406,2.508,23.621,2.527,84.458,28.92550781
2840.875,85.589,2.51,23.978,2.511,84.504,29.05416468
2841,85.615,2.511,23.907,2.49,84.609,29.07474283
2841.125,85.465,2.511,23.713,2.484,84.991,28.97440419
2841.25,85.286,2.512,23.639,2.486,85.859,28.85354151
2841.375,85.186,2.511,24.056,2.498,86.379,28.78694691
2841.5,85.085,2.509,24.593,2.529,86.22,28.71945124
2841.625,84.809,2.506,25.135,2.55,85.929,28.52918857
2841.75,84.499,2.499,25.625,2.582,85.723,28.31326657
2841.875,84.479,2.49,25.733,2.586,85.794,28.30182895
2842,84.733,2.483,25.683,2.573,85.666,28.48398557
2842.125,85.573,2.476,25.649,2.546,85.213,29.07061608
2842.25,86.49,2.469,25.588,2.532,84.482,29.69463381
2842.375,86.897,2.466,25.37,2.502,84.413,29.9678859
2842.5,87.03,2.468,25.123,2.46,84.933,30.05834681
2842.625,86.73,2.472,24.939,2.431,85.644,29.86277483
2842.75,86.391,2.479,25.138,2.36,86.123,29.63934426
2842.875,86.535,2.484,25.965,2.286,85.661,29.73843965
2843,87.131,2.485,26.862,2.253,85.048,30.1357348
2843.125,88.637,2.484,27.859,2.2,84.66,31.10599818
2843.25,89.993,2.481,29.177,2.179,84.701,31.94541295
2843.375,90.359,2.478,30.035,2.147,84.894,32.16863185
2843.5,90.243,2.476,30.208,2.12,84.692,32.10176671
2843.625,89.637,2.476,30.096,2.107,84.242,31.73710609
2843.75,89.279,2.476,29.632,2.086,83.744,31.51987371
2843.875,89.461,2.477,29.291,2.078,84.126,31.63475067
2844,89.908,2.477,29.367,2.082,84.827,31.91047101
2844.125,90.665,2.477,29.662,2.106,85.305,32.36783715
2844.25,91.05,2.478,30.007,2.151,85.034,32.59819002
2844.375,90.801,2.479,29.593,2.178,83.935,32.45404005
2844.5,90.119,2.481,28.674,2.232,82.723,32.0491989
2844.625,88.62,2.484,27.526,2.279,81.123,31.12840021
2844.75,87.19,2.489,26.142,2.302,77.851,30.21295176
2844.875,86.586,2.493,25.594,2.353,74.368,29.81645461
2845,86.39,2.495,25.785,2.384,72.735,29.6881447
2845.125,86.871,2.495,26.184,2.458,72.081,30.01120924
2845.25,87.69,2.493,26.657,2.547,72.522,30.54927944
2845.375,87.941,2.489,26.677,2.591,73.032,30.71360314
2845.5,87.626,2.486,26.363,2.658,72.736,30.51340682
2845.625,85.869,2.485,25.865,2.686,71.9,29.34986051
2845.75,83.329,2.489,24.899,2.689,70.47,27.55711942
2845.875,81.773,2.496,23.899,2.69,69.898,26.39067324
2846,80.842,2.503,23.365,2.702,70.424,25.66684578
2846.125,81.024,2.508,23.026,2.712,71.576,25.81324561
2846.25,82.302,2.513,22.935,2.738,73.791,26.80256015
2846.375,83.252,2.517,23.159,2.75,75.808,27.51422135
2846.5,83.896,2.519,23.419,2.747,76.703,27.98615196
2846.625,84.047,2.523,23.707,2.73,77.256,28.09760491
2846.75,83.736,2.527,24.173,2.717,77.85,27.8758996
2846.875,83.628,2.528,24.66,2.685,78.394,27.80020653
2847,83.774,2.526,24.951,2.646,78.678,27.90891202
2847.125,84.182,2.522,25.182,2.628,78.849,28.20534798
2847.25,84.313,2.517,25.434,2.6,78.911,28.30163587
2847.375,84.117,2.514,25.6,2.582,79.004,28.16427658
2847.5,83.803,2.513,25.59,2.575,79.33,27.94086008
2847.625,83.546,2.513,25.447,2.569,80.051,27.75691223
2847.75,83.89,2.512,25.066,2.564,81.789,28.00921188
2847.875,84.467,2.51,24.759,2.56,83.342,28.42485374
2848,85.062,2.508,24.772,2.552,83.763,28.84606149
2848.125,85.498,2.507,25.01,2.549,83.638,29.15083321
2848.25,85.466,2.506,25.681,2.539,82.749,29.13154387
2848.375,85.352,2.506,26.371,2.514,81.728,29.05561799
2848.5,85.303,2.505,26.659,2.496,81.126,29.02446796
2848.625,85.624,2.501,26.779,2.45,80.537,29.24839112
2848.75,86.434,2.489,26.85,2.382,79.431,29.80014072
2848.875,87.198,2.472,27.132,2.34,77.887,30.30906157
2849,88.086,2.458,27.601,2.25,76.754,30.88638382
2849.125,89.461,2.442,28.269,2.163,75.866,31.75078595
2849.25,90.718,2.42,29.416,2.12,75.628,32.51278966
2849.375,91.409,2.403,30.378,2.036,76.366,32.92184055
2849.5,91.965,2.397,30.744,1.953,76.953,33.24598956
2849.625,92.777,2.394,30.931,1.913,77.257,33.70948214
2849.75,93.817,2.397,31.153,1.837,77.169,34.28782261
2849.875,94.747,2.404,31.527,1.804,77.069,34.79195061
2850,95.808,2.41,31.836,1.752,77.22,35.35188728
2850.125,97.123,2.416,32.04,1.727,77.454,36.02416323
2850.25,97.685,2.424,31.997,1.725,77.703,36.30622278
2850.375,97.424,2.429,31.823,1.737,77.935,36.17982154
2850.5,96.83,2.432,31.88,1.766,78.16,35.88533286
2850.625,95.834,2.434,32.128,1.784,78.231,35.37928719
2850.75,95.129,2.436,32.43,1.825,77.417,35.01383503
2850.875,94.946,2.437,32.082,1.87,75.588,34.91991599
2851,94.912,2.438,31.32,1.896,74.22,34.90468283
2851.125,94.711,2.44,30.383,1.955,73.088,34.80061571
2851.25,94.011,2.444,29.256,1.986,72.041,34.42681076
2851.375,93.196,2.452,28.732,2.046,71.73,33.98220426
2851.5,92.279,2.459,28.795,2.098,72.063,33.4697612
2851.625,91.124,2.467,29.088,2.122,72.883,32.80508964
2851.75,90.415,2.478,29.803,2.167,74.836,32.38756094
2851.875,90.26,2.484,30.705,2.205,76.653,32.29734405
2852,90.323,2.486,31.389,2.222,77.09,32.33795571
2852.125,90.694,2.486,32.047,2.252,76.612,32.56224626
2852.25,91.101,2.486,32.677,2.275,74.73,32.80544379
2852.375,91.252,2.487,32.69,2.283,72.557,32.89673541
2852.5,91.29,2.489,32.236,2.297,71.325,32.92172722
2852.625,91.237,2.491,31.492,2.314,70.32,32.89350426
2852.75,91.141,2.495,30.04,2.325,69.008,32.8400183
2852.875,90.993,2.497,28.524,2.35,68.154,32.75576705
2853,90.632,2.498,27.656,2.364,68.203,32.54477869
2853.125,89.782,2.499,27.002,2.393,68.743,32.03572973
2853.25,89.94,2.502,26.455,2.427,69.923,32.13455176
2853.375,91.442,2.505,26.198,2.447,70.792,33.02978928
2853.5,93.694,2.506,26.13,2.494,71.071,34.30402431
2853.625,96.448,2.504,26.146,2.547,71.307,35.76150365
2853.75,96.727,2.499,26.461,2.572,71.835,35.90590797
2853.875,94.979,2.495,27.073,2.612,72.446,35.00425758
2854,92.463,2.494,27.523,2.637,72.836,33.62971876
2854.125,89.242,2.495,27.824,2.646,73.34,31.72635808
2854.25,87.608,2.5,27.818,2.658,74.328,30.69474874
2854.375,87.261,2.505,27.478,2.662,75.391,30.47159731
2854.5,87.19,2.508,27.194,2.669,75.993,30.42785422
2854.625,87.441,2.511,26.949,2.667,76.343,30.59458234
2854.75,87.918,2.514,26.692,2.658,76.542,30.90573036
2854.875,88.399,2.515,26.562,2.626,76.566,31.21526154
2855,88.935,2.515,26.597,2.584,76.309,31.55499525
2855.125,89.425,2.514,26.763,2.565,75.623,31.86140229
2855.25,89.424,2.512,27.301,2.534,73.604,31.86355424
2855.375,89.258,2.511,28.149,2.521,71.156,31.76391785
2855.5,89.181,2.511,28.923,2.522,69.772,31.719022
2855.625,89.525,2.512,29.797,2.537,68.978,31.93393138
2855.75,90.209,2.511,30.994,2.554,69.364,32.35252163
2855.875,90.552,2.51,31.649,2.56,70.718,32.56086031
2856,90.54,2.509,31.526,2.567,71.58,32.5564734
2856.125,89.919,2.509,31.006,2.567,72.003,32.18549747
2856.25,89.129,2.511,29.895,2.554,71.736,31.70337562
2856.375,88.799,2.514,29.022,2.521,71.309,31.50039374
2856.5,88.774,2.514,28.863,2.496,71.539,31.48749429
2856.625,89.378,2.514,29.048,2.434,72.443,31.86566895
2856.75,90.333,2.509,29.684,2.367,74.821,32.4492344
2856.875,90.911,2.503,30.186,2.334,77.272,32.79613261
2857,91.262,2.497,30.171,2.274,78.379,33.00522841
2857.125,91.362,2.492,29.879,2.221,78.737,33.0664228
2857.25,91.282,2.485,29.253,2.198,77.784,33.02247599
2857.375,91.381,2.479,28.812,2.156,76.116,33.08305627
2857.5,91.784,2.475,28.72,2.138,75.288,33.31953221
2857.625,92.776,2.472,28.732,2.109,75.17,33.88678567
2857.75,93.535,2.471,28.905,2.084,76.062,34.31137816
2857.875,93.521,2.475,29.272,2.068,76.66,34.30645908
2858,93.104,2.481,29.626,2.032,75.917,34.07847154
2858.125,92.178,2.487,29.974,1.999,74.262,33.55944212
2858.25,91.668,2.492,30.232,1.988,71.745,33.26919109
2858.375,91.906,2.488,30.118,1.975,70.808,33.40922297
2858.5,92.51,2.481,29.861,1.973,71.477,33.7563719
2858.625,93.484,2.473,29.592,1.975,72.614,34.30279131
2858.75,94.041,2.462,29.363,1.976,74.035,34.61015245
2858.875,93.965,2.455,29.362,1.974,74.994,34.5716462
2859,93.552,2.454,29.496,1.975,75.633,34.34857134
2859.125,92.597,2.456,29.697,1.986,76.48,33.81941856
2859.25,91.705,2.464,29.964,1.996,77.505,33.31281088
2859.375,91.311,2.474,30.006,2.031,77.238,33.08662139
2859.5,91.136,2.481,29.828,2.091,75.962,32.98690452
2859.625,91.167,2.487,29.54,2.131,74.353,33.00787281
2859.75,91.233,2.491,29.05,2.215,72.605,33.04932941
2859.875,91.142,2.491,28.645,2.29,72.152,32.99875587
2860,90.883,2.49,28.499,2.32,72.618,32.84895684
2860.125,90.238,2.49,28.441,2.363,73.275,32.466999
2860.25,89.559,2.493,28.438,2.382,73.91,32.05725735
2860.375,89.313,2.498,28.439,2.385,73.94,31.90863707
2860.5,89.297,2.501,28.434,2.384,73.688,31.90152416
2860.625,89.573,2.503,28.456,2.371,73.405,32.07415436
2860.75,89.958,2.504,28.6,2.357,73.006,32.31169551
2860.875,90.176,2.504,28.87,2.324,73.078,32.44629336
2861,90.321,2.503,29.1,2.308,73.764,32.53630903
2861.125,90.553,2.501,29.336,2.286,74.885,32.67794551
2861.25,90.98,2.498,29.687,2.277,76.572,32.93398902
2861.375,91.411,2.493,30.004,2.279,77.135,33.18941248
2861.5,91.833,2.491,30.135,2.29,76.346,33.43669461
2861.625,92.014,2.49,30.139,2.305,74.828,33.54348684
2861.75,91.351,2.493,29.805,2.31,72.255,33.16275417
2861.875,90.349,2.499,29.173,2.316,70.414,32.572536
2862,89.198,2.504,28.666,2.328,69.99,31.87351425
2862.125,87.916,2.508,28.218,2.339,70.24,31.0674739
2862.25,87.522,2.511,27.887,2.366,71.904,30.81570224
2862.375,87.785,2.511,27.991,2.379,74.215,30.98869062
2862.5,88.242,2.51,28.282,2.4,75.206,31.28423343
2862.625,88.905,2.51,28.598,2.404,75.2,31.70507761
2862.75,89.213,2.511,28.776,2.399,73.592,31.89942905
2862.875,89.073,2.512,28.474,2.381,71.648,31.81532187
2863,88.744,2.513,28.055,2.362,71.037,31.61257799
2863.125,88.236,2.514,27.67,2.355,71.117,31.29424871
2863.25,88.011,2.515,27.45,2.346,71.68,31.15331427
2863.375,88.042,2.516,27.627,2.342,71.926,31.17593413
2863.5,88.059,2.515,27.897,2.34,71.883,31.18958071
2863.625,87.823,2.514,28.135,2.332,72.051,31.04083427
2863.75,87.486,2.512,28.175,2.327,72.935,30.82547029
2863.875,87.527,2.513,27.87,2.328,73.925,30.85488518
2864,87.982,2.514,27.58,2.341,74.195,31.15132409
2864.125,89.358,2.515,27.371,2.349,74.075,32.019539
2864.25,90.827,2.515,27.361,2.363,73.853,32.91022598
2864.375,91.428,2.514,27.558,2.366,74.525,33.26601567
2864.5,91.589,2.513,27.662,2.361,75.626,33.36238084
2864.625,91.13,2.512,27.673,2.341,76.944,33.09726338
2864.75,90.208,2.513,27.687,2.313,78.763,32.55158852
2864.875,89.531,2.515,27.962,2.296,80.053,32.14263712
2865,89.052,2.516,28.397,2.259,80.447,31.84936369
2865.125,89.036,2.515,28.988,2.215,80.393,31.84217744
2865.25,89.842,2.507,30.045,2.192,79.325,32.34106255
2865.375,90.824,2.493,31.141,2.141,78.026,32.9334507
2865.5,91.788,2.481,31.781,2.114,77.749,33.49974008
2865.625,92.395,2.468,32.196,2.053,78.216,33.84982248
2865.75,92.017,2.451,32.073,1.983,79.666,33.63700197
2865.875,91.496,2.434,31.338,1.946,80.451,33.33895909
2866,91.192,2.423,30.847,1.877,80.046,33.16422219
2866.125,91.732,2.41,30.684,1.824,79.113,33.4813186
2866.25,93.234,2.393,31.199,1.805,77.98,34.3345122
2866.375,94.467,2.381,32.085,1.778,78.152,35.01023571
2866.5,95.495,2.378,32.593,1.76,78.847,35.55752675
2866.625,96.21,2.379,32.935,1.751,79.431,35.93047927
2866.75,96.008,2.383,33.323,1.73,79.638,35.82939829
2866.875,95.459,2.386,33.802,1.706,79.394,35.54709097
2867,94.906,2.388,34.09,1.696,79.395,35.25852859
2867.125,94.525,2.388,34.129,1.683,79.761,35.05810211
2867.25,94.687,2.388,33.48,1.681,81.159,35.14755302
2867.375,95.054,2.386,32.441,1.683,83.087,35.3453019
2867.5,95.451,2.384,31.874,1.689,84.384,35.55688194
2867.625,95.923,2.383,31.616,1.691,85.485,35.80510034
2867.75,96.338,2.382,31.841,1.691,86.216,36.02120303
2867.875,96.687,2.384,32.402,1.687,85.548,36.20161477
2868,97.085,2.386,32.778,1.685,84.275,36.40501985
2868.125,97.747,2.389,33.067,1.682,82.682,36.7369769
2868.25,98.273,2.394,33.294,1.688,80.388,36.99737012
2868.375,98.279,2.398,33.232,1.696,78.76,37.00309307
2868.5,97.89,2.401,32.894,1.721,78.427,36.8157584
2868.625,96.786,2.405,32.301,1.738,78.718,36.26850613
2868.75,95.584,2.414,31.127,1.773,79.777,35.65430392
2868.875,94.954,2.426,30.073,1.811,80.628,35.32589513
2869,94.549,2.436,29.699,1.831,80.643,35.11285347
2869.125,94.347,2.445,29.653,1.874,80.181,35.00712801
2869.25,94.306,2.458,30.169,1.919,79.31,34.98782341
2869.375,94.249,2.466,31.029,1.941,78.885,34.95985532
2869.5,94.116,2.469,31.584,1.981,78.793,34.89069142
2869.625,93.821,2.47,31.979,2.015,78.526,34.73296952
2869.75,93.575,2.468,32.317,2.028,77.6,34.60093948
2869.875,93.582,2.464,32.669,2.049,76.669,34.6075784
2870,93.745,2.462,33.096,2.061,76.42,34.69978468
2870.125,93.97,2.462,33.719,2.065,76.533,34.82536661
2870.25,93.906,2.464,34.803,2.069,76.908,34.79330583
2870.375,93.643,2.467,35.568,2.072,77.114,34.6522488
2870.5,93.305,2.468,35.541,2.077,77.332,34.46867859
2870.625,92.778,2.467,34.989,2.084,77.756,34.17750713
2870.75,92.314,2.462,33.361,2.086,78.358,33.91799618
2870.875,92.135,2.454,31.518,2.088,78.361,33.81871001
2871,92.105,2.449,30.565,2.086,77.869,33.80434013
2871.125,92.301,2.448,29.978,2.084,77.28,33.91895922
2871.25,92.556,2.452,29.683,2.079,76.722,34.06635838
2871.375,92.572,2.461,29.669,2.075,76.582,34.07818653
2871.5,92.436,2.467,29.729,2.077,76.431,34.00400399
2871.625,92.138,2.47,29.868,2.089,75.976,33.83714122
2871.75,91.97,2.47,30.332,2.11,75.023,33.7436792
2871.875,91.946,2.469,30.966,2.122,74.44,33.73267923
2872,91.92,2.469,31.347,2.145,74.659,33.72052018
2872.125,91.911,2.472,31.597,2.157,75.371,33.71813021
2872.25,91.896,2.479,31.7,2.183,76.87,33.71228695
2872.375,91.793,2.485,31.575,2.21,78.15,33.65572448
2872.5,91.571,2.489,31.28,2.225,78.369,33.53002577
2872.625,91.118,2.49,30.768,2.261,77.894,33.26820147
2872.75,90.77,2.487,29.799,2.3,76.287,33.06546297
2872.875,90.762,2.482,29.036,2.318,74.756,33.06349715
2873,90.919,2.477,28.8,2.347,74.216,33.15926528
2873.125,91.135,2.474,28.693,2.365,73.934,33.28932449
2873.25,90.944,2.474,28.434,2.37,73.527,33.17960058
2873.375,90.511,2.478,27.885,2.373,72.641,32.92512562
2873.5,89.946,2.482,27.414,2.375,71.632,32.5875596
2873.625,89.182,2.487,27.026,2.389,70.539,32.12152455
2873.75,88.884,2.491,26.729,2.411,69.358,31.9387033
2873.875,89.162,2.492,26.594,2.424,68.707,32.11467008
2874,89.762,2.491,26.524,2.458,68.434,32.486679
2874.125,90.806,2.489,26.481,2.506,68.226,33.11742248
2874.25,91.374,2.486,26.588,2.534,68.285,33.45433944
2874.375,91.183,2.485,26.904,2.604,68.759,33.34534586
2874.5,90.623,2.486,27.134,2.704,69.317,33.01700154
2874.625,89.427,2.488,27.214,2.767,69.791,32.2951774
2874.75,88.191,2.493,26.831,2.917,69.53,31.5232078
2874.875,87.352,2.499,26.022,3.093,68.064,30.9844184
2876.625,82.195,2.528,24.813,3.337,68.759,27.38718893
2876.75,83.011,2.523,24.56,3.218,70.617,28.00301057
2876.875,83.536,2.518,24.594,3.112,71.988,28.39230575
2877,84.222,2.514,24.763,3.063,72.631,28.89108502
2877.125,85.338,2.511,25.004,2.97,73.127,29.67955243
2877.25,86.002,2.506,25.466,2.88,73.549,30.13773552
2877.375,86.003,2.502,25.93,2.834,73.439,30.14118091
2877.5,85.823,2.5,26.125,2.746,72.992,30.02136209
2877.625,85.724,2.499,26.137,2.673,72.492,29.95643106
2877.75,86.12,2.499,25.812,2.643,72.172,30.22881763
2877.875,86.77,2.498,25.422,2.592,72.848,30.66748961
2878,87.492,2.497,25.349,2.557,74.015,31.14498
2878.125,87.906,2.494,25.501,2.547,75.479,31.4155718
2878.25,88.342,2.485,26.084,2.535,77.588,31.69701076
2878.375,89.411,2.473,26.795,2.527,78.848,32.36868955
2878.5,91.113,2.466,27.195,2.506,78.771,33.39614396
2878.625,93.614,2.461,27.465,2.49,78.091,34.82064951
2878.75,94.478,2.458,27.661,2.487,76.738,35.29281288
2878.875,93.498,2.457,27.759,2.488,76.028,34.76239552
2879,91.744,2.455,27.812,2.484,76.093,33.77514378
2879.125,89.333,2.449,27.863,2.476,76.277,32.33723867
2879.25,88.263,2.435,27.907,2.44,76.29,31.66898124
2879.375,88.155,2.42,27.882,2.379,76.257,31.60289343
2879.5,88.255,2.413,27.837,2.341,76.555,31.6694399
2879.625,88.738,2.408,27.814,2.257,77.132,31.97770306
2879.75,89.434,2.403,27.926,2.214,77.945,32.41344724
2879.875,89.922,2.399,28.231,2.132,78.438,32.71481509
2880,90.408,2.397,28.533,2.067,78.846,33.01096372
2880.125,91.324,2.394,28.849,2.041,79.635,33.55609168
2880.25,92.611,2.391,29.247,1.996,81.402,34.29830182
2880.375,93.68,2.388,29.63,1.958,82.886,34.89602353
2880.5,94.746,2.388,30.033,1.942,83.283,35.47541937
2880.625,95.904,2.388,30.636,1.915,83.285,36.08648219
2880.75,96.333,2.391,31.623,1.897,82.768,36.30999558
2880.875,96.1,2.396,31.982,1.892,81.697,36.19323223
2881,95.552,2.401,31.453,1.889,80.673,35.91194234
2881.125,94.149,2.406,30.488,1.886,79.857,35.16850153
2881.25,92.454,2.416,29.178,1.883,79.711,34.23181393
2881.375,91.539,2.425,28.824,1.874,80.328,33.7093143
2881.5,91.102,2.429,29.316,1.87,80.607,33.4565634
2881.625,91.701,2.431,30.078,1.862,80.332,33.80885174
2881.75,93.356,2.428,30.958,1.856,78.97,34.74825419
2881.875,94.684,2.421,31.192,1.853,77.696,35.47312386
2882,95.708,2.415,31.093,1.848,77.501,36.01565417
2882.125,96.15,2.408,31.095,1.838,77.745,36.24699562
2882.25,95.646,2.401,31.595,1.831,78.387,35.98899201
2882.375,95.026,2.397,32.406,1.817,79.419,35.66620672
2882.5,94.506,2.397,32.818,1.814,80.414,35.39180863
2882.625,94.262,2.397,32.903,1.816,81.398,35.26321815
2882.75,94.391,2.398,32.323,1.828,82.191,35.33558792
2882.875,94.459,2.398,31.29,1.84,81.905,35.37496502
2883,94.374,2.398,30.559,1.843,81.04,35.33203229
2883.125,93.943,2.399,29.997,1.843,80.01,35.10134618
2883.25,93.442,2.401,29.763,1.84,78.93,34.82934787
2883.375,93.261,2.406,30.097,1.835,78.706,34.73195797
2883.5,93.314,2.411,30.465,1.832,79.12,34.76414102
2883.625,93.84,2.416,30.719,1.832,79.957,35.05634296
2883.75,94.527,2.423,30.691,1.835,81.746,35.4310783
2883.875,94.714,2.429,30.426,1.836,83.494,35.5339532
2884,94.481,2.431,30.3,1.835,84.252,35.41198599
2884.125,93.476,2.431,30.297,1.829,84.562,34.86769225
2884.25,92.503,2.432,30.491,1.823,84.375,34.32661692
2884.375,92.376,2.432,30.803,1.82,84.068,34.25736427
2884.5,92.817,2.433,31.023,1.817,83.871,34.50928033
2884.625,94.033,2.432,31.143,1.819,83.569,35.18390984
2884.75,94.939,2.427,30.884,1.832,82.959,35.67332491
2884.875,94.98,2.418,30.227,1.857,82.469,35.69787433
2885,94.632,2.411,29.754,1.873,82.324,35.5153411
2885.125,93.763,2.407,29.434,1.916,82.247,35.04781044
2885.25,92.899,2.412,29.157,1.974,81.913,34.57205082
2885.375,92.337,2.435,28.654,2.002,80.774,34.25754053
2885.5,91.74,2.459,27.974,2.045,79.135,33.91793393
2885.625,90.871,2.488,27.148,2.075,76.813,33.41224848
2885.75,90.003,2.524,26.254,2.09,72.744,32.89486018
2886.125,88.144,2.532,27.055,2.202,68.74,31.74586186
2886.25,88.071,2.51,27.55,2.252,71.299,31.70194501
2886.375,88.353,2.488,27.521,2.267,74.292,31.88458124
2886.5,88.66,2.478,27.306,2.269,75.719,32.08153989
2886.625,88.663,2.473,27.19,2.255,76.694,32.08621083
2886.75,88.142,2.47,27.492,2.252,78.135,31.75848233
2886.875,87.67,2.472,28.145,2.25,80.038,31.45758939
2887,87.27,2.473,28.553,2.253,81.529,31.19979798
2887.125,86.984,2.475,28.738,2.256,82.841,31.01442799
2887.25,87.06,2.478,28.459,2.267,83.681,31.06735177
2887.375,87.31,2.481,27.789,2.277,83.223,31.23432013
2887.5,87.655,2.483,27.283,2.281,82.452,31.46176308
2887.625,88.064,2.485,26.852,2.292,81.657,31.72803874
2887.75,87.879,2.487,26.464,2.303,80.5,31.61201211
2887.875,87.209,2.489,26.328,2.331,79.555,31.17923533
2888,86.295,2.49,26.318,2.364,79.328,30.57416608
2888.125,85.045,2.492,26.267,2.381,79.639,29.71910595
2888.25,84.383,2.498,26.019,2.415,81.382,29.25466301
2888.375,84.354,2.505,25.675,2.449,83.893,29.23675204
2888.5,84.477,2.509,25.492,2.468,85.273,29.32709459
2888.625,84.578,2.512,25.422,2.505,85.793,29.40153602
2888.75,84.416,2.514,25.577,2.538,84.955,29.28923442
2888.875,84.12,2.515,25.931,2.549,83.527,29.08031891
2889,83.727,2.516,26.267,2.556,82.82,28.79913777
2889.125,83.2,2.517,26.68,2.548,82.613,28.41586593
2889.25,83.113,2.517,27.41,2.541,83.151,28.35430918
2889.375,83.585,2.515,28.061,2.526,83.787,28.70400896
2889.5,84.365,2.512,28.293,2.518,83.871,29.26949229
2889.625,85.226,2.51,28.323,2.502,83.743,29.87850533
2889.75,85.071,2.506,28.049,2.481,83.767,29.77326791
2889.875,84.328,2.504,27.583,2.468,84.543,29.2513922
2890,83.453,2.502,27.194,2.439,85.576,28.62129134
2890.125,82.803,2.501,26.782,2.415,86.659,28.14307467
2890.25,83.097,2.497,26.29,2.405,87.195,28.36455203
2890.375,83.666,2.491,26.128,2.389,86.121,28.78516553
2890.5,84.199,2.487,26.329,2.377,84.832,29.17295359
2890.625,84.721,2.481,26.748,2.371,83.687,29.54693965
2890.75,85.066,2.471,27.63,2.359,82.878,29.79193401
2890.875,85.228,2.46,28.568,2.35,82.804,29.90760036
2891,85.341,2.453,29.126,2.328,82.79,29.9888032
2891.125,85.427,2.448,29.536,2.311,82.525,30.05109276
2891.25,85.357,2.442,29.567,2.308,81.782,30.00543061
2891.375,85.239,2.44,28.869,2.314,81.327,29.92633076
2891.5,85.131,2.441,28.077,2.338,81.47,29.85391958
2891.625,85.007,2.443,27.315,2.355,81.783,29.77007482
2891.75,84.91,2.448,26.613,2.392,81.971,29.70486857
2891.875,84.805,2.452,26.293,2.419,81.575,29.63383609
2892,84.662,2.455,26.088,2.425,81.244,29.53572499
2892.125,84.341,2.457,25.732,2.424,81.233,29.31048165
2892.25,83.918,2.461,25.036,2.412,81.93,29.00944902
2892.375,83.664,2.463,24.624,2.403,82.789,28.82794332
2892.5,83.541,2.463,24.804,2.386,83.04,28.74097039
2892.625,83.785,2.461,25.357,2.379,82.963,28.92143223
2892.75,84.579,2.454,26.618,2.369,82.678,29.49359044
2892.875,85.456,2.449,27.909,2.356,82.803,30.10994261
2893,86.478,2.449,28.571,2.345,83.203,30.80817846
2893.125,87.799,2.452,28.979,2.317,83.539,31.68000929
2893.25,88.628,2.46,28.977,2.296,83.502,32.21168228
2893.375,88.826,2.469,28.416,2.292,82.828,32.33896608
2893.5,88.732,2.475,27.854,2.293,82.055,32.28273306
2893.625,88.128,2.479,27.366,2.309,81.176,31.90252838
2893.75,87.291,2.483,27.036,2.327,79.836,31.36359995
2893.875,86.68,2.483,27.026,2.375,78.845,30.96266114
2894,86.082,2.479,26.982,2.412,78.67,30.56335854
2894.125,85.399,2.474,26.713,2.417,78.875,30.09827183
2894.25,84.851,2.466,25.854,2.402,79.483,29.71883742
2894.375,84.475,2.46,24.908,2.387,80.059,29.4557722
2894.5,84.157,2.458,24.506,2.356,80.464,29.231391
2894.625,84.152,2.457,24.373,2.342,80.942,29.23057087
2894.75,84.726,2.458,24.576,2.343,81.81,29.64187222
2894.875,85.403,2.465,24.96,2.363,82.912,30.11768088
2895,86.093,2.473,25.229,2.39,83.688,30.5930286
2895.125,86.539,2.483,25.476,2.399,84.17,30.8962632
2895.25,85.897,2.498,25.756,2.394,83.427,30.46530686
2895.375,84.705,2.508,25.858,2.366,80.691,29.64090348
2895.5,83.097,2.51,25.748,2.352,77.852,28.48060251
2895.625,80.591,2.508,25.532,2.337,75.171,26.55430928
2895.75,78.923,2.498,25.276,2.337,73.518,25.18766826
2895.875,78.822,2.483,25.425,2.347,75.062,25.10516392
2896,79.522,2.474,25.907,2.368,77.639,25.69320025
2896.125,81.482,2.466,26.616,2.374,80.409,27.26821555
2896.25,83.401,2.456,27.781,2.371,83.421,28.72138572
2896.375,84.197,2.444,28.738,2.354,84.686,29.30162046
2896.5,84.582,2.433,29.168,2.346,84.648,29.57882775
2896.625,84.769,2.421,29.49,2.33,84.367,29.71377471
2896.75,85.129,2.409,29.79,2.314,84.01,29.96896197
2896.875,85.55,2.408,29.815,2.31,83.953,30.2635582
2897,85.932,2.415,29.606,2.318,84.022,30.52803487
2897.125,86.173,2.425,29.255,2.346,83.937,30.69442679
2897.25,86.129,2.44,28.571,2.366,83.25,30.66741864
2897.375,85.927,2.449,27.808,2.409,82.233,30.53295997
2897.5,85.587,2.451,27.25,2.429,81.844,30.30291334
2897.625,84.96,2.452,26.68,2.456,82.142,29.87021401
2897.75,84.531,2.458,26.01,2.472,83.917,29.57036952
2897.875,84.585,2.469,25.783,2.477,86.12,29.61144473
2898,84.918,2.478,25.97,2.478,87.149,29.84907673
2898.125,85.476,2.484,26.31,2.459,87.491,30.24028067
2898.25,85.533,2.487,26.822,2.443,86.671,30.28237891
2898.375,85.215,2.484,27.154,2.407,84.842,30.06493717
2898.5,84.867,2.479,27.271,2.363,83.381,29.82435119
2898.625,84.828,2.472,27.394,2.338,82.23,29.79969604
2898.75,85.439,2.463,27.708,2.292,81.973,30.22860097
2898.875,86.241,2.453,28.123,2.272,83.431,30.77929018
2899,87.208,2.448,28.413,2.234,84.889,31.42600427
2899.125,88.661,2.444,28.696,2.196,85.837,32.36346805
2899.25,89.801,2.443,29.056,2.176,85.562,33.07321918
2899.375,90.197,2.446,29.199,2.143,84.252,33.31637157
2899.5,90.284,2.45,29.024,2.123,83.506,33.37161937
2899.625,90.097,2.453,28.611,2.12,83.183,33.26151158
2899.75,89.986,2.454,27.734,2.133,83.021,33.19701073
2899.875,90.102,2.451,26.977,2.165,82.382,33.27012596
2900,90.271,2.449,26.734,2.183,81.499,33.37496779
2900.125,90.104,2.451,26.686,2.215,80.671,33.27692467
2900.25,89.191,2.458,26.785,2.244,80.649,32.72006873
2900.375,88.141,2.466,26.861,2.26,81.897,32.06125893
2900.5,87.039,2.469,26.849,2.294,82.936,31.34814993
2900.625,85.931,2.468,26.778,2.313,83.444,30.60792089
2900.75,85.641,2.462,26.472,2.352,82.732,30.41225359
2900.875,85.827,2.456,25.931,2.384,81.169,30.54250479
2901,86.083,2.455,25.55,2.395,80.133,30.7196062
2901.125,86.193,2.456,25.367,2.406,79.562,30.79689344
2901.25,85.912,2.462,25.756,2.404,79.621,30.60886714
2901.375,85.501,2.471,26.671,2.4,80.127,30.32973817
2901.5,85.086,2.476,27.322,2.39,80.611,30.04440401
2901.625,84.911,2.48,27.752,2.381,81.189,29.92463065
2901.75,85.407,2.483,27.833,2.378,82.473,30.27311905
2901.875,86.117,2.485,27.568,2.368,84.039,30.76212374
2902,86.902,2.488,27.341,2.361,85.083,31.29096121
2902.125,87.738,2.49,27.13,2.34,86.038,31.84107384
2902.25,87.964,2.495,26.884,2.317,86.937,31.98959346
2902.375,87.755,2.5,26.801,2.308,87.286,31.85764261
2902.5,87.434,2.502,26.905,2.296,87.177,31.65191613
2902.625,87.051,2.503,27.145,2.292,86.81,31.40339587
2902.75,86.915,2.505,27.783,2.293,85.834,31.31627681
2902.875,86.984,2.506,28.643,2.303,84.311,31.36471809
2903,87.096,2.506,29.238,2.318,82.97,31.44142062
2903.125,87.152,2.507,29.717,2.323,81.508,31.4810758
2903.25,86.873,2.508,30.012,2.328,79.619,31.2995779
2903.375,86.479,2.509,29.832,2.328,78.707,31.03958434
2903.5,86.022,2.511,29.51,2.326,78.985,30.73379597
2903.625,85.602,2.512,29.122,2.317,79.778,30.44935078
2903.75,85.873,2.512,28.715,2.31,81.017,30.63786286
2903.875,86.584,2.508,28.546,2.297,81.358,31.12103986
2904,87.537,2.504,28.559,2.286,80.951,31.75247169
2904.125,88.778,2.499,28.581,2.281,80.553,32.5486844
2904.25,89.334,2.495,28.397,2.274,81.194,32.89803469
2904.375,89.245,2.493,27.821,2.277,83.165,32.84571657
2904.5,89.013,2.494,27.175,2.281,84.523,32.70419891
2904.625,88.715,2.495,26.433,2.295,85.184,32.52024007
2904.75,88.389,2.498,25.47,2.312,84.641,32.31692749
2904.875,87.963,2.5,24.972,2.323,83.456,32.04750877
2905,87.38,2.502,25.06,2.349,82.889,31.67237986
2905.125,86.479,2.504,25.429,2.362,82.673,31.07855149
2905.25,85.998,2.507,26.244,2.382,82.768,30.75642007
2905.375,86.088,2.51,27.008,2.384,82.922,30.82034277
2905.5,86.362,2.512,27.43,2.377,82.881,31.00828534
2905.625,86.768,2.513,27.881,2.353,82.545,31.28274681
2905.75,86.993,2.512,28.723,2.329,80.87,31.43472929
2905.875,87.048,2.509,29.485,2.321,78.226,31.4738395
2906,87.13,2.504,29.659,2.317,76.669,31.53067567
2906.125,87.42,2.499,29.502,2.327,76.029,31.72359891
2906.25,87.888,2.492,28.965,2.334,77.551,32.02992528
2906.375,88.254,2.489,28.556,2.348,80.725,32.26729804
2906.5,88.513,2.489,28.458,2.353,82.697,32.43462882
2906.625,88.3,2.491,28.392,2.351,83.821,32.30219187
2906.75,87.358,2.496,28.19,2.344,83.797,31.69702095
2906.875,86.438,2.504,27.989,2.34,83.038,31.09001109
2907,85.597,2.508,28.034,2.335,82.749,30.52098635
2907.125,85.248,2.511,28.282,2.341,82.798,30.28232915
2907.25,86.162,2.509,28.933,2.346,83.074,30.91224429
2907.375,87.371,2.504,29.642,2.352,82.823,31.71946397
2907.5,88.611,2.5,30.006,2.344,82.302,32.51891509
2907.625,89.652,2.498,30.191,2.334,81.825,33.16931826
2907.75,89.385,2.498,30.035,2.311,81.527,33.00780928
2907.875,88.471,2.502,29.587,2.29,81.522,32.43874361
2908,87.419,2.505,29.344,2.282,81.499,31.76477242
2908.125,86.334,2.505,29.333,2.27,81.262,31.0479008
2908.25,85.998,2.504,29.76,2.265,80.745,30.82321101
2908.375,86.244,2.501,30.203,2.265,80.647,30.99275707
2908.5,86.757,2.5,30.161,2.266,81.106,31.3395057
2908.625,87.706,2.501,29.779,2.266,81.891,31.96536759
2908.75,88.51,2.502,28.908,2.256,83.122,32.48299769
2908.875,88.752,2.502,28.223,2.238,83.639,32.63847587
2909,88.713,2.501,28.028,2.229,83.108,32.61673408
2909.125,88.387,2.498,27.962,2.209,81.953,32.41337186
2909.25,88.31,2.492,27.979,2.191,80.168,32.3671934
2909.375,88.559,2.485,28.181,2.183,79.456,32.52796533
2909.5,88.89,2.48,28.512,2.174,80.051,32.73905325
2909.625,89.043,2.476,28.943,2.175,81.396,32.83747599
2909.75,88.676,2.471,29.437,2.18,84.203,32.61019654
2909.875,88.224,2.469,29.501,2.199,86.848,32.32633506
2910,87.818,2.47,29.297,2.211,87.97,32.06849522
2910.125,87.588,2.473,29.074,2.232,88.43,31.92229558
2910.25,87.776,2.476,28.908,2.245,87.839,32.04694394
2910.375,87.989,2.478,28.829,2.248,86.429,32.18701223
2910.5,88.094,2.475,28.724,2.252,85.429,32.25717137
2910.625,87.886,2.47,28.561,2.25,84.459,32.12631744
2910.75,87.486,2.459,28.319,2.247,82.879,31.86986036
2910.875,87.31,2.451,28.164,2.234,81.738,31.75763948
2911,87.305,2.449,28.108,2.22,81.957,31.75715379
2911.125,87.665,2.45,28.066,2.215,83.068,31.99461434
2911.25,88.239,2.456,28.086,2.205,85.641,32.36663316
2911.375,88.636,2.463,28.271,2.195,87.764,32.62130725
2911.5,89.02,2.468,28.455,2.189,88.263,32.86506724
2911.625,89.525,2.473,28.577,2.18,88.098,33.18083098
2911.75,89.846,2.479,28.56,2.177,87.419,33.38028228
2911.875,89.892,2.484,28.561,2.176,86.879,33.41111899
2912,89.811,2.485,28.826,2.178,86.547,33.36452456
2912.125,89.682,2.485,29.421,2.18,86.266,33.28842856
2912.25,89.788,2.483,30.674,2.19,86.15,33.35607772
2912.375,90.007,2.48,31.527,2.204,86.153,33.49225616
2912.5,90.161,2.48,31.426,2.21,85.781,33.58836379
2912.625,89.935,2.481,30.875,2.219,84.784,33.45409552
2912.75,89.235,2.484,29.783,2.23,82.506,33.02682732
2912.875,88.647,2.485,28.924,2.237,80.595,32.66179307
2913,88.202,2.485,28.575,2.252,80.349,32.38213009
2913.125,88.081,2.485,28.296,2.258,81.087,32.30750342
2913.25,88.338,2.487,27.913,2.263,83.085,32.47442222
2913.375,88.568,2.492,27.732,2.258,84.675,32.62309126
2913.5,88.754,2.496,27.921,2.254,84.915,32.74316473
2913.625,88.816,2.499,28.385,2.247,84.613,32.78491775
2913.75,88.656,2.499,29.421,2.246,83.482,32.68704289
2913.875,88.512,2.495,30.427,2.246,82.049,32.59884507
2914,88.428,2.491,30.85,2.238,81.104,32.54838972
2914.125,88.425,2.488,31.025,2.219,80.151,32.54928139
2914.25,88.508,2.483,31.017,2.208,78.752,32.60470059
2914.375,88.546,2.479,31.082,2.185,77.728,32.63154844
2914.5,88.575,2.477,31.334,2.164,77.6,32.6526828
2914.625,88.863,2.476,31.714,2.155,78.001,32.83678308
2914.75,89.608,2.475,32.085,2.14,78.994,33.3018335
2914.875,90.427,2.476,31.787,2.134,79.587,33.80184207
2915,91.398,2.479,31.142,2.126,79.291,34.37973987
2915.125,92.723,2.482,30.452,2.12,78.441,35.14309799
2915.25,93.555,2.485,29.958,2.115,76.661,35.60975351
2915.375,93.672,2.486,30.181,2.102,75.017,35.67696994
2915.5,93.511,2.484,30.597,2.082,74.327,35.59110753
2915.625,93.067,2.482,30.957,2.073,73.899,35.34738291
2915.75,92.884,2.478,31.131,2.057,73.389,35.24772263
2915.875,93.141,2.475,30.996,2.045,72.846,35.39430082
2916,93.686,2.474,30.796,2.041,72.474,35.69873143
2916.125,94.827,2.473,30.538,2.033,72.325,36.31901129
2916.25,95.83,2.472,30.124,2.028,72.879,36.84947915
2916.375,96.07,2.474,29.891,2.015,73.958,36.97651812
2916.5,95.863,2.476,29.991,2.002,74.621,36.87224603
2916.625,94.953,2.478,30.332,1.996,74.946,36.39733297
2916.75,94.049,2.481,31.281,1.988,74.648,35.91409503
2916.875,93.819,2.482,32.436,1.984,73.647,35.79137435
2917,94.011,2.48,33.049,1.985,72.912,35.89903789
2917.125,94.848,2.477,33.317,1.997,72.558,36.35274269
2917.25,95.689,2.471,32.996,2.014,73.161,36.79869834
2917.375,95.929,2.468,32.317,2.021,74.725,36.92620036
2917.5,95.818,2.469,31.896,2.03,75.91,36.87145291
2917.625,95.124,2.471,31.547,2.03,76.641,36.51052626
2917.75,94.289,2.476,30.99,2.026,76.454,36.06680298
2917.875,93.753,2.482,30.417,2.013,75.595,35.77772677
2918,93.868,2.484,30.279,2.008,75.212,35.84351958
2918.125,94.099,2.484,30.542,2.002,75.062,35.97225776
2918.25,94.202,2.479,31.681,2.001,74.982,36.03097287
2918.375,94.262,2.473,32.953,2,74.85,36.0662817
2918.5,94.368,2.469,33.375,1.996,74.613,36.12637564
2918.625,94.719,2.467,33.316,1.983,74.175,36.31771383
2918.75,95.232,2.469,32.719,1.975,73.208,36.59294333
2918.875,95.927,2.473,32.286,1.965,72.184,36.95902154
2919,96.952,2.475,32.28,1.974,71.649,37.48573459
2919.125,97.456,2.476,32.317,1.988,71.422,37.7411187
2919.25,97.269,2.474,31.989,2.031,71.81,37.65061846
2919.375,96.708,2.47,31.231,2.088,71.924,37.37075354
2919.5,95.295,2.467,30.661,2.116,71.114,36.64306536
2920.5,91.489,2.5,30.209,2.365,70.684,34.55640634
2920.625,92.248,2.501,29.94,2.383,71.532,34.9972452
2920.75,92.809,2.5,29.549,2.383,72.158,35.31807343
2920.875,93.021,2.499,29.3,2.379,71.763,35.43981778
2921,92.356,2.5,29.217,2.37,70.892,35.06727948
2922.25,91.118,2.488,30.51,2.328,70.989,34.37829599
2922.375,90.658,2.481,30.538,2.303,71.934,34.10839863
2922.5,89.987,2.478,30.283,2.275,71.92,33.70714839
2922.625,89.444,2.476,29.835,2.259,71.245,33.37741582
2923.25,90.666,2.486,28.762,2.154,71.064,34.13282674
2923.375,91.025,2.489,28.799,2.128,71.815,34.34872198
2923.5,91.577,2.49,28.837,2.111,71.819,34.67510792
2923.625,92.083,2.49,28.926,2.103,71.738,34.97027859
2923.75,92.271,2.488,29.087,2.085,72.403,35.08069527
2923.875,92.197,2.486,29.179,2.067,73.956,35.04121931
2924,91.598,2.485,29.184,2.058,74.944,34.69856727
2924.125,91.052,2.484,29.191,2.045,75.302,34.38152125
2924.25,91.093,2.486,29.354,2.041,74.534,34.40851641
2924.375,91.517,2.488,29.755,2.046,73.407,34.65985149
2924.5,92.627,2.488,30.159,2.061,73.001,35.29984946
2924.625,93.564,2.486,30.576,2.069,72.918,35.82587405
2924.75,93.583,2.481,30.985,2.083,73.235,35.83916593
2924.875,93.005,2.474,30.979,2.093,73.643,35.52095352
2925,91.496,2.471,30.652,2.099,73.93,34.66166801
2925.125,90.223,2.472,30.138,2.119,74.357,33.90906632
2925.25,89.991,2.477,29.214,2.153,75.107,33.77131918
2925.375,90.267,2.486,28.369,2.172,75.533,33.94123723
2925.5,91.138,2.491,27.989,2.205,75.482,34.46313524
2925.625,91.735,2.496,27.79,2.221,75.192,34.81463848
2925.75,91.656,2.502,27.781,2.221,74.262,34.77163502
2925.875,91.178,2.505,27.876,2.21,73.031,34.49510982
2926,90.049,2.507,27.871,2.202,72.451,33.82338754
2926.125,89.247,2.507,27.771,2.195,72.32,33.33403662
2926.25,89.442,2.504,27.593,2.209,72.797,33.45752242
2926.375,90.362,2.5,27.676,2.225,73.438,34.02093098
2926.5,92.519,2.495,28.021,2.271,73.606,35.28373322
2926.625,94.267,2.489,28.501,2.328,73.402,36.25502709
2926.75,94.574,2.48,29.02,2.357,72.186,36.42333169
2928.375,87.657,2.528,26.911,2.51,70.276,32.37530937
2928.5,89.408,2.527,26.928,2.502,71.362,33.48704136
2928.625,90.536,2.526,26.948,2.504,72.731,34.17593829
2928.75,90.319,2.525,26.748,2.525,74.685,34.04842407
2928.875,89.391,2.522,26.358,2.54,75.778,33.48495648
2929,87.51,2.519,26.089,2.576,75.82,32.29368722
2929.125,86.206,2.515,25.897,2.601,75.679,31.43029755
2929.25,86.166,2.507,25.807,2.661,76.111,31.40600476
2929.375,86.859,2.499,25.838,2.729,77.436,31.87371813
2929.5,88.866,2.494,25.833,2.768,78.512,33.17206241
2929.625,90.77,2.488,25.75,2.866,79.28,34.33809247
2929.75,91.191,2.476,25.524,3.005,79.477,34.58993385
2929.875,90.647,2.464,25.337,3.087,78.887,34.2704129
2930,88.414,2.457,25.313,3.27,78.099,32.89791514
2930.125,85.811,2.452,25.36,3.466,77.22,31.18377078
2930.25,84.424,2.446,25.432,3.561,76.052,30.2173591
2930.375,83.404,2.442,25.405,3.72,75.076,29.48159082
2930.5,82.09,2.44,25.314,3.798,74.609,28.49899583
2930.625,80.704,2.44,25.18,3.804,74.276,27.418748
2930.75,79.754,2.446,24.877,3.776,73.795,26.65191212
2930.875,79.074,2.456,24.467,3.756,73.204,26.08957216
2931,79.669,2.464,24.163,3.733,72.941,26.58747594
2931.125,82.146,2.471,23.892,3.754,73.14,28.55570537
2931.25,84.406,2.48,23.616,3.782,74.704,30.22684425
2931.375,86.291,2.489,23.491,3.838,77.616,31.53810779
2931.5,87.08,2.494,23.502,3.821,80.059,32.06764049
2931.625,85.624,2.499,23.552,3.777,82.181,31.08892903
2931.75,83.688,2.504,23.513,3.661,82.94,29.72015972
2931.875,81.686,2.504,23.167,3.573,80.469,28.21863372
2932,79.544,2.504,22.744,3.549,77.274,26.50639628
2932.125,78.629,2.504,22.342,3.529,74.229,25.74080632
2932.25,78.883,2.505,22.224,3.527,72.368,25.95910435
2932.375,79.622,2.505,22.786,3.512,73.804,26.57919259
2932.5,80.974,2.507,23.512,3.459,76.139,27.67502995
2932.625,82.168,2.51,24.307,3.416,78.647,28.6058921
2932.75,82.901,2.511,25.327,3.307,81.846,29.16192138
2932.875,83.68,2.512,26.118,3.184,84.383,29.73942659
2933,84.919,2.508,26.557,3.119,85.617,30.62924569
2933.125,86,2.5,26.945,2.991,86.428,31.37994671
2933.25,86.635,2.493,27.266,2.879,86.615,31.81122888
2933.375,86.667,2.487,27.18,2.835,86.011,31.83541447
2933.5,86.754,2.484,26.881,2.768,85.34,31.89625708
2933.625,86.945,2.485,26.521,2.716,84.551,32.02597554
2933.75,87.233,2.488,26.152,2.69,83.064,32.21883874
2933.875,87.88,2.491,26.355,2.629,81.167,32.64295245
2934,88.649,2.493,26.827,2.595,79.809,33.13653683
2934.125,89.119,2.494,27.523,2.521,78.659,33.43409764
2934.25,89.421,2.495,28.105,2.449,77.869,33.62426052
2934.375,89.359,2.495,28.647,2.42,78.071,33.58873604
2934.5,88.957,2.492,29.043,2.377,78.53,33.34136692
2934.625,88.741,2.487,28.927,2.349,78.898,33.20857922
2934.75,88.732,2.483,28.668,2.335,78.961,33.20571943
2934.875,89.254,2.48,28.462,2.308,78.782,33.53490139
2935,90.088,2.48,28.431,2.295,78.836,34.04937073
2935.125,90.561,2.483,28.581,2.294,79.002,34.33714409
2935.25,90.821,2.486,28.656,2.3,78.917,34.49501824
2935.375,90.744,2.49,28.639,2.306,78.374,34.45202703
2935.5,90.29,2.495,28.481,2.326,78.119,34.18277543
2935.625,89.878,2.5,28.338,2.345,78.177,33.93571315
2935.75,89.541,2.503,28.368,2.349,78.909,33.73199639
2935.875,89.47,2.504,28.545,2.345,80.022,33.69104716
2936,89.946,2.505,28.987,2.335,80.575,33.98558934
2936.125,90.616,2.505,29.369,2.331,80.729,34.39255345
2936.25,91.419,2.505,29.498,2.321,80.17,34.87001379
2936.375,92.279,2.505,29.589,2.313,78.825,35.3697463
2936.5,92.304,2.503,29.8,2.311,77.587,35.38683849
2936.625,91.743,2.499,30.016,2.302,76.431,35.06704508
2936.75,90.947,2.496,30.004,2.28,76.005,34.60355218
2936.875,89.969,2.492,29.767,2.267,77.617,34.01927789
2937,89.702,2.488,29.033,2.255,79.706,33.8590263
2937.125,90.028,2.485,28.216,2.259,81.853,34.06077435
2937.25,90.468,2.485,27.8,2.292,83.851,34.32925272
2937.375,90.601,2.485,27.496,2.353,83.954,34.41173683
2937.5,89.637,2.485,27.018,2.392,83.169,33.83039396
2937.625,88.191,2.488,26.349,2.464,82.384,32.92692453
2937.75,86.36,2.491,25.837,2.513,82.015,31.72744609
2937.875,83.748,2.495,25.421,2.528,82.031,29.90059534
2938,82.094,2.502,25.253,2.553,81.517,28.66908309
2938.125,81.948,2.507,25.633,2.576,80.309,28.55991813
2938.25,82.472,2.507,26.2,2.586,78.101,28.96220274
2938.375,84.025,2.505,26.91,2.591,77.055,30.11255567
2938.5,85.656,2.501,28.062,2.583,77.646,31.26482167
2938.625,86.513,2.499,29.127,2.545,78.696,31.84996642
2938.75,87.209,2.499,29.651,2.488,79.408,32.31520964
2938.875,88.197,2.499,29.957,2.459,78.472,32.95884309
2939,89.342,2.5,30.059,2.409,77.157,33.68222029
2939.125,90.146,2.497,30.05,2.374,75.977,34.17736722
2939.25,90.756,2.495,30.096,2.362,74.996,34.54646024
2939.375,90.844,2.492,30.191,2.343,74.264,34.60161029
2939.5,90.068,2.49,30.384,2.325,73.62,34.13852834
2939.625,89.282,2.492,30.673,2.315,73.021,33.65909521
2939.75,88.624,2.494,30.997,2.298,72.846,33.24995295
2939.875,88.298,2.496,31.426,2.288,73.371,33.0458165
2940,88.811,2.499,32.018,2.287,73.854,33.3734265
2940.125,89.547,2.503,32.147,2.289,74.26,33.8341212
2940.25,90.313,2.504,31.78,2.293,74.883,34.30359836
2940.375,90.969,2.506,31.165,2.307,76.093,34.69827151
2940.5,90.869,2.506,30.136,2.332,77.371,34.64181155
2940.625,90.341,2.505,29.27,2.346,78.648,34.32891755
2940.75,89.651,2.505,28.837,2.376,79.57,33.91213475
2940.875,88.848,2.505,28.491,2.408,78.689,33.41635129
2941,88.512,2.505,28.209,2.424,76.964,33.20717272
2941.125,88.454,2.506,28.257,2.447,74.997,33.17318579
2941.25,88.364,2.506,28.487,2.449,72.942,33.11877677
2941.375,88.11,2.507,28.751,2.444,72.562,32.95931143
2941.5,87.915,2.508,28.918,2.426,73.074,32.83674283
2941.625,88.039,2.508,28.786,2.403,73.558,32.91936022
2941.75,88.536,2.506,28.648,2.389,73.673,33.23924696
2941.875,89.929,2.503,28.626,2.357,73.842,34.10749625
2942,91.451,2.495,28.855,2.339,74.729,35.01837685
2942.125,92.17,2.487,29.098,2.299,76.272,35.43717106
2942.25,92.518,2.483,29.056,2.253,78.672,35.63842947
2942.375,92.357,2.481,28.805,2.232,79.954,35.54967972
2942.5,91.731,2.483,28.263,2.202,79.883,35.19262263
2942.625,91.257,2.489,27.944,2.188,79.57,34.91883373
2942.75,90.894,2.494,28.095,2.186,79.018,34.70737718
2942.875,90.654,2.499,28.572,2.189,78.099,34.56734616
2943,90.805,2.503,29.717,2.2,77.148,34.66015152
2943.125,91.084,2.505,30.826,2.206,76.208,34.8282581
2943.25,91.344,2.504,31.208,2.221,75.861,34.9839749
2943.375,91.355,2.503,31.228,2.228,76.731,34.99324026
2943.5,90.939,2.5,30.87,2.243,77.44,34.75097223
2943.625,90.658,2.497,30.558,2.255,77.704,34.58664575
2943.75,90.616,2.494,30.469,2.26,77.077,34.56437032
2943.875,91.089,2.492,30.349,2.266,76.585,34.84812824
2944,91.726,2.49,29.872,2.265,76.887,35.22358366
2944.125,91.887,2.489,29.239,2.264,77.282,35.31956723
2944.25,91.693,2.488,28.941,2.262,76.959,35.21008209
2944.375,90.855,2.488,28.831,2.262,75.503,34.72087867
2944.5,90.012,2.489,28.827,2.263,74.4,34.21715322
2944.625,89.804,2.491,28.598,2.269,73.812,34.09315541
2944.75,89.833,2.494,28.16,2.283,74.339,34.11369712
2944.875,89.699,2.498,27.594,2.29,75.835,34.03449156
2945,89.004,2.504,26.905,2.299,76.9,33.60693135
2945.125,88.239,2.51,26.705,2.302,77.769,33.12620099
2945.25,87.471,2.513,26.982,2.309,78.587,32.63291159
2945.375,86.804,2.516,27.514,2.317,78.542,32.19593871
2945.5,86.783,2.519,28.403,2.322,77.741,32.1847625
2945.625,87.071,2.519,28.865,2.341,76.516,32.37861124
2945.75,87.507,2.516,28.753,2.374,74.822,32.6676487
2945.875,88.521,2.51,28.479,2.394,74.266,33.32254303
2946,89.72,2.495,28.256,2.438,75.03,34.07271695
2946.125,90.203,2.477,28.412,2.487,76.529,34.36959582
2946.25,90.108,2.465,28.569,2.513,79.396,34.31488715
2946.375,88.793,2.458,28.483,2.569,81.905,33.50555602
2946.5,86.927,2.458,27.65,2.6,82.934,32.30294539
2946.625,85.862,2.467,26.43,2.672,83.423,31.58829702
2946.75,85.131,2.477,25.692,2.757,83.477,31.08562932
2946.875,84.455,2.486,25.14,2.797,83.455,30.61123395
2947,83.761,2.496,24.603,2.863,83.464,30.11409065
2947.125,83.09,2.503,24.229,2.9,83.252,29.6235649
2947.25,82.271,2.51,24.084,2.905,82.15,29.01055986
2947.375,81.203,2.517,24.083,2.889,80.602,28.18693002
2947.5,80.816,2.527,24.457,2.839,79.85,27.88350267
2947.625,81.255,2.532,25.122,2.805,79.499,28.23337422
2947.75,82.311,2.53,25.567,2.722,79.222,29.05216176
2947.875,84.67,2.527,25.839,2.633,78.422,30.78644757
2948,86.902,2.519,25.816,2.592,77.539,32.32005999
2948.125,87.841,2.511,25.593,2.521,76.869,32.93793668
2948.25,88.316,2.506,25.589,2.49,77.309,33.24567115
2948.375,88.468,2.502,25.888,2.43,79.296,33.34519681
2948.5,88.568,2.498,27.018,2.375,80.96,33.41141152
2948.625,88.844,2.498,28.5,2.351,82.223,33.58828682
2948.75,89.288,2.5,29.319,2.312,82.884,33.86829493
2948.875,90.002,2.503,29.755,2.282,82.726,34.30971298
2949,90.508,2.505,29.676,2.271,82.639,34.61813421
2949.125,90.567,2.506,29.27,2.258,82.689,34.65631112
2949.25,90.402,2.505,29.104,2.253,82.737,34.56011035
2949.375,89.936,2.504,29.139,2.251,82.34,34.28081237
2949.5,89.568,2.503,29.501,2.246,81.641,34.05824566
2949.625,89.466,2.503,29.99,2.243,80.754,33.99818217
2949.75,89.429,2.503,30.301,2.233,79.125,33.97814581
2949.875,89.378,2.502,30.546,2.219,77.4,33.94942281
2950,89.305,2.498,30.696,2.212,76.583,33.90701513
2950.125,89.313,2.494,30.637,2.2,76.277,33.91479381
2950.25,89.448,2.493,30.549,2.182,76.757,34.00115812
2950.375,89.998,2.494,30.496,2.172,77.576,34.34111753
2950.5,90.788,2.495,30.43,2.148,77.914,34.81928024
2950.625,91.292,2.494,30.188,2.124,78.054,35.11999662
2950.75,91.718,2.491,29.853,2.111,78.509,35.37142572
2950.875,92.25,2.486,29.485,2.089,79.63,35.68069236
2951,92.773,2.477,29.215,2.077,80.602,35.98050168
2951.125,93.136,2.469,29.413,2.077,81.329,36.18701018
2951.25,93.484,2.466,29.777,2.084,81.432,36.38324957
2951.375,93.88,2.466,30.14,2.09,80.659,36.60399023
2951.5,94.136,2.468,30.363,2.106,79.82,36.7464752
2951.625,94.205,2.473,30.163,2.133,79.043,36.78678657
2951.75,94.106,2.477,29.846,2.149,78.546,36.73582373
2951.875,93.36,2.483,29.523,2.186,78.466,36.32869238
2952,92.125,2.497,29.153,2.221,78.238,35.63453021
2952.125,91.232,2.513,28.893,2.236,77.606,35.11864088
2952.25,90.558,2.522,28.777,2.258,75.841,34.72147193
2952.375,90.335,2.526,28.745,2.276,73.706,34.59030764
2952.5,90.904,2.52,28.964,2.285,72.615,34.93338385
2952.625,91.475,2.509,29.453,2.301,72.134,35.27234861
2952.75,91.863,2.501,29.875,2.304,72.695,35.50060937
2952.875,91.724,2.495,30.246,2.294,74.148,35.42294836
2953,90.95,2.491,30.454,2.267,75.404,34.97195571
2953.125,90.306,2.489,30.238,2.252,76.591,34.58975645
2953.25,89.859,2.488,29.884,2.227,77.979,34.32127137
2953.375,89.774,2.487,29.466,2.21,79.233,34.27211908
2953.5,89.945,2.483,28.82,2.205,80.208,34.37937434
2953.625,89.5,2.478,28.163,2.201,81.268,34.10938081
2953.75,88.336,2.474,27.696,2.205,82.67,33.38229659
2953.875,85.852,2.471,27.232,2.207,83.497,31.74425114
2954,84.373,2.469,26.746,2.205,83.549,30.71240138
2954.125,85.508,2.47,26.692,2.199,83.259,31.51320673
2954.25,88.4,2.472,26.978,2.195,82.441,33.43432231
2954.375,93.772,2.473,27.417,2.185,81.309,36.61276145
2954.75,94.408,2.472,28.729,2.163,78.143,36.96750507
2954.875,91.159,2.472,28.655,2.162,77.196,35.13782978
2955,89.317,2.473,28.241,2.158,76.825,34.02722435
2955.125,89.243,2.474,27.717,2.15,76.611,33.98411135
2955.25,89.447,2.475,27.409,2.145,76.89,34.11333001
2955.375,89.602,2.476,27.163,2.135,77.806,34.21170869
2955.5,89.446,2.479,26.925,2.124,78.515,34.11835437
2955.625,89.183,2.482,26.833,2.118,78.839,33.9580792
2955.75,88.85,2.483,26.89,2.114,78.182,33.75265955
2955.875,88.511,2.483,27.051,2.123,77.057,33.54147204
2956,88.628,2.477,27.428,2.131,76.761,33.61838306
2956.125,89.018,2.468,27.818,2.151,77.165,33.86642133
2956.25,89.52,2.461,28.016,2.162,78.851,34.18095804
2956.375,90.045,2.457,28.128,2.186,80.664,34.50513875
2956.5,89.615,2.456,28.034,2.212,81.357,34.24510157
2956.625,88.067,2.461,27.651,2.226,81.561,33.27496488
2956.75,85.622,2.466,27.235,2.26,81.261,31.65088653
2956.875,81.807,2.47,26.753,2.3,81.04,28.86991542
2957,79.812,2.475,26.096,2.318,81.408,27.28343765
2957.125,80.388,2.479,25.786,2.344,82.236,27.7552198
2957.25,82.096,2.481,25.949,2.353,83.764,29.10054683
2957.375,85.103,2.481,26.384,2.353,84.537,31.30450056
2957.5,87.044,2.478,27.29,2.351,84.081,32.62786315
2957.625,87.336,2.473,28.059,2.35,82.977,32.82300654
2957.75,87.173,2.47,28.3,2.347,80.963,32.71865889
2957.875,86.499,2.468,28.367,2.34,79.789,32.27298697
2958,85.858,2.469,28.379,2.337,80.095,31.84108806
2958.125,85.781,2.473,28.393,2.334,81.161,31.79113249
2958.25,86.043,2.475,28.313,2.332,83.469,31.97300601
2958.375,86.799,2.473,28.101,2.329,85.265,32.4849428
2958.5,87.344,2.459,27.602,2.321,85.613,32.84796527
2958.625,87.317,2.439,27.111,2.308,85.402,32.83306856
2958.75,87.01,2.425,26.925,2.299,84.8,32.63351367
2958.875,86.375,2.414,26.913,2.279,84.329,32.21202667
2959,86.021,2.406,27.285,2.262,83.999,31.97489483
2959.125,86.196,2.404,27.975,2.256,83.479,32.09663256
2959.25,86.706,2.406,28.505,2.244,82.206,32.44261125
2959.375,87.825,2.409,28.903,2.237,80.627,33.18096386
2959.5,88.723,2.419,28.841,2.219,79.689,33.75732809
2959.625,88.874,2.433,28.053,2.199,79.025,33.85517093
2959.75,88.625,2.445,27.261,2.19,78.977,33.70108367
2959.875,87.802,2.458,26.515,2.176,79.987,33.17735438
2960,87.028,2.478,25.885,2.173,81.113,32.67358544
2960.125,86.832,2.495,25.918,2.176,82.122,32.54632447
2960.25,86.983,2.502,26.297,2.193,82.501,32.6494177
2960.375,87.638,2.506,26.74,2.222,81.511,33.08222165
2960.5,88.175,2.504,27.126,2.239,80.295,33.43161867
2960.625,88.137,2.499,27.101,2.27,79.254,33.41008686
2960.75,87.769,2.5,27.221,2.28,78.94,33.17571346
2960.875,86.266,2.503,27.755,2.289,80.007,32.18342416
2961,86.104,2.508,28.191,2.293,81.451,32.07638347
2961.125,86.119,2.511,28.023,2.297,83.15,32.08939061
2961.25,86.272,2.513,27.414,2.316,85.466,32.1959255
2961.375,86.542,2.514,26.044,2.354,87.085,32.38066044
2961.5,86.812,2.512,24.799,2.382,87.847,32.56398378
2961.625,86.996,2.509,24.299,2.452,88.546,32.68901151
2961.75,86.65,2.506,24.081,2.541,89.069,32.46147912
2961.875,85.643,2.5,24.157,2.591,88.681,31.78061276
2962,84.879,2.495,24.387,2.695,87.787,31.25115861
2962.125,84.447,2.492,24.465,2.813,86.608,30.94766299
2962.25,84.77,2.49,24.424,2.88,84.749,31.17986111
2962.375,85.571,2.488,24.259,3.026,83.238,31.74220838
2962.5,85.815,2.487,24.235,3.097,82.598,31.91287646
2962.625,85.555,2.488,24.425,3.217,82.167,31.73678496
2962.75,84.712,2.49,24.74,3.286,81.084,31.15007071
2962.875,84.425,2.496,25.131,3.3,80.607,30.94881216
2963,84.951,2.504,25.113,3.299,80.61,31.32431586
2963.125,85.791,2.51,24.779,3.276,81.771,31.9104869
2963.25,86.559,2.516,24.326,3.252,82.796,32.43430424
2963.375,85.943,2.524,23.755,3.164,83.455,32.0201546
2963.5,84.648,2.528,23.495,3.044,83.648,31.12157384
2963.625,83.203,2.528,23.509,2.986,83.594,30.07699919
2963.75,81.922,2.524,23.571,2.889,83.756,29.11251029
2963.875,82.069,2.516,23.648,2.845,84.057,29.22823164
2964,83.008,2.508,23.81,2.76,84.413,29.94057349
2964.125,84.26,2.504,24.111,2.674,84.356,30.85879167
2964.25,85.98,2.502,24.589,2.631,83.918,32.0651138
2964.375,87.111,2.501,25.45,2.538,83.252,32.8270606
2964.5,87.52,2.499,26.204,2.438,82.257,33.09837619
2964.625,87.817,2.498,26.611,2.389,81.978,33.29421175
2964.75,88.319,2.495,27.071,2.304,82.544,33.61959128
2964.875,89.182,2.49,28.179,2.241,83.458,34.16634736
2965,90.038,2.488,29.692,2.219,84.099,34.69585177
2965.125,90.964,2.488,30.644,2.202,82.891,35.25451383
2965.25,91.968,2.49,31.179,2.223,81.056,35.84423449
2965.375,91.997,2.493,30.747,2.248,79.264,35.86378228
2965.5,91.066,2.494,29.3,2.321,78.019,35.32336931
2965.625,89.501,2.494,28.094,2.367,78.346,34.38105119
2965.75,86.664,2.494,27.013,2.471,79.03,32.56098561
2965.875,84.142,2.498,25.819,2.578,79.531,30.81329657
2966,82.937,2.504,24.889,2.628,79.255,29.93250601
2966.125,82.065,2.51,24.305,2.711,77.982,29.27560064
2966.25,81.263,2.514,23.759,2.754,76.856,28.65598448
2966.375,80.948,2.517,23.272,2.756,75.814,28.41009391
2966.5,81.189,2.515,23.329,2.729,75.181,28.60337806
2966.625,81.89,2.51,23.739,2.678,76.207,29.15229441
2966.75,83.793,2.504,24.352,2.651,78.022,30.58031165
2966.875,86.227,2.494,25.503,2.601,80.344,32.29217287
2967,87.719,2.487,26.709,2.569,83.899,33.28430902
2967.125,88.579,2.487,27.38,2.564,86.522,33.83851495
2967.25,87.972,2.493,27.766,2.576,86.945,33.45356282
2967.375,85.547,2.514,27.52,2.596,85.982,31.83819013
2968,79.959,2.511,21.147,4.067,75.004,27.64966972
2968.125,80.465,2.489,20.395,4.391,72.752,28.06319794
2971.625,82.209,2.448,23.819,4.69,71.866,29.50915892
2971.75,82.742,2.448,24.222,4.614,74.968,29.91559289
2971.875,83.071,2.446,24.308,4.594,77.286,30.16431813
2972,83.029,2.445,23.941,4.595,78.59,30.1358695
2972.125,81.646,2.446,23.505,4.666,77.399,29.08686695
2972.25,79.505,2.447,23.025,4.727,74.959,27.37062189
2972.375,78.285,2.451,22.387,4.886,71.643,26.34102931
2973.5,83.736,2.472,24.347,3.687,75.399,30.69058017
2973.625,85.918,2.464,24.908,3.528,81.091,32.23407813
2973.75,86.678,2.455,25.247,3.252,83.723,32.75084199
2973.875,86.661,2.445,25.451,3.057,85.35,32.74229135
2974,86.587,2.443,25.543,2.996,86.11,32.69554229
2974.125,86.466,2.447,25.521,2.951,85.561,32.61707953
2974.25,86.131,2.453,25.348,3.011,84.786,32.39336467
2974.375,85.581,2.463,24.792,3.08,84.129,32.01944344
2974.5,84.789,2.47,24.175,3.284,83.599,31.46899575
2974.625,83.493,2.47,23.877,3.559,83.054,30.53806579
2974.75,82.596,2.466,23.65,3.721,81.799,29.873086
2974.875,82.514,2.45,23.184,4.085,79.189,29.81394214
2975,82.746,2.425,22.461,4.287,72.503,29.99163812
2978,86.419,2.458,23.953,4.7,74.579,32.67293676
2978.125,86.677,2.453,23.52,4.442,78.174,32.84899743
2978.25,86.538,2.446,23.368,4.327,79.699,32.75864921
2978.375,86.119,2.433,23.62,4.108,80.088,32.47833587
2978.5,85.444,2.42,24.047,3.995,77.997,32.01771535
2978.625,84.159,2.41,24.257,3.772,74.352,31.11250663
2978.75,83.069,2.399,24.382,3.59,72.171,30.31746247
2979.625,87.43,2.403,25.07,3.483,74.779,33.38123992
2979.75,85.043,2.418,25.411,3.494,75.973,31.76623656
2979.875,83.445,2.444,25.806,3.501,77.129,30.62096816
2980,82.224,2.465,25.672,3.524,78.406,29.70880032
2980.125,81.174,2.47,25.196,3.579,79.353,28.89715722
2980.25,80.569,2.469,24.621,3.627,80.042,28.41860421
2980.375,80.207,2.461,24.081,3.756,80.785,28.12904113
2980.5,79.841,2.458,24.155,3.884,81.644,27.83287186
2980.625,79.574,2.461,24.541,3.931,82.1,27.61539946
2980.75,79.733,2.47,24.933,3.974,82.146,27.74959956
2980.875,79.987,2.486,25.024,3.95,82.205,27.96095567
2981,80.085,2.497,24.572,3.917,82.389,28.04378343
2981.125,79.686,2.499,24.193,3.829,81.996,27.71923503
2981.25,79.024,2.497,24.011,3.738,81.067,27.16977717
2981.375,78.77,2.491,24.342,3.697,79.888,26.95759815
2981.5,78.917,2.486,25.144,3.629,78.784,27.08502637
2981.625,80.15,2.483,25.751,3.6,79.098,28.11074893
2981.75,82.025,2.48,26.237,3.55,80.141,29.5957985
2981.875,83.271,2.477,26.632,3.51,81.298,30.53767128
2982,84.283,2.473,26.726,3.489,82.135,31.27773638
2982.125,85.24,2.47,26.589,3.432,81.837,31.95766719
2982.25,85.741,2.467,26.305,3.361,81.195,32.30744624
2982.375,85.872,2.463,25.681,3.33,80.513,32.40015795
2982.5,85.85,2.461,24.977,3.294,79.48,32.3879108
2982.625,85.356,2.46,24.545,3.287,78.422,32.04974495
2982.75,84.413,2.461,24.213,3.291,77.841,31.3877625
2982.875,83.707,2.464,23.989,3.306,77.585,30.88057262
2983,83.097,2.467,23.994,3.315,78.232,30.43398813
2983.125,82.368,2.469,24.04,3.324,79.58,29.8887926
2983.25,81.719,2.471,24.01,3.311,80.332,29.39342613
2983.375,81.226,2.472,23.697,3.299,80.544,29.01114136
2983.5,80.692,2.466,23.223,3.273,80.06,28.59017998
2983.625,80.187,2.456,23.004,3.236,80.006,28.18572748
2983.75,80.212,2.441,22.995,3.214,80.569,28.20884609
2983.875,80.549,2.418,23.359,3.174,81.254,28.48392757
2984,81.112,2.403,23.85,3.144,81.699,28.93530692
2984.125,82.341,2.404,24.106,3.127,81.383,29.89077313
2984.25,83.759,2.414,24.298,3.081,81.15,30.94950748
2984.375,84.57,2.432,24.684,3.012,81.499,31.53640722
2984.5,85.121,2.439,25.39,2.97,83.444,31.92813778
2984.625,85.353,2.431,26.086,2.872,85.713,32.09283719
2984.75,85.185,2.415,26.803,2.823,86.458,31.97855044
2987.875,87.492,2.396,28.521,2.499,81.42,33.60858587
2988,87.707,2.414,28.978,2.496,81.683,33.75153859
2988.125,88.119,2.426,29.528,2.496,83.158,34.02049668
2988.25,88.022,2.439,29.986,2.5,84.276,33.96095529
2988.375,87.465,2.455,30.083,2.519,84.962,33.60225819
2988.5,86.709,2.467,29.629,2.55,84.992,33.10508624
2988.625,86.021,2.472,29.198,2.569,84.653,32.64331636
2988.75,86.169,2.474,28.827,2.609,84.6,32.74687153
2988.875,86.501,2.475,28.353,2.638,84.7,32.97408995
2989,86.511,2.476,27.789,2.645,85.022,32.98364533
2989.125,85.445,2.478,27.331,2.646,85.281,32.2584504
2989.25,83.693,2.48,26.912,2.657,85.236,31.01415489
2989.375,82.631,2.486,26.621,2.676,85.003,30.22870647
2989.5,82.05,2.492,26.738,2.746,84.506,29.78945655
2989.625,82.38,2.495,26.904,2.799,83.927,30.04431869
2989.75,83.152,2.5,26.854,2.94,83.5,30.62702376
2989.875,83.258,2.51,25.914,3.122,82.958,30.70841751
2990,82.613,2.524,24.206,3.219,81.341,30.22921846
2990.125,79.586,2.535,22.95,3.402,78.231,27.83852262
2992.75,83.469,2.508,23.222,3.482,72.629,30.92898616
2992.875,84.436,2.509,24.008,3.343,74.105,31.63286647
2993,85.077,2.51,24.933,3.223,75.661,32.0894529
2993.125,85.199,2.509,25.413,3.18,76.729,32.17767844
2993.25,84.654,2.507,25.64,3.137,77.338,31.79663091
2993.375,84.071,2.501,25.406,3.14,77.862,31.38191554
2993.5,83.477,2.495,24.709,3.157,78.298,30.95180729
2993.625,82.741,2.492,24.056,3.211,78.596,30.40739827
2993.75,82.212,2.49,23.377,3.27,78.854,30.00931544
2993.875,81.859,2.49,22.481,3.293,79.124,29.74100416
2994,81.429,2.492,21.822,3.318,79.522,29.40957384
2994.125,80.947,2.495,21.619,3.322,79.743,29.03243561
2994.25,81.132,2.499,21.676,3.324,79.597,29.18175219
2994.375,81.82,2.506,22.406,3.345,79.287,29.72214227
2994.5,82.833,2.514,23.72,3.37,78.86,30.49621754
2994.625,84.449,2.519,24.753,3.438,78.712,31.68172434
2994.75,85.457,2.522,25.628,3.491,78.982,32.39405486
2994.875,85.447,2.525,26.203,3.503,79.569,32.38994883
2995,84.983,2.524,26.013,3.507,80.768,32.06869696
2995.125,83.682,2.518,25.58,3.509,81.619,31.13880472
2995.25,82.09,2.508,25.101,3.514,81.787,29.94977124
2995.375,81.193,2.485,24.503,3.539,81.821,29.25522284
2995.5,80.682,2.46,24.057,3.608,82.138,28.85208022
2995.625,80.864,2.446,23.796,3.664,83.155,29.00021966
2995.75,81.797,2.437,23.515,3.824,84.338,29.73535813
2995.875,82.564,2.428,23.089,3.92,85.55,30.32475101
2996,82.99,2.421,22.78,4.12,86.419,30.64751883
2996.125,82.286,2.418,22.705,4.285,85.689,30.11936716
2996.25,80.345,2.415,22.71,4.336,84.299,28.59770175
2996.375,78.684,2.409,22.813,4.36,82.836,27.22087582
2996.5,77.114,2.404,23.093,4.327,81.659,25.85097333
2997.125,76.769,2.417,26.521,4.171,83.412,25.55390546
2997.25,78.536,2.424,26.766,4.118,84.17,27.11405636
2997.375,79.923,2.427,26.907,3.99,85.266,28.27929169
2997.5,81.282,2.428,26.811,3.851,86.896,29.37317618
2997.625,82.771,2.429,26.549,3.796,88.197,30.52025019
2997.75,83.126,2.434,26.098,3.743,88.857,30.78833452
2997.875,82.302,2.447,24.936,3.757,89.341,30.17106044
2998,80.602,2.467,23.257,3.784,89.315,28.8442525
2998.125,76.717,2.484,21.896,3.879,88.142,25.52912868
3001,78.835,2.534,22.203,4.061,72.993,27.45329088
3001.125,83.889,2.542,23.884,3.893,73.954,31.42533056
3001.25,86.387,2.551,25.137,3.517,73.471,33.17774645
3002.375,90.075,2.536,25.155,2.533,72.282,35.56672648
3002.5,90.664,2.531,25.767,2.498,72.85,35.92487821
3002.625,91.267,2.527,26.323,2.432,72.7,36.28554957
3002.75,91.163,2.523,26.904,2.369,72.424,36.22710738
3002.875,90.804,2.51,27.747,2.336,72.314,36.01703076
3003,90.627,2.493,28.498,2.272,73.063,35.91412223
3003.125,91.144,2.478,28.873,2.215,74.867,36.22444041
3003.25,92.236,2.464,29.135,2.19,76.567,36.86259932
3003.375,93.002,2.448,29.401,2.143,78.356,37.29999829
3003.5,93.578,2.44,29.704,2.098,80.398,37.62376732
3003.625,93.989,2.44,29.996,2.075,80.955,37.85260805
3003.75,94.034,2.444,30.327,2.034,80.195,37.88005811
3003.875,93.862,2.454,30.798,2.016,78.918,37.78875581
3004,93.486,2.464,31.171,1.986,77.395,37.5842653
3004.125,92.533,2.47,31.328,1.968,77.387,37.05212741
3004.25,91.498,2.475,31.368,1.963,78.569,36.45812832
3004.375,91.002,2.481,31.085,1.956,80.25,36.1689242
3004.5,90.744,2.482,30.508,1.948,82.476,36.01827849
3004.625,91.024,2.48,30.088,1.941,83.273,36.18766327
3004.75,92.005,2.475,29.793,1.924,82.679,36.76400802
3004.875,92.987,2.464,29.672,1.904,81.536,37.32583346
3005,93.964,2.451,29.695,1.894,79.908,37.87036242
3005.125,94.913,2.441,29.625,1.873,79.142,38.38605978
3005.25,94.995,2.432,29.398,1.863,79.169,38.43263201
3005.375,94.505,2.42,28.881,1.848,79.421,38.17287189
3005.5,93.809,2.411,28.457,1.838,80.244,37.79679654
3005.625,92.885,2.41,28.354,1.834,81.638,37.28559142
3005.75,92.255,2.414,28.387,1.83,82.755,36.93055358
3005.875,92.002,2.424,28.586,1.836,83.545,36.78795551
3006,91.72,2.434,28.831,1.842,83.535,36.62750088
3006.125,91.008,2.437,29.002,1.853,82.548,36.21238998
3006.25,90.201,2.437,29.167,1.865,81.669,35.73151424
3006.375,89.916,2.437,29.334,1.872,80.94,35.56093308
3006.5,89.941,2.44,29.305,1.889,80.316,35.5790498
3006.625,90.569,2.446,29.143,1.908,80.231,35.96198549
3006.75,91.852,2.454,28.929,1.918,80.65,36.72121858
3006.875,93.08,2.465,28.647,1.935,81.356,37.42370249
3007,94.279,2.472,28.486,1.941,82.517,38.08775933
3007.125,95.266,2.474,28.479,1.944,83.495,38.61934339
3007.25,95.082,2.475,28.542,1.945,84.04,38.52467774
3007.375,94.284,2.475,28.771,1.949,84.616,38.09905066
3007.5,93.31,2.473,29.123,1.964,85.303,37.56647078
3007.625,92.254,2.47,29.386,1.985,85.462,36.97279637
3007.75,91.674,2.466,29.605,1.998,85.244,36.64068589
3007.875,91.289,2.461,29.769,2.027,84.904,36.41824919
3008,90.881,2.46,29.762,2.053,84.374,36.17974479
3008.125,90.449,2.463,29.687,2.062,83.787,35.92407076
3008.25,90.259,2.467,29.635,2.077,83.299,35.81223735
3008.375,90.229,2.472,29.783,2.083,82.774,35.79692435
3008.5,90.291,2.473,30.24,2.092,81.894,35.83729564
3008.625,90.724,2.471,30.688,2.093,81.129,36.10040344
3008.75,91.449,2.468,31.129,2.09,80.956,36.53213689
3008.875,91.939,2.459,31.49,2.078,81.133,36.8200756
3009,92.24,2.449,31.368,2.059,82.242,36.99617947
3009.125,92.113,2.442,30.976,2.049,83.972,36.92610878
3009.25,91.737,2.436,30.446,2.032,85.09,36.71157471
3009.375,91.626,2.432,29.615,2.023,85.865,36.64982615
3009.5,91.797,2.432,28.977,2.023,86.26,36.75212298
3009.625,92.431,2.433,28.785,2.028,86.214,37.11966429
3009.75,93.067,2.435,28.792,2.031,86.124,37.48212946
3009.875,93.273,2.436,29.079,2.029,86.056,37.60015172
3010,93.226,2.439,29.416,2.021,86.011,37.57679056
3010.125,92.762,2.443,29.516,2.017,85.746,37.3190161
3010.25,92.269,2.451,29.477,2.013,85.476,37.04135499
3010.375,92.071,2.467,29.302,2.014,85.358,36.93049036
3010.5,92.01,2.481,29.207,2.016,85.629,36.89818746
3010.625,92.177,2.486,29.26,2.02,85.998,36.99715922
3010.75,92.55,2.486,29.392,2.018,86.091,37.21313021
3010.875,92.812,2.479,29.7,2.015,85.983,37.36440332
3011,92.98,2.468,30.042,2.007,85.42,37.46187914
3011.125,93.024,2.46,30.19,1.995,84.881,37.48944777
3011.25,92.909,2.453,30.192,1.986,85.117,37.42766001
3011.375,92.721,2.444,29.958,1.965,86.014,37.32440351
3011.5,92.538,2.439,29.812,1.954,88.073,37.22345051
3011.625,92.438,2.437,29.991,1.937,89.859,37.16936331
3011.75,92.49,2.437,30.384,1.929,90.277,37.20185105
3011.875,92.621,2.438,31.026,1.929,89.935,37.27917057
3012,92.823,2.441,31.261,1.934,88.636,37.39633361
3012.125,93.171,2.444,30.955,1.944,87.588,37.59466275
3012.25,93.352,2.448,30.32,1.949,87.313,37.69846994
3012.375,93.215,2.455,29.031,1.962,87.186,37.62496616
3012.5,92.806,2.461,27.82,1.975,87.2,37.39817121
3012.625,91.648,2.465,27.323,1.982,87.676,36.73687644
3012.75,90.408,2.468,27.174,1.999,88.137,36.00488798
3012.875,89.977,2.471,27.558,2.017,88.399,35.74638133
3013,89.953,2.47,28.256,2.025,88.072,35.73458745
3013.125,90.315,2.467,28.709,2.042,87.185,35.95731472
3013.25,90.524,2.463,29.04,2.053,86.572,36.08611252
3013.375,90.417,2.461,29.224,2.076,86.086,36.02457763
3013.5,90.274,2.463,29.157,2.085,85.389,35.94108083
3013.625,90.513,2.466,29.008,2.084,84.429,36.08806237
3013.75,91.172,2.469,28.791,2.072,83.759,36.48344066
3013.875,91.531,2.472,28.322,2.051,83.422,36.69716134
3014,91.565,2.474,27.789,2.038,83.711,36.71988103
3014.125,91.015,2.475,27.557,2.013,84.289,36.399135
3014.25,90.343,2.477,27.601,1.995,84.623,35.9999085
3014.375,90.212,2.479,28.345,1.987,85.03,35.92350681
3014.5,90.432,2.478,29.441,1.973,86.325,36.05929716
3014.625,91.125,2.475,29.962,1.963,87.988,36.47566787
3014.75,91.742,2.469,30.044,1.96,88.738,36.8401323
3014.875,91.989,2.452,29.353,1.952,88.835,36.98605288
3015,92.123,2.431,28.361,1.946,87.769,37.06612326
3015.125,92.323,2.417,27.873,1.933,86.427,37.1837037
3015.25,92.563,2.409,27.671,1.924,86.099,37.32341218
3015.375,92.625,2.41,27.968,1.92,86.381,37.36148041
3015.5,92.553,2.425,28.771,1.911,87.329,37.32344632
3015.625,92.338,2.439,29.477,1.907,87.89,37.20371787
3015.75,92.304,2.452,30.1,1.909,87.674,37.18712533
3015.875,92.561,2.464,30.52,1.916,86.998,37.33657224
3016,92.964,2.466,30.369,1.917,85.689,37.56725844
3016.125,93.475,2.461,30.005,1.915,84.825,37.85547569
3016.25,93.532,2.456,29.574,1.91,84.729,37.88992646
3016.375,93.229,2.449,29.031,1.909,84.881,37.7243129
3016.5,92.771,2.446,28.768,1.907,85.164,37.46989979
3016.625,92.132,2.447,28.814,1.907,85.153,37.10845949
3016.75,91.869,2.448,28.964,1.909,84.798,36.95953659
3016.875,91.969,2.448,29.075,1.915,84.271,37.02023476
3017,92.193,2.447,28.773,1.918,83.942,37.15208623
3017.125,92.44,2.444,28.3,1.918,84.865,37.29627832
3017.25,92.328,2.443,27.811,1.921,86.196,37.2351689
3017.375,92.035,2.445,27.458,1.923,87.465,37.06975856
3017.5,91.726,2.45,27.649,1.922,88.413,36.89370106
3017.625,91.44,2.455,28.09,1.913,88.771,36.72961161
3017.75,91.365,2.458,28.683,1.897,89.016,36.68847287
3017.875,91.496,2.461,29.699,1.888,89.379,36.76811931
3018,91.791,2.461,30.674,1.867,89.473,36.94289682
3018.125,92.516,2.461,31.2,1.857,89.316,37.36245758
3018.25,93.605,2.46,31.569,1.842,89.026,37.9761127
3018.375,94.474,2.459,31.709,1.838,88.086,38.45378407
3018.5,95.296,2.459,31.316,1.84,86.151,38.89583897
3018.625,96.069,2.459,30.674,1.851,84.204,39.30316322
3018.75,96.207,2.46,29.823,1.873,82.118,39.37738395
3018.875,95.789,2.463,28.444,1.888,79.723,39.16333676
3019,95.02,2.469,27.298,1.928,78.385,38.76089786
3019.125,93.507,2.473,26.808,1.979,78.054,37.94191522
3019.25,91.931,2.477,26.511,2.01,78.059,37.05259716
3019.375,90.923,2.482,26.285,2.082,78.708,36.46448293
3019.5,90.014,2.484,26.137,2.12,79.979,35.92018221
3019.625,88.943,2.484,26.043,2.192,81.293,35.26037315
3019.75,88.256,2.483,25.942,2.25,82.917,34.82754547
3019.875,88.018,2.482,25.836,2.273,85.496,34.67747657
3020,87.872,2.482,25.862,2.302,87.459,34.58600597
3020.125,87.541,2.483,25.984,2.311,87.914,34.37356016
3020.25,87,2.483,26.153,2.313,87.748,34.02010486
3020.375,86.647,2.483,26.372,2.325,87.013,33.78746277
3020.5,86.518,2.48,26.439,2.35,86.798,33.70365265
3020.625,86.972,2.476,26.345,2.366,87.268,34.01005711
3020.75,87.824,2.472,26.159,2.403,87.986,34.57201192
3020.875,88.258,2.47,25.744,2.444,88.694,34.85448777
3021,88.263,2.475,25.271,2.467,88.344,34.86054086
3021.125,87.269,2.482,24.987,2.514,87.442,34.21790204
3021.25,85.704,2.49,24.754,2.538,86.412,33.16637396
3021.375,84.731,2.502,24.332,2.587,85.111,32.48905465
3021.5,83.96,2.511,23.58,2.653,84.364,31.93890756
3021.625,82.973,2.514,22.824,2.697,84.15,31.21503207
3021.75,81.961,2.516,22.04,2.805,84.058,30.44995767
3021.875,81.335,2.514,21.293,2.913,83.977,29.96579214
3022,80.868,2.507,21.23,2.961,83.978,29.59917038
3022.125,80.606,2.501,21.563,3.038,84.194,29.39238099
3022.25,80.519,2.496,21.974,3.06,84.548,29.32522708
3022.375,80.44,2.494,22.382,3.04,84.632,29.2643441
3022.5,80.352,2.497,22.532,2.957,83.773,29.19601775
3022.625,80.453,2.497,22.586,2.909,82.549,29.28049979
3022.75,80.932,2.492,22.701,2.819,81.156,29.66710758
3022.875,81.559,2.477,23.034,2.744,79.503,30.16379703
3023,82.38,2.46,23.531,2.718,78.84,30.79912005
3023.125,83.73,2.453,24.02,2.693,79.169,31.80839581
3023.25,84.786,2.451,24.669,2.68,79.85,32.57066864
3023.375,85.093,2.457,25.866,2.669,81.048,32.78988175
3023.5,85.001,2.467,26.942,2.655,82.403,32.72809064
3023.625,84.245,2.473,27.255,2.679,83.417,32.19310298
3023.75,83.319,2.479,27.098,2.704,84.412,31.52050263
3023.875,82.763,2.485,26.05,2.77,85.214,31.10868712
3024,82.097,2.487,24.656,2.878,84.667,30.60557283
3024.125,80.846,2.487,23.844,2.961,83.396,29.62977473
3024.25,79.636,2.485,22.764,3.175,81.838,28.64933822
3024.375,79.179,2.478,22.366,3.297,80.124,28.27100355
3024.5,79.132,2.469,21.835,3.541,79.058,28.23431777
3024.625,79.567,2.462,21.309,3.752,77.824,28.60062487
3024.75,79.895,2.457,20.721,3.831,75.41,28.87425881
3030.25,80.506,2.458,23.732,3.794,75.046,29.4960397
3030.375,81.255,2.477,24.382,3.749,81.741,30.09564921
3030.5,81.804,2.493,24.396,3.631,87.498,30.52725093
3030.625,82.21,2.501,24.103,3.564,90.08,30.84257586
3030.75,82.419,2.507,23.734,3.43,91.318,31.00477861
3030.875,82.537,2.513,23.244,3.316,90.737,31.09714953
3031,82.564,2.516,22.936,3.268,88.954,31.12043173
3031.125,82.183,2.517,22.872,3.191,87.933,30.83327596
3031.25,81.276,2.516,22.877,3.135,87.237,30.13204655
3031.375,80.502,2.513,22.881,3.114,86.412,29.51833265
3031.5,79.879,2.508,22.802,3.091,85.697,29.01402607
3031.625,79.793,2.504,22.726,3.087,85.578,28.94607456
3031.75,80.488,2.501,22.7,3.087,85.914,29.5155509
3031.875,81.167,2.498,22.851,3.071,87.113,30.06029713
3032,81.776,2.498,23.171,3.022,88.387,30.53962962
3032.125,82.316,2.499,23.428,2.986,88.678,30.95761925
3032.25,82.482,2.501,23.657,2.903,88.227,31.08671711
3032.375,82.537,2.505,23.859,2.865,86.774,31.13125126
3032.5,82.667,2.51,23.878,2.814,85.762,31.23236332
3032.625,82.999,2.513,23.769,2.799,85.767,31.48442812
3032.75,83.25,2.517,23.6,2.802,86.132,31.67404248
3032.875,83.211,2.523,23.317,2.81,86.517,31.64795915
3033,82.889,2.528,23.063,2.809,85.963,31.41066142
3033.125,81.899,2.529,22.956,2.803,84.962,30.66035748
3033.25,81.001,2.529,22.943,2.786,84.042,29.9600766
3033.375,80.956,2.528,23.161,2.773,84.203,29.92716676
3033.5,81.446,2.528,23.531,2.77,86.202,30.31660715
3033.625,82.735,2.528,23.759,2.771,88.226,31.30920094
3033.75,83.779,2.528,23.892,2.773,90.163,32.08586946
3033.875,83.921,2.53,23.905,2.776,91.68,32.1921116
3034,83.673,2.532,23.873,2.774,91.345,32.01409365
3034.125,83.117,2.533,23.902,2.769,90.203,31.60654133
3034.25,82.845,2.534,23.959,2.745,88.77,31.40610383
3034.375,82.701,2.535,24.008,2.704,86.644,31.30065046
3034.5,82.467,2.536,23.993,2.678,85.15,31.12650116
3034.625,82.637,2.535,23.959,2.625,84.911,31.25805415
3034.75,83.306,2.533,23.918,2.585,85.212,31.76104358
3034.875,84.363,2.527,23.807,2.575,86.185,32.53395416
3035,86.001,2.52,23.567,2.572,87.187,33.68360524
3035.125,86.986,2.517,23.299,2.585,87.449,34.3501792
3035.25,86.871,2.514,22.999,2.596,87.269,34.27651376
3035.375,86.17,2.51,22.642,2.627,86.582,33.80739157
3035.5,84.157,2.503,22.396,2.645,85.895,32.40001276
3035.625,81.523,2.496,22.249,2.672,85.364,30.42511973
3035.75,79.815,2.488,22.111,2.691,84.545,29.05774908
3035.875,78.615,2.479,22.03,2.705,82.596,28.0531985
3036,78.37,2.476,22.155,2.751,80.733,27.84560646
3036.125,79.58,2.479,22.361,2.822,80.548,28.87196412
3036.25,80.933,2.484,22.61,2.864,81.755,29.97417082
3036.375,82.289,2.496,23.008,2.947,85.536,31.03367082
3036.5,83.41,2.508,23.445,2.986,89.188,31.87774552
3036.625,83.201,2.513,23.792,2.98,90.328,31.72589977
3036.75,82.344,2.515,24.146,2.928,90.427,31.08414492
3036.875,81.387,2.512,24.506,2.857,89.73,30.34705759
3037,80.854,2.505,24.594,2.821,89.28,29.92828083
3037.125,81.639,2.501,24.527,2.763,89.226,30.54968713
3037.25,82.718,2.497,24.454,2.743,89.081,31.37888768
3037.375,83.754,2.495,24.407,2.721,88.221,32.15019633
3037.5,84.637,2.494,24.375,2.704,86.782,32.78950946
3037.625,84.864,2.493,24.297,2.694,85.903,32.95331051
3037.75,84.801,2.492,24.142,2.672,85.433,32.91160092
3037.875,84.699,2.49,23.821,2.651,85.425,32.84212975
3038,84.353,2.49,23.576,2.641,85.543,32.59802033
3038.125,83.708,2.491,23.554,2.618,85.418,32.13367038
3038.25,83.222,2.494,23.642,2.596,85.101,31.77849791
3038.375,82.89,2.496,23.874,2.589,84.723,31.53374983
3038.5,82.875,2.494,24.082,2.601,84.973,31.5253513
3038.625,83.262,2.492,24.14,2.624,85.66,31.81670503
3038.75,83.552,2.489,24.096,2.702,86.583,32.03355998
3038.875,83.666,2.487,23.805,2.801,88.12,32.12002838
3039,83.345,2.486,23.378,2.853,89.718,31.88668959
3039.125,82.191,2.487,23.154,2.952,90.792,31.02133757
3039.25,80.761,2.489,23.095,3.011,91.577,29.90512708
3039.375,79.093,2.493,23.387,3.017,91.308,28.53843054
3039.5,77.235,2.493,23.938,2.999,89.266,26.92816178
3039.625,76.85,2.49,24.362,2.989,87.25,26.5845066
3039.75,77.675,2.485,24.774,2.992,85.565,27.32455635
3039.875,79.023,2.474,25.365,3.002,84.691,28.49071626
3040,81.233,2.468,25.845,3.002,85.483,30.29699666
3040.125,82.935,2.468,25.965,2.996,86.486,31.6073155
3040.25,83.579,2.471,25.867,2.96,87.228,32.08757974
3040.375,83.767,2.479,25.461,2.925,87.61,32.22807128
3040.5,83.16,2.489,25.155,2.839,87.817,31.78371009
3040.625,81.993,2.494,25.161,2.768,88.195,30.90343781
3040.75,81.275,2.498,25.279,2.745,88.809,30.34714462
3040.875,80.928,2.503,25.331,2.719,89.944,30.07531103
3041,81.373,2.505,24.98,2.718,90.992,30.42987616
3041.125,82.329,2.506,24.481,2.729,91.281,31.17229928
3041.25,82.871,2.507,23.912,2.757,91.074,31.58499389
3041.375,83.073,2.509,23.22,2.768,90.013,31.73888202
3041.5,82.686,2.513,22.828,2.767,88.703,31.45155135
3041.625,82.134,2.516,22.73,2.761,88.086,31.03457437
3041.75,82.013,2.519,22.684,2.756,87.783,30.94444881
3041.875,81.947,2.525,22.64,2.739,87.408,30.89643804
3042,81.845,2.528,22.674,2.719,86.786,30.82048506
3042.125,82.039,2.527,22.811,2.712,86.69,30.97299372
3042.25,82.537,2.524,23.02,2.708,87.368,31.35600629
3042.375,83.606,2.516,23.252,2.712,90.018,32.15584811
3043,81.186,2.516,22.549,2.741,90.881,30.32816103
3043.125,80.491,2.52,22.529,2.743,89.588,29.77632639
3043.25,80.025,2.523,22.519,2.745,88.192,29.40049709
3043.375,79.924,2.523,22.627,2.753,86.055,29.32053695
3043.5,80.38,2.518,22.911,2.757,84.439,29.6951524
3043.625,80.884,2.513,23.197,2.759,84.124,30.10281787
3043.75,81.385,2.508,23.535,2.751,84.539,30.50187468
3043.875,82,2.504,24.186,2.746,85.883,30.98283138
3044,82.443,2.505,25.025,2.739,86.539,31.32455927
3044.125,82.584,2.507,25.689,2.726,85.773,31.43431589
3044.25,82.609,2.506,26.349,2.718,84.11,31.45607267
3044.375,82.442,2.496,27.115,2.712,81.086,31.33234517
3044.5,82.293,2.48,27.518,2.742,78.814,31.22171753
3044.625,82.416,2.468,27.541,2.769,78.214,31.31827831
3044.75,82.762,2.459,27.437,2.809,78.043,31.58287599
3044.875,83.51,2.452,27.246,2.806,77.547,32.14234054
3045,84.357,2.448,27.243,2.745,76.324,32.7606185
3045.125,85.03,2.443,27.422,2.645,75.34,33.24156983
3045.25,85.869,2.436,27.684,2.593,74.85,33.82736236
3045.375,87.446,2.427,28.073,2.493,75.98,34.88822666
3052.125,86.959,2.515,26.161,2.001,86.056,34.72119982
3052.25,85.143,2.516,26.151,2.05,86.075,33.48383546
3052.375,84.38,2.519,26.177,2.164,86.147,32.94563289
3052.5,85.165,2.522,26.047,2.32,86.59,33.50497694
3052.625,85.918,2.524,25.685,2.415,87.252,34.02972241
3052.75,86.192,2.525,25.009,2.627,88.118,34.21966286
3052.875,84.994,2.523,23.43,2.737,89.286,33.39342915
3053,82.233,2.52,21.67,2.95,89.564,31.36971482
3053.125,79.817,2.518,20.723,3.125,88.71,29.45431365
3053.25,77.562,2.517,20.118,3.194,86.812,27.53095637
3053.375,75.613,2.519,19.875,3.314,82.018,25.75248904
3053.5,75.595,2.525,20.067,3.443,76.553,25.73833478
3053.625,76.552,2.528,20.299,3.523,73.827,26.63052414
3053.75,77.714,2.531,20.51,3.712,72.478,27.67655494
3053.875,78.873,2.531,20.757,3.916,72.973,28.6817676
3054,79.036,2.53,20.977,3.998,74.73,28.82264129
3054.125,78.566,2.53,21.1,4.08,75.9,28.42553876
3054.25,77.923,2.531,21.152,4.061,76.942,27.87143098
3054.375,77.126,2.534,20.982,4.031,78.85,27.16777745
3054.5,76.783,2.534,20.624,3.972,80.973,26.86091353
3054.625,76.939,2.532,20.397,3.952,81.801,27.00503587
3054.75,77.264,2.528,20.279,3.945,81.792,27.29992953
3054.875,77.363,2.522,20.348,3.969,80.776,27.39112473
3055,76.904,2.517,20.572,3.971,79.967,26.98191486
3055.125,76.53,2.515,20.785,3.894,79.934,26.64443389
3055.25,76.513,2.513,21.096,3.676,80.038,26.63170332
3055.375,77.855,2.507,22.049,3.519,79.626,27.83743019
3055.5,80.747,2.499,23.774,3.147,78.551,30.2638516
3055.625,83.383,2.491,25.503,2.77,77.983,32.29419989
3055.75,86.187,2.481,27.341,2.601,77.941,34.28499039
3057.375,86.537,2.482,25.215,2.171,81.243,34.55911551
3057.5,84.069,2.505,24.105,2.276,79.648,32.8387794
3057.625,82.506,2.513,23.412,2.486,78.083,31.68329978
3057.75,81.088,2.516,22.789,2.577,76.911,30.5867637
3057.875,79.897,2.512,22.271,2.695,76.942,29.62837647
3058,80.104,2.504,22.476,2.697,78.465,29.80086053
3058.125,81.164,2.498,23.213,2.657,79.753,30.65546521
3058.25,82.762,2.491,24.374,2.528,80.744,31.89105593
3058.375,86,2.475,26.609,2.375,81.536,34.21760346
3059.875,86.426,2.509,20.594,2.511,81.001,34.54157981
3060,83.736,2.518,20.492,2.693,78.54,32.65372151
3060.125,81.958,2.523,20.769,2.837,77.18,31.32117545
3060.25,80.717,2.529,21.294,2.895,76.65,30.34817968
3060.375,80.392,2.534,22.503,2.979,77.947,30.08923523
3060.5,81.311,2.535,23.967,3.011,81.096,30.82562277
3060.625,82.219,2.533,24.901,3.005,83.95,31.53316015
3060.75,82.941,2.531,25.618,2.943,86.75,32.08261833
3060.875,83.563,2.526,26.095,2.891,89.844,32.54692501
3061,84.223,2.522,26.072,2.762,91.393,33.03012796
3061.125,85.017,2.519,25.886,2.643,91.328,33.59853222
3061.25,86.021,2.516,25.69,2.598,90.504,34.29788414
3061.375,87.412,2.512,25.502,2.543,88.219,35.2327798
3061.5,88.162,2.508,25.426,2.526,85.52,35.72297036
3061.625,88.017,2.507,25.356,2.528,83.691,35.63243586
3061.75,87.421,2.508,25.187,2.545,81.957,35.24730048
3061.875,85.964,2.513,24.75,2.573,79.752,34.27322126
3062,84.319,2.521,24.341,2.589,77.971,33.1221172
3062.125,83.344,2.528,24.263,2.632,77.108,32.41404099
3062.25,82.695,2.534,24.401,2.694,76.598,31.93202638
3062.375,82.729,2.539,24.92,2.73,76.16,31.96052376
3062.5,83.646,2.541,25.492,2.808,75.611,32.64505062
3062.625,84.517,2.54,25.748,2.845,74.918,33.27831019
3062.75,85.33,2.539,25.86,2.909,73.88,33.85511551
3062.875,86.119,2.536,25.794,2.951,71.701,34.40206014
3063,86.502,2.533,25.605,2.963,69.408,34.66457189
3063.125,86.57,2.531,25.475,2.981,68.433,34.71323959
3063.25,86.595,2.528,25.386,3.016,68.187,34.732924
3063.375,86.509,2.526,25.331,3.05,69.01,34.67789774
3063.5,86.215,2.526,25.261,3.156,70.302,34.48175302
3063.625,85.857,2.528,25.132,3.307,70.85,34.23998147
3063.75,85.4,2.532,24.917,3.395,70.907,33.92682621
3063.875,84.46,2.54,24.478,3.578,70.035,33.2661947
3065,81.631,2.507,24.212,3.474,68.151,31.17904876
3065.125,81.566,2.493,25.014,3.423,70.61,31.13119981
3065.25,81.423,2.486,25.673,3.334,72.29,31.02214561
3065.375,81.229,2.488,25.84,3.276,73.281,30.87239007
3065.5,81.057,2.498,25.247,3.26,73.438,30.73917616
3065.625,80.927,2.507,24.709,3.249,73.555,30.63870824
3065.75,80.773,2.516,24.303,3.252,73.984,30.51862609
3065.875,80.472,2.525,23.902,3.265,75.31,30.27949259
3066,80.098,2.531,23.433,3.279,77.103,29.978498
3066.125,79.776,2.535,23.005,3.286,78.176,29.71689215
3066.25,79.441,2.538,22.589,3.306,78.782,29.44176028
3066.375,79.127,2.54,22.267,3.339,78.693,29.18137854
3066.5,79.245,2.541,22.34,3.361,78.22,29.28345931
3066.625,79.692,2.539,22.58,3.41,78.211,29.65887722
3066.75,80.252,2.537,22.869,3.448,78.578,30.1211722
3066.875,80.86,2.534,23.278,3.455,79.22,30.61386096
3067,81.431,2.533,23.616,3.435,79.376,31.06843336
3067.125,82.069,2.534,23.773,3.407,79.172,31.56673577
3067.25,82.836,2.536,23.867,3.329,78.997,32.15261741
3067.375,83.673,2.538,23.88,3.253,79.039,32.776504
3067.5,83.575,2.537,23.749,3.224,79.107,32.70745899
3067.625,82.812,2.533,23.55,3.196,78.892,32.14316597
3067.75,81.87,2.526,23.262,3.22,78.35,31.42753646
3067.875,81.062,2.514,22.732,3.249,77.472,30.79743403
3068,81.165,2.504,22.243,3.322,77.184,30.88185616
3068.125,81.419,2.501,22.022,3.39,77.33,31.08475189
3068.25,81.441,2.502,21.907,3.418,77.428,31.1048639
3068.375,80.671,2.511,21.945,3.451,77.386,30.49686563
3068.5,79,2.524,22.095,3.455,77.769,29.12265603
3068.625,77.546,2.532,22.148,3.458,78.643,27.86661274
3068.75,76.098,2.536,22.092,3.496,79.91,26.55571052
3069.25,74.889,2.494,22.056,3.739,83.234,25.42130948
3069.375,76.24,2.464,22.954,3.77,83.138,26.70153287
3069.5,77.837,2.437,24.045,3.73,83.284,28.14322431
3069.625,79.02,2.423,24.692,3.691,83.164,29.16524857
3069.75,80.246,2.413,25.152,3.614,82.533,30.18484035
3069.875,81.934,2.407,25.424,3.561,81.748,31.52564179
3070,83.156,2.41,25.435,3.543,81.565,32.45489723
3070.125,83.613,2.417,25.418,3.524,81.962,32.79553558
3070.25,83.863,2.428,25.415,3.521,83.38,32.98123445
3070.375,84.079,2.448,25.306,3.524,84.654,33.14097557
3070.5,84.285,2.468,24.951,3.532,84.945,33.29251928
3070.625,84.289,2.478,24.554,3.539,84.774,33.29826494
3070.75,84.016,2.487,24.12,3.55,84.262,33.10392585
3070.875,82.923,2.497,23.63,3.545,84.209,32.30094249
3071,81.45,2.507,23.477,3.538,84.561,31.17484189
3071.125,80.638,2.513,23.635,3.529,84.952,30.53323783
3071.25,80.323,2.518,23.92,3.539,84.723,30.28169659
3071.375,80.935,2.521,24.306,3.55,82.979,30.77655441
3071.5,82.045,2.521,24.412,3.577,80.612,31.6484256
3071.625,82.52,2.519,24.263,3.602,77.649,32.01425399
3071.75,82.526,2.517,24.021,3.608,73.517,32.02166947
3071.875,81.625,2.516,23.725,3.59,70.827,31.33166926
3072,80.22,2.519,23.715,3.562,70.143,30.21511795
3072.125,79.422,2.523,23.968,3.479,70.192,29.56006573
3072.25,79.1,2.525,24.401,3.391,71.484,29.29274264
3072.375,79.767,2.526,25.191,3.357,73.621,29.85223446
3072.5,81.407,2.523,25.788,3.316,75.405,31.17545143
3072.625,82.782,2.52,25.869,3.295,77.143,32.23515175
3072.75,84.041,2.517,25.696,3.284,78.516,33.16793597
3072.875,85.006,2.514,25.197,3.255,78.347,33.86033536
3073,84.81,2.514,24.716,3.221,77.541,33.72474218
3073.125,84.086,2.516,24.46,3.205,76.69,33.20913581
3073.25,83.185,2.519,24.221,3.171,75.99,32.55097571
3073.375,81.998,2.525,23.88,3.141,75.897,31.65517218
3073.5,81.381,2.53,23.623,3.131,76.06,31.17793193
3073.625,81.378,2.531,23.565,3.12,76.23,31.17843748
3073.75,81.594,2.531,23.614,3.118,76.454,31.35042435
3073.875,82.136,2.53,23.876,3.112,76.814,31.77277708
3074,82.882,2.528,24.197,3.098,77.152,32.34182955
3074.125,83.504,2.528,24.343,3.087,77.591,32.80712578
3074.25,84.13,2.528,24.413,3.059,78.026,33.26678509
3074.375,84.712,2.53,24.416,3.031,77.874,33.68678388
3074.5,84.568,2.532,24.363,3.019,77.526,33.58711501
3074.625,83.887,2.533,24.307,3.003,77.081,33.09908659
3074.75,82.97,2.535,24.248,2.998,76.284,32.42497971
3074.875,81.761,2.538,24.161,3,75.559,31.50618965
3075,81.388,2.541,24.059,3.008,75.323,31.21778092
3075.125,81.686,2.542,23.949,3.013,75.385,31.45361749
3075.25,81.741,2.543,23.788,3.022,75.767,31.49924795
3075.375,80.633,2.542,23.527,3.023,76.085,30.62646141
3075.5,78.896,2.541,23.457,3.02,76.034,29.19439495
3075.625,78.213,2.539,23.681,3.008,75.793,28.61113288
3075.75,78.433,2.539,24.151,2.995,75.545,28.80417561
3075.875,80.197,2.538,25.164,2.99,75.56,30.28502309
3076,82.307,2.536,26.125,2.981,75.603,31.95240331
3076.125,83.261,2.532,26.494,2.978,75.521,32.67337703
3076.25,83.766,2.527,26.594,2.978,75.598,33.04811702
3076.375,84.347,2.52,26.373,2.975,76.759,33.47195014
3076.5,84.753,2.515,25.986,2.966,78.291,33.76471306
3076.625,84.789,2.514,25.699,2.96,79.918,33.7931224
3076.75,84.659,2.516,25.426,2.944,81.482,33.70364794
3076.875,84.295,2.521,25.159,2.936,81.741,33.44605279
3077,83.719,2.527,25.155,2.923,81.172,33.03096142
3077.125,83.118,2.529,25.314,2.907,80.311,32.58999354
3077.25,82.424,2.531,25.497,2.894,78.631,32.07025655
3077.375,81.84,2.53,25.613,2.863,76.333,31.62474974
3077.5,82.427,2.527,25.563,2.837,74.471,32.07827317
3077.625,83.809,2.523,25.535,2.831,72.763,33.11109259
3077.75,85.702,2.52,25.576,2.832,71.323,34.45770012
3088.125,87.688,2.47,23.9,3.236,67.941,36.02911014
3088.25,86.779,2.473,24.241,3.297,69.776,35.43152372
3088.375,85.884,2.489,25.42,3.286,71.333,34.82761796
3088.5,85.682,2.509,26.844,3.233,72.037,34.69135258
3088.625,85.953,2.519,27.577,3.17,72.45,34.88072225
3088.75,86.386,2.524,27.882,3.126,72.925,35.17854218
3088.875,87.043,2.527,27.428,2.993,73.762,35.62194924
3089,87.576,2.527,26.5,2.834,74.641,35.97615528
3089.125,87.925,2.53,25.891,2.766,75.719,36.20619988
3089.25,88.223,2.534,25.391,2.677,77.155,36.40127398
3089.375,88.255,2.541,24.807,2.656,77.932,36.42470118
3089.5,87.645,2.545,24.317,2.658,78.364,36.03278446
3089.625,86.927,2.544,24.016,2.709,79.133,35.56207412
3089.75,86.273,2.539,23.705,2.75,80.898,35.12498362
3089.875,85.759,2.531,23.143,2.852,82.75,34.7761783
3090,85.44,2.523,22.423,2.963,83.467,34.55813063
3090.125,84.892,2.52,21.847,3.016,83.358,34.17663154
3090.25,83.863,2.518,21.264,3.113,81.414,33.44073548
3090.375,81.663,2.517,20.544,3.192,78.874,31.78560895
3090.5,79.546,2.517,20.105,3.222,77.905,30.08406878
3090.625,78.645,2.516,20.055,3.27,77.935,29.32659207
3090.75,78.405,2.515,20.198,3.315,79.546,29.12323341
3090.875,79.341,2.515,20.719,3.333,81.716,29.92156818
3091,80.985,2.518,21.404,3.347,82.726,31.26621594
3091.125,82.22,2.521,21.875,3.337,83.2,32.23312455
3091.25,83.344,2.526,22.295,3.287,83.414,33.08245856
3091.375,84.392,2.534,22.706,3.211,84.083,33.84925422
3091.5,84.628,2.539,22.882,3.172,85.027,34.02090365
3091.625,84.3,2.54,22.915,3.104,86.1,33.7889001
3091.75,83.779,2.539,22.961,3.07,86.965,33.41395362
3091.875,82.916,2.537,23.099,3.068,86.705,32.77790095
3092,82.364,2.535,23.231,3.088,85.881,32.36330337
3092.125,82.29,2.534,23.226,3.128,84.933,32.30967977
3092.25,82.216,2.534,23.083,3.15,84.002,32.25592874
3092.375,81.902,2.534,22.561,3.196,83.618,32.01710204
3092.5,81.282,2.536,21.829,3.219,83.321,31.53586408
3092.625,80.634,2.539,21.326,3.249,82.746,31.0227946
3092.75,79.907,2.542,20.927,3.244,81.492,30.43434377
3092.875,79.052,2.545,20.725,3.23,80.498,29.72433643
3093,78.842,2.546,20.998,3.199,80.316,29.54915023
3093.125,79.265,2.546,21.443,3.183,80.744,29.90946477
3093.25,80.012,2.545,21.964,3.186,82.509,30.53205706
3093.375,81.174,2.545,22.559,3.213,84.847,31.47069615
3093.5,81.76,2.545,22.685,3.249,86.315,31.93289997
3093.625,81.663,2.547,22.436,3.256,87.252,31.86031022
3093.75,81.279,2.549,22.089,3.236,86.898,31.56222756
3093.875,80.439,2.555,21.781,3.189,85.082,30.89420714
3094,79.616,2.561,21.91,3.162,83.691,30.22255354
3094.125,79.193,2.565,22.248,3.106,82.814,29.87190377
3094.25,78.943,2.566,22.651,3.08,82.779,29.66360717
3094.375,79.226,2.563,23.181,3.044,83.283,29.90538997
3094.5,80.241,2.555,23.58,3.022,83.386,30.74786225
3094.625,81.306,2.548,23.788,3.007,83.271,31.60361922
3094.75,82.399,2.54,23.986,2.95,83.323,32.45324422
3094.875,83.516,2.533,24.272,2.868,84.088,33.29293922
3095,83.091,2.531,24.515,2.827,84.974,32.98073526
3095.125,82.625,2.533,24.597,2.758,85.881,32.63346987
3095.25,82.444,2.535,24.585,2.712,86.703,32.49901139
3095.375,82.511,2.538,24.382,2.697,86.702,32.552813
3095.5,82.63,2.54,24.093,2.678,86.346,32.64588447
3095.625,82.915,2.539,23.959,2.673,86.005,32.86345973
3095.75,83.521,2.539,23.955,2.665,85.958,33.31677622
3095.875,84.165,2.538,24.213,2.652,86.399,33.7894709
3096,84.788,2.538,24.576,2.643,86.712,34.23837462
3096.125,85.195,2.538,24.742,2.619,86.639,34.52824296
3096.25,84.902,2.537,24.793,2.592,85.678,34.32487057
3096.375,84.359,2.535,24.747,2.581,84.332,33.94076905
3096.5,83.849,2.532,24.796,2.57,83.523,33.57446924
3096.625,83.686,2.531,24.987,2.573,82.993,33.45816905
3096.75,84.113,2.529,25.26,2.577,82.939,33.77203575
3096.875,84.52,2.528,25.603,2.589,83.658,34.06768653
3097,84.905,2.527,25.746,2.603,84.564,34.3442882
3097.125,85.395,2.528,25.712,2.608,85.579,34.69108653
3097.25,85.689,2.531,25.602,2.61,86.836,34.89796294
3097.375,85.672,2.536,25.308,2.608,87.501,34.88909987
3097.5,85.431,2.54,24.932,2.604,87.59,34.72481215
3097.625,84.598,2.542,24.687,2.605,87.472,34.1406877
3097.75,83.602,2.541,24.523,2.608,87.112,33.4224467
3097.875,83.217,2.538,24.543,2.615,86.809,33.14078638
3098,83.145,2.535,24.744,2.625,86.858,33.09008745
3098.125,83.38,2.533,24.822,2.631,87.053,33.26741586
3098.25,83.714,2.531,24.734,2.647,86.838,33.51613205
3098.375,83.893,2.53,24.297,2.668,85.567,33.64975756
3098.5,83.987,2.529,23.786,2.677,84.081,33.72101955
3098.625,83.792,2.529,23.588,2.687,82.567,33.58183429
3098.75,83.209,2.529,23.594,2.689,81.366,33.15499933
3098.875,82.648,2.532,23.954,2.688,81.411,32.73721088
3099,81.953,2.535,24.433,2.685,82.099,32.20893551
3099.125,80.301,2.536,24.682,2.683,83.061,30.90294954
3099.25,78.277,2.537,24.845,2.685,84.984,29.20752171
3099.375,77.2,2.536,25.03,2.7,87.263,28.26111912
3099.625,77.517,2.533,25.363,2.751,89.875,28.5496842
3099.75,78.931,2.533,25.356,2.795,90.801,29.77967899
3099.875,79.63,2.538,24.902,2.816,90.555,30.36911121
3100,79.877,2.544,24.035,2.856,89.445,30.09280523
3100.125,79.627,2.547,23.326,2.898,87.698,29.74795589
3100.25,79.464,2.548,22.654,2.924,84.716,29.52243879
3100.375,79.607,2.548,21.955,2.983,82.368,29.72785601
3100.5,79.895,2.545,21.704,3.012,81.684,30.13368274
3100.625,80.417,2.542,21.821,3.058,81.618,30.85319527
3100.75,80.94,2.539,22.051,3.081,81.938,31.55792814
3100.875,81.215,2.536,22.341,3.083,82.205,31.92402575
3101,81.396,2.535,22.409,3.071,82.194,32.16398798
3101.125,81.471,2.535,22.346,3.056,82,32.2651817
3101.25,81.385,2.534,22.318,3.052,81.627,32.15756332
3101.375,81.17,2.53,22.524,3.051,81.827,31.88081689
3101.5,80.813,2.527,22.924,3.051,82.659,31.41291827
3101.625,80.295,2.528,23.178,3.05,83.755,30.7191429
3101.75,80.007,2.532,23.357,3.043,84.845,30.32833024
3101.875,79.977,2.541,23.538,3.04,84.921,30.29089635
3102,80.063,2.552,23.719,3.044,84.412,30.4134276
3102.125,80.319,2.557,23.82,3.069,83.823,30.7676784
3102.25,80.541,2.559,23.838,3.091,83.235,31.07224563
3102.375,80.616,2.558,23.612,3.14,82.682,31.17710273
3102.5,80.668,2.552,23.262,3.181,82.257,31.25082126
3102.625,80.8,2.548,23.134,3.191,81.877,31.43115577
3102.75,80.989,2.543,23.172,3.183,81.423,31.68589592
3102.875,81.043,2.538,23.386,3.149,80.873,31.7611183
3103,80.961,2.533,23.471,3.131,80.482,31.65676402
3103.125,80.496,2.529,23.337,3.112,80.41,31.03926737
3103.25,79.806,2.524,23.077,3.118,81.352,30.09761687
3103.375,79.361,2.515,22.572,3.126,82.928,29.47642215
3103.5,78.966,2.507,22.062,3.137,83.958,28.91512746
3103.625,78.521,2.505,21.764,3.134,84.736,28.27033272
3103.75,78.207,2.507,21.53,3.109,85.471,27.8087564
3103.875,78.097,2.517,21.384,3.071,85.759,27.64813227
3104,78.155,2.531,21.469,3.058,85.47,27.73908614
3104.125,78.722,2.54,21.653,3.065,84.779,28.58103883
3104.25,79.541,2.545,21.879,3.128,83.685,29.75870372
3104.375,79.891,2.548,22.122,3.179,83.154,30.25146005
3104.5,79.951,2.547,22.089,3.306,82.894,30.33847493
3104.625,79.799,2.546,21.811,3.448,82.078,30.13167446
3104.75,79.653,2.545,21.34,3.523,79.34,29.931876
3104.875,79.683,2.542,20.366,3.684,75.833,29.97784092
3105,79.649,2.54,19.306,3.869,73.841,29.93424779
3105.125,78.711,2.539,18.655,3.972,72.503,28.59711252
3107,77.976,2.528,18.874,4.124,67.199,27.56708416
3107.125,80.457,2.53,20.497,3.93,71.167,31.11336298
3107.25,82.326,2.531,22.008,3.518,76.198,33.5436534
3107.375,83.318,2.53,23.772,3.15,80.064,34.75885646
3107.5,84.098,2.527,24.804,3.009,81.698,35.68029439
3107.625,84.722,2.525,24.961,2.824,82.56,36.39702488
3107.75,84.747,2.524,24.826,2.75,82.53,36.42904932
3107.875,84.311,2.524,24.346,2.748,81.803,35.93728262
3108,83.478,2.525,23.709,2.803,81.504,34.96891925
3108.125,81.506,2.526,23.128,2.917,81.614,32.53061811
3108.25,79.071,2.525,22.382,2.984,82.116,29.2185542
3109.25,78.384,2.519,22.858,3.398,76.228,28.24922546
3109.375,79.879,2.525,23.22,3.251,79.748,30.39403966
3109.5,80.847,2.531,23.1,3.111,82.081,31.71101798
3109.625,81.801,2.534,22.864,3.049,83.776,32.95621077
3109.75,82.495,2.535,22.663,2.949,84.298,33.8317304
3109.875,82.87,2.533,22.64,2.896,82.84,34.29600303
3110,83.04,2.528,22.906,2.885,81.273,34.50620181
3110.125,82.555,2.526,23.145,2.877,80.052,33.9175951
3110.25,81.528,2.526,23.297,2.875,79.587,32.62586229
3110.375,80.854,2.531,23.271,2.875,80.209,31.74797893
3110.5,80.491,2.538,23.084,2.884,80.932,31.26626323
3110.625,80.818,2.542,22.945,2.889,81.594,31.70806027
3110.75,81.765,2.545,22.835,2.904,82.135,32.94562416
3110.875,82.345,2.545,22.705,2.94,82.174,33.68071017
3111,82.572,2.542,22.556,2.971,82.002,33.96589594
3111.125,82.12,2.54,22.422,3.049,81.744,33.40704842
3111.25,81.067,2.537,22.254,3.143,81.221,32.05705377
3111.375,80.102,2.533,21.847,3.196,80.51,30.76505391
3111.5,79.088,2.534,21.192,3.32,79.896,29.34711471
3111.625,77.66,2.537,20.605,3.389,79.111,27.23714249
3112.5,78.651,2.553,19.393,4.116,77.31,28.74658357
3112.625,80.949,2.55,19.84,4.006,78.777,31.94493014
3112.75,81.551,2.544,20.365,3.912,81.11,32.73415893
3112.875,80.9,2.531,21.144,3.692,83.255,31.88801267
3113,80.066,2.518,21.766,3.478,84.181,30.76734408
3113.125,79.96,2.51,22.055,3.377,84.526,30.6254368
3113.25,81.543,2.503,22.295,3.194,84.181,32.73958998
3113.375,83.184,2.494,22.662,3.119,83.559,34.78476785
3113.5,84.645,2.489,23.064,3.009,83.267,36.49098114
3113.625,85.859,2.49,23.335,2.928,83.054,37.83307855
3113.75,85.99,2.494,23.594,2.886,82.174,37.97736783
3113.875,85.652,2.504,23.932,2.802,80.365,37.61722865
3114,85.313,2.515,24.165,2.743,78.928,37.25094467
3114.125,85.113,2.521,24.217,2.729,77.77,37.03400472
3114.25,85.17,2.525,24.201,2.736,76.831,37.10094805
3114.375,85.284,2.529,24.163,2.789,76.516,37.2305489
3114.5,85.317,2.532,24.212,2.828,76.52,37.27067853
3114.625,85.002,2.533,24.318,2.913,76.548,36.92605742
3114.75,84.546,2.536,24.46,2.947,76.697,36.41740089
3114.875,84.461,2.54,24.719,2.987,76.818,36.32465217
3115,84.683,2.544,25.078,3.004,76.53,36.58009099
3115.125,85.478,2.544,25.438,3.009,75.865,37.4662018
3115.25,86.234,2.543,25.877,3.02,74.48,38.28276369
3115.375,86.396,2.539,26.463,3.035,73.443,38.45750094
3115.5,86.231,2.536,26.693,3.044,73.355,38.28721306
3115.625,85.598,2.534,26.537,3.056,73.72,37.61220056
3115.75,84.747,2.533,26.231,3.046,74.811,36.67528344
3115.875,84.112,2.535,25.833,3.029,75.832,35.95534286
3116,83.553,2.538,25.694,2.985,76.103,35.30604192
3116.125,83.219,2.54,25.678,2.944,75.957,34.9123109
3116.25,83.494,2.541,25.556,2.926,75.25,35.24397048
3116.375,83.946,2.542,25.073,2.899,74.719,35.77844028
3116.5,84.417,2.541,24.559,2.89,74.727,36.32465432
3116.625,84.771,2.541,24.465,2.885,74.918,36.72920673
3116.75,84.716,2.54,24.65,2.891,75.267,36.67118596
3116.875,84.486,2.541,25.211,2.895,75.594,36.41478597
3117,84.138,2.543,25.591,2.901,75.795,36.02013426
3117.125,83.339,2.544,25.563,2.906,75.913,35.0868898
3117.25,82.351,2.544,25.397,2.91,75.569,33.88764877
3117.375,81.709,2.543,25.142,2.925,74.645,33.08230828
3117.5,81.172,2.541,24.941,2.944,73.918,32.39205925
3117.625,80.732,2.541,24.749,2.953,73.494,31.81513177
3117.75,80.736,2.541,24.462,2.968,73.845,31.82442114
3117.875,81.04,2.543,24.016,2.971,74.797,32.23080112
3118,81.565,2.546,23.83,2.96,75.354,32.91739685
3118.125,82.662,2.548,23.99,2.924,75.601,34.29912712
3118.25,83.864,2.549,24.342,2.902,74.998,35.74100268
3118.375,84.68,2.547,25.04,2.866,73.355,36.68067743
3118.5,85.462,2.545,25.621,2.851,71.762,37.55217907
3118.625,86.338,2.544,25.723,2.85,70.069,38.49551219
3118.75,86.648,2.545,25.507,2.857,67.688,38.82385868
3118.875,86.325,2.554,24.705,2.866,65.644,38.48943623
3120,88.451,2.547,26.215,2.767,72.604,40.67099826
3120.125,88.587,2.54,26.11,2.694,72.314,40.80602328
3120.25,88.798,2.536,26.266,2.62,71.089,41.01203696
3120.375,89.128,2.532,27.083,2.59,69.777,41.32875389
3120.5,89.597,2.528,28.228,2.551,68.86,41.77036002
3120.625,90.252,2.525,28.919,2.538,67.862,42.37233003
3120.75,90.567,2.521,29.35,2.537,66.644,42.65837571
3120.875,90.471,2.514,29.313,2.544,66.519,42.5764225
3121,90.167,2.508,28.785,2.552,67.3,42.30674051
3121.125,89.611,2.506,28.383,2.555,68.29,41.80200674
3121.25,89.375,2.504,28.112,2.561,69.037,41.58657294
3121.375,89.553,2.505,27.985,2.569,68.585,41.75581054
3121.5,89.826,2.507,27.933,2.596,67.8,42.01113796
3121.625,89.98,2.508,27.776,2.637,67.153,42.15561422
3121.75,89.71,2.51,27.482,2.661,66.785,41.91204045
3121.875,89.351,2.513,26.952,2.72,66.68,41.58289802
3122,89.012,2.515,26.541,2.784,66.324,41.26798889
3122.125,88.7,2.517,26.386,2.813,65.667,40.9746961
3122.25,88.433,2.52,26.3,2.856,64.903,40.72133924
3122.375,88.184,2.524,26.291,2.885,65.261,40.48286656
3122.5,87.935,2.528,26.374,2.898,66.186,40.24199893
3122.625,87.876,2.528,26.418,2.925,67.083,40.18745395
3122.75,88.299,2.528,26.391,2.938,67.262,40.60634516
3122.875,88.814,2.527,26.217,2.962,65.995,41.10619805
3123,89.345,2.525,26.089,2.981,64.73,41.61100775
3123.125,89.781,2.524,26.185,2.988,63.871,42.01843092
3123.25,89.704,2.522,26.424,2.998,64.118,41.95137691
3123.375,89.438,2.516,26.764,3.011,65.515,41.70892594
3123.5,89.113,2.509,26.808,3.022,66.404,41.40838128
3123.625,88.723,2.505,26.654,3.064,66.756,41.04182829
3123.75,88.574,2.503,26.486,3.133,66.158,40.90260619
3123.875,88.635,2.503,26.328,3.176,64.961,40.96500525
3124,88.688,2.506,26.134,3.271,64.181,41.01959733
3124.125,88.5,2.509,25.84,3.356,63.495,40.84257459
3124.25,88.11,2.512,25.406,3.388,62.402,40.46700171
3124.375,87.859,2.516,24.733,3.431,61.207,40.22351756
3124.5,87.789,2.52,24.334,3.446,60.617,40.15789964
3124.625,88.287,2.523,24.315,3.482,60.257,40.6511964
3124.75,89.103,2.525,24.421,3.534,60.007,41.43647145
3124.875,89.481,2.528,24.654,3.565,59.944,41.79381988
3125,89.58,2.533,24.858,3.627,59.985,41.88930872
3125.125,89.218,2.536,24.98,3.667,60.064,41.55585263
3125.25,88.563,2.539,25.109,3.677,60.009,40.93717381
3125.375,88.087,2.542,25.301,3.691,59.745,40.47840813
3125.5,87.644,2.544,25.408,3.729,59.575,40.04379911
3125.625,87.068,2.544,25.389,3.759,59.545,39.46587152
3125.75,86.552,2.545,25.341,3.83,59.869,38.93700451
3125.875,86.255,2.545,25.286,3.869,60.186,38.62915536
3126,85.948,2.544,25.186,3.954,60.046,38.30685462
3126.125,85.402,2.543,25,4.051,59.591,37.72051299
3126.25,84.901,2.542,24.72,4.102,58.809,37.17109698
3126.375,84.656,2.541,24.285,4.203,58.575,36.90021474
3126.5,84.466,2.542,23.969,4.297,58.818,36.68909402
3126.625,84.124,2.543,23.816,4.334,59.172,36.30171301
3126.75,83.611,2.544,23.649,4.36,59.574,35.70818882
3126.875,83.212,2.547,23.363,4.32,59.968,35.2384957
3127,82.959,2.55,23.194,4.289,60.419,34.93796672
3127.125,83.164,2.551,23.278,4.236,61.099,35.18877494
3127.25,83.945,2.55,23.545,4.205,62.2,36.11407734
3127.375,84.693,2.547,24.216,4.189,62.731,36.97271418
3127.5,85.414,2.542,24.975,4.128,62.637,37.7758216
3127.625,86.234,2.54,25.405,4.067,62.516,38.66040428
3127.75,86.846,2.539,25.691,3.872,62.966,39.30268792
3127.875,87.289,2.538,25.809,3.619,64.477,39.75890531
3128,87.899,2.538,25.784,3.495,66.126,40.37264989
3128.125,89.131,2.537,25.859,3.281,67.964,41.56413641
3128.25,90.476,2.535,26.134,3.12,70.546,42.80057561
3128.375,91.303,2.531,27.021,3.059,72.643,43.530932
3128.5,91.98,2.523,28.256,2.973,73.607,44.11254358
3128.625,92.633,2.514,29.081,2.92,74.23,44.65971242
3128.75,92.891,2.503,29.661,2.902,74.459,44.8744434
3128.875,92.731,2.483,29.744,2.875,73.95,44.74748465
3129,92.308,2.468,29.178,2.868,73.274,44.40197392
3129.125,91.343,2.464,28.671,2.866,72.575,43.58774064
3129.25,90.456,2.466,28.278,2.887,72.019,42.8125141
3129.375,90.153,2.479,27.993,2.91,72.132,42.54398891
3129.5,90.125,2.496,27.89,2.985,72.518,42.52240049
3129.625,90.354,2.506,27.857,3.084,72.898,42.73240192
3129.75,90.262,2.513,27.832,3.135,72.92,42.6534831
3129.875,89.753,2.52,27.786,3.233,72.402,42.19459907
3130,89.019,2.526,27.669,3.31,71.927,41.51485383
3130.125,88.133,2.53,27.478,3.334,71.542,40.6668764
3130.25,88.029,2.534,27.188,3.341,71.207,40.56870142
3130.375,88.543,2.54,26.706,3.307,70.809,41.07225803
3130.5,89.258,2.544,26.431,3.278,70.412,41.75456684
3130.625,90.016,2.545,26.537,3.19,70.008,42.45718021
3130.75,90.267,2.545,26.898,3.131,69.526,42.68781634
3130.875,90.245,2.539,27.747,3.001,69.164,42.67174666
3131,90.287,2.528,28.509,2.876,68.841,42.71325931
3131.125,90.78,2.519,28.697,2.821,68.429,43.15591516
3131.25,91.608,2.509,28.588,2.737,68.121,43.87830762
3131.375,92.066,2.499,28.135,2.676,68.827,44.26985784
3131.5,92.154,2.493,27.772,2.646,70.1,44.3473002
3131.625,91.514,2.493,27.71,2.579,71.737,43.80897738
3131.75,90.386,2.494,27.747,2.504,73.868,42.82443877
3131.875,89.661,2.498,27.931,2.462,74.587,42.16986933
3132,89.303,2.502,28.355,2.364,73.847,41.84163
3132.125,89.867,2.501,28.904,2.261,72.558,42.36628421
3132.25,91.323,2.498,29.629,2.215,70.854,43.66318077
3132.375,92.56,2.483,30.634,2.133,70.271,44.71017389
3132.5,93.818,2.46,31.074,2.095,70.832,45.72594781
3132.625,95.605,2.442,30.914,2.027,71.926,47.08813965
3132.75,97.249,2.425,30.602,1.969,73.692,48.26540424
3132.875,98.286,2.408,30.401,1.938,75.018,48.97429258
3133,99.186,2.403,30.797,1.87,75.475,49.56920619
3133.125,99.776,2.408,31.398,1.813,75.549,49.95034237
3133.25,99.401,2.418,32.017,1.796,75.236,49.71485109
3133.375,98.712,2.439,32.402,1.788,74.974,49.27088037
3133.5,97.908,2.458,31.957,1.821,74.877,48.73821448
3133.625,96.787,2.466,31.204,1.857,74.637,47.96791755
3133.75,95.861,2.469,30.318,1.977,73.409,47.30819879
3133.875,95.33,2.471,29.079,2.055,71.088,46.92123191
3134,94.76,2.473,28.057,2.231,69.154,46.49703278
3134.125,93.719,2.478,27.507,2.406,67.678,45.69566196
3134.25,92.457,2.484,27.033,2.485,67.426,44.680479
3134.375,91.502,2.495,26.468,2.612,69.07,43.88021279
3134.5,90.615,2.504,26.047,2.698,70.752,43.11046387
3134.625,89.842,2.509,25.858,2.737,72.213,42.4182123
3134.75,89.865,2.512,25.761,2.815,73.077,42.44296223
3134.875,90.426,2.512,25.953,2.88,72.505,42.95339588
3135,91.315,2.507,26.594,2.901,71.599,43.73788029
3135.125,92.883,2.501,27.294,2.916,70.675,45.05558538
3135.25,94.329,2.495,28.05,2.895,69.691,46.20404292
3135.375,95.039,2.488,28.839,2.871,69.43,46.74763583
3135.5,95.424,2.483,28.985,2.806,69.348,47.03819867
3135.625,95.116,2.482,28.704,2.773,68.771,46.81262914
3135.75,94.02,2.482,28.34,2.718,66.62,45.9792181
3135.875,93.091,2.485,28.032,2.685,63.946,45.24616258
3136,92.32,2.49,28.12,2.675,62.695,44.61860036
3136.125,92.025,2.495,28.385,2.654,62.306,44.37585808
3136.25,92.685,2.499,28.689,2.615,63.329,44.92709547
3136.375,93.419,2.504,29.09,2.586,65.063,45.52388737
3136.5,94.062,2.506,29.464,2.506,66.122,46.03388278
3136.625,94.684,2.505,29.744,2.408,67.087,46.51592543
3136.75,95.146,2.502,30.03,2.36,68.705,46.86783717
3136.875,95.453,2.497,30.335,2.283,70.334,47.09964105
3137,95.805,2.492,30.484,2.257,71.108,47.36173727
3137.125,96.228,2.489,30.584,2.228,71.507,47.67158952
3137.25,96.31,2.488,30.807,2.22,71.664,47.73402987
3137.375,96.186,2.487,31.474,2.222,72.019,47.64864319
3137.5,96.006,2.487,32.213,2.245,72.583,47.52234709
3137.625,95.766,2.487,32.376,2.295,73.156,47.35141934
3137.75,95.688,2.488,32.075,2.328,73.356,47.29799106
3137.875,95.793,2.489,30.903,2.406,72.804,47.37839438
3138,95.918,2.489,29.695,2.489,72.251,47.47303384
3138.125,95.728,2.488,29.307,2.527,71.894,47.33816766
3138.25,95.018,2.488,29.313,2.596,71.738,46.8156632
3138.375,94.285,2.488,29.681,2.665,71.503,46.26150731
3138.5,93.589,2.489,29.87,2.706,70.958,45.72129988
3138.625,93.09,2.491,29.737,2.806,70.169,45.3262527
3138.75,93.101,2.495,29.52,2.86,68.85,45.33880006
3138.875,93.207,2.5,29.239,2.955,67.611,45.42776094
3139,93.209,2.506,28.968,3.018,67.039,45.43304222
3139.125,92.829,2.509,28.691,3.035,66.738,45.12943918
3139.25,92.03,2.511,28.348,3.036,66.374,44.47248011
3139.375,91.276,2.515,27.942,2.999,65.729,43.83407795
3139.5,90.463,2.518,27.803,2.973,65.116,43.12433708
3139.625,89.381,2.522,27.853,2.915,64.596,42.14304923
3139.75,88.662,2.525,27.924,2.847,64.77,41.46882851
3139.875,88.566,2.53,27.947,2.81,66.392,41.38061272
3140,88.738,2.532,27.863,2.734,68.023,41.5489295
3140.125,89.499,2.532,27.753,2.696,69.376,42.26749296
3140.25,90.668,2.53,27.62,2.619,70.113,43.3286929
3140.375,91.489,2.525,27.508,2.543,69.806,44.04700798
3140.5,92.121,2.518,27.698,2.51,69.489,44.58569331
3140.625,92.416,2.513,28.079,2.455,69.536,44.83472737
3140.75,92.164,2.509,28.551,2.417,70.455,44.62901677
3140.875,91.843,2.504,29.05,2.405,71.652,44.36306165
3141,91.581,2.5,29.079,2.397,72.145,44.14422203
3141.125,91.44,2.499,28.828,2.402,72.231,44.02724164
3141.25,91.422,2.497,28.551,2.406,71.745,44.01549736
3141.375,91.409,2.495,28.427,2.411,71.249,44.0080397
3141.5,91.446,2.493,28.705,2.408,71.383,44.0435176
3141.625,91.855,2.494,29.097,2.402,72.032,44.39540837
3141.75,92.613,2.496,29.582,2.378,73.623,45.0302252
3141.875,93.187,2.499,30.357,2.363,74.764,45.49992422
3142,93.591,2.5,30.958,2.327,74.562,45.82561213
3142.125,93.607,2.499,31.065,2.291,73.661,45.84193411
3142.25,93.41,2.496,30.898,2.274,72.164,45.68929257
3142.375,93.583,2.49,30.296,2.254,71.672,45.83029144
3142.5,94.154,2.483,29.654,2.251,72.302,46.28096088
3142.625,95.567,2.48,29.354,2.252,73.381,47.35091438
3142.75,96.942,2.478,29.195,2.253,74.378,48.340484
3142.875,97.366,2.477,29.222,2.26,74.252,48.63834274
3143,97.219,2.479,29.498,2.272,74.395,48.54044585
3143.125,96.018,2.481,29.811,2.326,74.005,47.69427329
3143.25,94.446,2.483,30.135,2.371,72.859,46.5278324
3143.375,93.609,2.486,30.366,2.494,71.048,45.88020728
3143.5,93.116,2.487,30.146,2.649,68.027,45.49064084
3143.625,92.917,2.487,29.68,2.732,65.601,45.33351899
3143.75,92.66,2.487,29.038,2.9,64.416,45.12774726
3143.875,92.189,2.489,27.921,3.078,63.269,44.74225815
3144,91.6,2.493,26.862,3.177,61.264,44.24938845
3144.125,90.903,2.497,26.299,3.397,59.249,43.65086552
3144.25,90.618,2.501,25.872,3.63,58.189,43.40365652
3144.375,90.64,2.506,25.427,3.743,57.39,43.42685063
3144.5,90.712,2.51,25.058,3.947,56.479,43.4941728
3144.625,90.672,2.511,24.798,4.112,55.682,43.46258838
3144.75,90.408,2.512,24.506,4.18,55.322,43.23190771
3144.875,90.145,2.513,23.997,4.297,55.165,42.99973131
3145,89.841,2.512,23.447,4.354,55.12,42.72777119
3145.125,89.236,2.511,23.108,4.478,54.836,42.17303236
3145.25,88.515,2.51,22.837,4.608,54.275,41.49369179
3145.375,88.03,2.509,22.575,4.668,53.519,41.02690091
3145.5,87.554,2.509,22.351,4.761,52.539,40.55995614
3145.625,86.872,2.511,22.122,4.818,52.149,39.87350385
3145.75,86.243,2.513,21.759,4.833,52.457,39.22369238
3145.875,85.818,2.518,21.316,4.837,53.156,38.7763574
3146,85.399,2.524,21.011,4.809,54.374,38.32769098
3146.125,85.082,2.529,20.984,4.786,55.395,37.98399896
3146.25,85.268,2.532,21.138,4.713,55.89,38.19230915
3146.375,85.625,2.532,21.664,4.583,56.349,38.58423333
3146.5,85.963,2.529,22.328,4.496,57.218,38.95030366
3146.625,86.119,2.526,22.76,4.3,58.233,39.11963835
3146.75,85.974,2.524,23.114,4.202,58.708,38.96966614
3146.875,85.843,2.522,23.385,4.032,58.863,38.8337673
3147,85.822,2.522,23.393,3.909,58.982,38.81513127
3147.125,85.972,2.522,23.279,3.86,59.73,38.97902512
3147.25,86.119,2.521,23.141,3.764,60.61,39.13876516
3147.375,86.289,2.52,23.052,3.656,61.336,39.32173437
3147.5,86.668,2.519,23.235,3.603,61.463,39.72051653
3147.625,87.598,2.518,23.542,3.51,60.816,40.66828992
3147.75,88.385,2.518,23.892,3.439,60.314,41.44391367
3147.875,88.505,2.517,24.275,3.413,60.117,41.56326769
3148,88.311,2.518,24.423,3.384,60.253,41.37991426
3148.125,87.769,2.519,24.391,3.379,60.178,40.85321035
3148.25,87.415,2.52,24.316,3.38,59.892,40.50429331
3148.375,87.336,2.521,24.222,3.39,59.656,40.42869585
3148.5,87.272,2.521,24.231,3.4,60.028,40.36799177
3148.625,87.217,2.521,24.314,3.425,61.353,40.31622854
3148.75,87.555,2.52,24.418,3.443,62.694,40.65954756
3148.875,88.132,2.519,24.526,3.445,64.104,41.23243405
3149,88.865,2.52,24.539,3.43,65.638,41.94061087
3149.125,89.883,2.521,24.501,3.396,66.343,42.88953494
3149.25,90.547,2.523,24.491,3.377,66.486,43.48984257
3149.375,90.74,2.527,24.665,3.348,66.692,43.66410923
3149.5,90.847,2.53,25.031,3.339,67.618,43.76183325
3149.625,90.893,2.532,25.319,3.337,69.115,43.80584712
3149.75,90.655,2.533,25.581,3.323,70.024,43.60033899
3149.875,90.273,2.534,25.888,3.308,70.515,43.26420276
3150,89.899,2.534,26.127,3.268,70.268,42.93028722
3150.125,89.681,2.534,26.28,3.232,69.547,42.7349432
3150.25,89.924,2.534,26.455,3.218,69.452,42.96049449
3150.375,90.27,2.535,26.723,3.195,69.906,43.27645271
3150.5,90.557,2.534,26.941,3.175,71.036,43.53599896
3150.625,90.61,2.533,27.082,3.166,71.653,43.58665752
3150.75,90.451,2.532,27.271,3.146,71.399,43.44931131
3150.875,90.388,2.532,27.688,3.13,70.816,43.39690606
3151,90.407,2.533,28.213,3.124,69.88,43.41758273
3151.125,90.464,2.533,28.601,3.12,69.23,43.47207138
3151.25,90.121,2.533,28.957,3.118,68.942,43.1686812
3151.375,89.484,2.53,29.199,3.104,68.645,42.59108359
3151.5,88.658,2.527,28.947,3.069,68.303,41.81912333
3151.625,87.756,2.525,28.43,3.044,68.398,40.946419
3151.75,87.822,2.524,27.779,2.989,68.991,41.01540927
3151.875,88.547,2.525,26.954,2.942,70.036,41.72425931
3152,89.565,2.527,26.533,2.922,72.074,42.68455802
3152.125,90.946,2.528,26.487,2.885,73.844,43.92660862
3152.25,91.712,2.528,26.469,2.848,74.34,44.5892495
3152.375,91.887,2.524,26.243,2.831,74.159,44.7407997
3152.5,91.882,2.518,25.788,2.798,73.104,44.74029288
3152.625,91.462,2.514,25.453,2.767,72.251,44.38745427
3152.75,90.666,2.512,25.202,2.755,72.051,43.69950126
3152.875,89.993,2.514,25.082,2.742,71.964,43.10165102
3153,89.309,2.521,25.215,2.745,71.717,42.47764565
3153.125,88.417,2.526,25.423,2.765,70.999,41.63706583
3153.25,87.735,2.53,25.634,2.795,70.161,40.97490091
3153.375,87.436,2.534,25.754,2.81,69.271,40.68098526
3153.5,87.132,2.537,25.578,2.832,68.495,40.37842968
3153.625,86.516,2.542,25.314,2.832,68.55,39.74987806
3153.75,85.907,2.548,25.051,2.82,68.935,39.1128573
3153.875,85.722,2.558,24.921,2.773,69.353,38.91885801
3154,85.879,2.565,25.203,2.697,69.794,39.09067683
3154.125,86.911,2.566,25.678,2.646,70.2,40.17240431
3154.25,88.459,2.565,26.344,2.52,70.799,41.71145657
3154.375,89.517,2.559,27.604,2.45,71.659,42.71158089
3154.5,90.528,2.55,28.854,2.31,72.818,43.62964482
3154.625,92.086,2.543,29.453,2.185,73.412,44.97432558
3154.75,93.661,2.534,29.785,2.13,73.649,46.2552224
3154.875,94.568,2.514,29.969,2.033,74.256,46.9609025
3155,95.198,2.491,30.268,1.942,76.374,47.43846203
3155.125,95.513,2.474,30.732,1.897,79.208,47.67496432
3155.25,95.43,2.461,31.304,1.814,80.998,47.61750989
3155.375,95.372,2.45,31.818,1.756,82.266,47.5783491
3155.5,95.4,2.447,31.655,1.739,82.942,47.60266465
3155.625,95.504,2.448,31.185,1.723,82.713,47.68290686
3155.75,95.655,2.448,30.668,1.722,82.278,47.79724423
3155.875,95.768,2.442,30.115,1.723,81.938,47.88332029
3156,95.862,2.43,29.847,1.725,82.106,47.9552726
3156.125,96.024,2.422,29.823,1.726,83.033,48.07609282
3156.25,96.285,2.417,29.913,1.73,83.752,48.26707112
3156.375,96.405,2.419,30.302,1.743,84.037,48.35623776
3156.5,96.396,2.43,30.888,1.756,83.678,48.35346038
3156.625,96.261,2.44,31.326,1.793,83.272,48.26080005
3156.75,96.251,2.447,31.742,1.844,83.506,48.25727656
3156.875,96.386,2.445,32.207,1.871,84.232,48.3572203
3157,96.437,2.434,32.386,1.922,85.517,48.39710827
3157.125,95.898,2.426,32.234,1.96,86.058,48.01407447
3157.25,94.519,2.422,31.846,1.972,85.596,46.99305195
3157.375,93.155,2.426,30.985,1.981,84.544,45.93042115
3157.5,91.744,2.435,30.234,1.982,82.549,44.77204718
3157.625,90.057,2.439,30.049,1.985,80.989,43.30167594
3157.75,89.125,2.439,30.173,2.006,80.654,42.448772
3157.875,89.065,2.435,30.798,2.024,80.714,42.39630706
3158,89.408,2.431,31.483,2.074,80.444,42.71970768
3158.125,90.569,2.431,31.715,2.133,78.977,43.77415339
3158.25,92.036,2.433,31.67,2.165,77.199,45.03986969
3158.375,93.098,2.438,31.113,2.23,75.111,45.91412539
3158.5,94.085,2.443,30.246,2.301,72.012,46.69627735
3158.625,94.921,2.445,29.617,2.347,69.261,47.33729401
3158.75,94.819,2.447,29.065,2.477,67.831,47.26423462
3158.875,94.251,2.451,28.423,2.666,66.773,46.83539772
3159,93.599,2.459,27.811,2.783,65.825,46.33124198
3159.125,93.013,2.463,27.331,3.05,64.88,45.86783025
3159.25,92.86,2.466,26.811,3.188,63.723,45.74786244
3159.375,92.716,2.466,26.139,3.412,62.129,45.63452062
3159.5,92.291,2.466,25.753,3.486,59.965,45.28908411
3159.625,91.305,2.468,25.712,3.466,59.304,44.46077912
3159.75,90.554,2.474,25.787,3.362,60.263,43.80938633
3159.875,90.351,2.489,26.038,3.216,62.145,43.63275936
3160,90.278,2.506,26.397,3.135,66.042,43.57129125
3160.125,90.25,2.517,26.649,2.971,70.067,43.54997041
3160.25,90.265,2.526,26.808,2.815,72.318,43.56713538
3160.375,90.431,2.533,26.793,2.742,74.009,43.71894262
3160.5,90.799,2.534,26.782,2.605,75.387,44.04755026
3160.625,91.54,2.531,27.063,2.488,75.888,44.69162441
3160.75,92.168,2.527,27.713,2.442,75.896,45.22399112
3160.875,92.578,2.518,29.258,2.383,75.742,45.56607872
3161,93.162,2.509,30.76,2.371,74.922,46.04279449
3161.125,94.293,2.503,31.217,2.376,73.615,46.93359542
3161.25,95.128,2.498,31.056,2.41,72.785,47.56867617
3161.375,95.066,2.495,29.967,2.433,72.236,47.52610662
3161.5,94.414,2.499,28.715,2.487,71.978,47.03728822
3161.625,92.635,2.505,28.095,2.541,71.995,45.63485831
3161.75,90.711,2.513,27.687,2.568,71.833,44.00757076
3161.875,89.736,2.524,27.357,2.627,71.428,43.13758024
3162,89.131,2.531,27.231,2.701,70.707,42.58226627
3162.125,88.903,2.533,27.338,2.739,70.332,42.37187976
3162.25,89.074,2.532,27.617,2.805,70.508,42.53643377
3162.375,89.239,2.53,28.075,2.832,70.965,42.69431813
3162.5,89.376,2.527,28.061,2.877,71.692,42.82528642
3162.625,89.401,2.528,27.541,2.911,71.74,42.85218228
3162.75,89.213,2.529,26.754,2.921,70.988,42.68137898
3162.875,89.005,2.534,25.684,2.936,69.863,42.4905077
3163,88.782,2.538,25.267,2.95,68.582,42.28383378
3163.125,88.622,2.539,25.564,2.955,68.734,42.13547576
3163.25,88.747,2.539,26.21,2.966,69.881,42.25817773
3163.375,88.937,2.536,27.39,2.992,71.273,42.4415971
3163.5,89.057,2.532,28.242,3.01,72.685,42.55813301
3163.625,89.061,2.53,28.372,3.034,73.119,42.56564651
3163.75,89.163,2.529,28.225,3.022,73.01,42.66482774
3163.875,89.477,2.525,27.938,3.003,72.823,42.95993396
3164,90.054,2.518,28.072,2.937,72.163,43.48981395
3164.125,91.423,2.513,28.608,2.888,70.762,44.69574466
3164.25,93.115,2.507,29.436,2.762,69.466,46.10087111
3164.375,94.381,2.502,30.833,2.626,68.324,47.09623881
3164.5,95.727,2.501,31.883,2.563,67.836,48.10440132
3164.625,97.566,2.501,32.17,2.451,68.956,49.40303511
3164.75,98.851,2.501,32.208,2.363,70.518,50.26201573
3164.875,99.313,2.498,32.181,2.328,72.206,50.5637181
3165,99.717,2.494,32.39,2.265,73.958,50.82403301
3165.125,100.582,2.49,32.716,2.197,74.433,51.3652125
3165.25,101.82,2.486,33.096,2.159,74.065,52.11060205
3165.375,102.703,2.482,33.543,2.079,73.668,52.62426025
3165.5,103.314,2.48,33.64,2.041,74,52.97187694
3165.625,103.129,2.481,33.385,1.984,75.325,52.87197794
3165.75,101.839,2.484,32.945,1.965,76.287,52.13592963
3165.875,100.531,2.49,32.249,1.966,76.925,51.35535301
3166,99.25,2.497,31.76,1.973,77.165,50.55560076
3166.125,98.149,2.499,31.559,1.955,76.929,49.8391779
3166.25,98.236,2.499,31.311,1.931,76.565,49.90070074
3166.375,98.884,2.497,30.588,1.86,76.059,50.33012391
3166.5,99.646,2.493,29.647,1.79,75.114,50.82210775
3166.625,100.55,2.491,29.193,1.766,74.154,51.3883879
3166.75,101.061,2.488,29.077,1.756,73.804,51.70226542
3166.875,101.257,2.481,29.54,1.804,73.976,51.82339343
3167,101.462,2.472,30.255,1.851,75.028,51.94906539
3167.125,101.88,2.464,30.58,1.989,75.799,52.19895353
3167.25,102.276,2.457,30.623,2.076,75.215,52.43262499
3167.375,102.326,2.45,30.13,2.276,73.337,52.46500059
3167.5,102.056,2.448,29.239,2.512,68.255,52.31225257
3167.625,100.656,2.451,28.486,2.648,62.356,51.48172053
3167.75,98.205,2.456,27.676,2.964,59.078,49.92327173
3167.875,96.122,2.466,26.436,3.354,56.791,48.4879534
3168,94.027,2.478,25.195,3.579,55.188,46.9300029
3168.125,91.567,2.488,24.376,4.051,55.138,44.93738175
3168.25,90.196,2.499,23.598,4.407,55.973,43.74467184
3168.375,89.981,2.513,22.696,4.48,57.39,43.55497837
3168.5,90.142,2.522,22.286,4.376,60.449,43.70372357
3168.625,90.749,2.523,22.443,4.028,63.864,44.24606327
3168.75,91.477,2.522,22.915,3.822,65.851,44.87933643
3168.875,91.987,2.518,24.074,3.445,67.352,45.31373055
3169,92.527,2.514,25.438,3.292,68.883,45.76442155
3169.125,93.425,2.513,26.319,3.062,70.352,46.49152334
3169.25,94.34,2.512,27.072,2.901,71.651,47.20767681
3169.375,94.999,2.512,27.755,2.833,73.28,47.70967454
3169.5,95.694,2.512,27.901,2.696,75.806,48.2259285
3169.625,96.532,2.512,27.748,2.531,77.694,48.8305561
3169.75,96.886,2.512,27.626,2.434,78.095,49.08261005
3169.875,96.705,2.514,27.962,2.223,77.692,48.95960986
3170,96.247,2.518,28.911,2.021,76.017,48.63910848
3170.125,95.342,2.518,29.699,1.934,74.768,47.98617121
3170.25,94.522,2.513,30.29,1.791,75.162,47.37580246
3170.375,94.232,2.488,30.472,1.731,76.577,47.15782298
3170.5,94.271,2.452,30.193,1.627,79.473,47.19143291
3170.625,95.317,2.43,30.113,1.536,81.57,47.98230849
3170.75,97.491,2.414,30.423,1.494,81.964,49.52879067
3170.875,99.407,2.409,31.917,1.419,81.956,50.79568813
3171,101.187,2.417,34.163,1.37,82.114,51.89885817
3171.125,102.709,2.426,35.675,1.36,82.61,52.79032873
3171.25,103.005,2.434,36.801,1.369,82.719,52.96123761
3171.375,102.707,2.441,37.379,1.41,82.48,52.79626521
3171.5,102.222,2.445,36.882,1.439,81.453,52.52187573
3171.625,101.155,2.446,35.959,1.509,80.187,51.89747232
3171.75,99.604,2.448,34.723,1.587,79.563,50.94583811
3171.875,98.186,2.454,32.741,1.625,79.389,50.02942778
3172,96.579,2.464,31.207,1.7,80.108,48.9326079
3172.125,94.453,2.471,30.707,1.736,81.363,47.37820152
3172.25,93.197,2.476,30.587,1.801,82.096,46.40225096
3172.375,93.026,2.475,30.892,1.852,82.402,46.26897179
3172.5,93.274,2.467,31.431,1.872,81.862,46.47100441
3172.625,94.157,2.459,31.848,1.908,80.719,47.16611124
3172.75,95.137,2.453,32.248,1.945,79.833,47.9110392
3172.875,95.706,2.453,32.536,1.967,78.958,48.33294216
3173,96.217,2.461,32.128,2.019,77.298,48.70484541
3173.125,96.884,2.467,31.304,2.077,75.18,49.17897472
3173.25,97.265,2.471,30.235,2.108,73.743,49.44629574
3173.375,97.163,2.473,28.746,2.177,72.511,49.37967019
3173.5,96.763,2.473,27.844,2.217,71.189,49.10533321
3173.625,95.581,2.476,27.726,2.314,70.15,48.26365986
3173.75,94.061,2.483,27.854,2.448,69.484,47.12505603
3173.875,93.15,2.498,28.092,2.531,68.712,46.41259884
3174,92.511,2.513,28.119,2.731,67.351,45.89917068
3174.125,92.091,2.52,28.037,2.957,65.951,45.55612169
3174.25,91.892,2.524,27.983,3.074,65.036,45.39359802
3174.375,91.66,2.528,27.944,3.294,64.054,45.20191953
3174.5,91.2,2.53,27.715,3.459,62.512,44.81307536
3174.625,90.025,2.532,27.307,3.514,61.151,43.78197415
3174.75,88.772,2.535,26.766,3.576,60.555,42.62886192
3174.875,88.279,2.54,26.097,3.589,60.403,42.16161914
3175,88.217,2.543,25.915,3.577,61.377,42.10551583
3175.125,88.988,2.542,26.194,3.519,63.495,42.84366979
3175.25,90.468,2.538,26.744,3.471,65.347,44.19634032
3175.375,91.786,2.526,27.98,3.307,67.282,45.33793936
3175.5,93.227,2.511,29.483,3.035,70.092,46.52196983
3175.625,95.395,2.498,30.504,2.871,72.46,48.18562648
3175.75,97.244,2.485,31.348,2.53,73.558,49.50416857
3175.875,97.905,2.469,31.905,2.223,74.289,49.95691922
3176,98.006,2.457,31.753,2.096,75.058,50.02821885
3176.125,97.645,2.449,31.426,1.907,76.239,49.78874363
3176.25,97.633,2.438,31.158,1.792,77.633,49.78421928
3176.375,98.099,2.415,31.078,1.753,79.402,50.10114356
3177.25,95.22,2.41,31.31,1.84,76.367,48.10395915
3177.375,95.024,2.442,30.597,1.893,76.325,47.96206499
3177.5,94.779,2.473,30.231,2.031,77.015,47.78230844
3177.625,94.648,2.488,29.996,2.203,77.091,47.68721725
3177.75,95.012,2.496,29.669,2.291,76.235,47.9640793
3177.875,95.593,2.496,29.252,2.433,74.912,48.39628209
3178,96.209,2.491,29.28,2.499,73.177,48.8444348
3178.125,96.529,2.49,29.636,2.509,72.726,49.07507105
3178.25,95.887,2.493,30.051,2.516,73.52,48.62060138
3178.375,95.062,2.502,30.28,2.52,74.866,48.01958327
3178.5,94.33,2.513,29.936,2.547,76.923,47.47116228
3178.625,93.777,2.517,29.453,2.603,78.255,47.04771516
3178.75,93.803,2.519,28.952,2.635,78.268,47.07166866
3178.875,94.208,2.516,28.494,2.678,77.512,47.38868869
3179,94.872,2.507,28.563,2.665,75.712,47.8959924
3179.125,96.318,2.5,29.021,2.638,74.324,48.9547391
3179.25,98.044,2.494,29.731,2.551,74.079,50.14732562
3179.375,99.143,2.489,30.892,2.446,74.458,50.87058359
3179.5,99.966,2.488,31.814,2.398,75.989,51.39507283
3179.625,100.461,2.486,31.836,2.33,77.613,51.70478132
3179.75,100.563,2.483,32.1,2.284,78.275,51.77077626
3179.875,100.656,2.475,32.765,2.26,78.717,51.83106746
3180,100.838,2.464,33.317,2.202,79.571,51.94510982
3180.125,101.238,2.457,33.729,2.165,80.54,52.18903614
3180.25,101.615,2.451,33.826,2.081,80.828,52.4161081
3180.375,101.809,2.444,33.527,1.997,80.551,52.53354935
3180.5,101.995,2.439,33.274,1.964,79.065,52.64557814
3180.625,102.36,2.438,33.104,1.922,77.431,52.85999479
3180.75,102.704,2.44,33.009,1.899,77.107,53.05987514
3180.875,102.716,2.442,32.92,1.886,77.578,53.07022089
3181,102.494,2.441,32.786,1.853,79.216,52.94737468
3181.125,101.961,2.438,32.656,1.812,81.18,52.64354183
3181.25,101.555,2.432,32.877,1.79,82.631,52.40915975
3181.375,101.436,2.428,33.843,1.745,84.291,52.34234435
3181.5,101.362,2.428,34.897,1.725,86.947,52.30199592
3181.625,101.294,2.431,35.9,1.701,88.843,52.26511022
3181.75,101.369,2.436,36.391,1.703,88.978,52.31326671
3181.875,101.592,2.441,35.589,1.712,88.037,52.44874801
3182,101.907,2.445,34.555,1.735,85.128,52.63693035
3182.125,102.223,2.452,33.553,1.761,81.648,52.82369422
3182.25,102.012,2.469,32.479,1.777,79.474,52.70512614
3182.375,101.406,2.491,31.707,1.819,77.833,52.35300655
3182.5,100.537,2.507,31.196,1.882,76.998,51.83337884
3182.625,99.087,2.519,30.655,1.92,77.656,50.92789715
3182.75,97.522,2.525,30.066,2.009,78.636,49.89665666
3182.875,97.929,2.52,30.01,2.095,79.561,50.17496483
3183,97.99,2.513,30.371,2.132,80.359,50.21939755
3183.125,97.602,2.505,30.879,2.189,80.433,49.96180441
3183.25,97.139,2.497,31.405,2.214,80.161,49.64894042
3183.375,96.955,2.49,31.36,2.273,79.78,49.52532058
3183.5,97.663,2.487,30.992,2.368,79.077,50.01394296
3183.625,98.6,2.486,30.576,2.439,78.405,50.64079369
3183.75,99.526,2.49,30.318,2.632,78.063,51.24026482
3183.875,100.278,2.5,30.68,2.863,77.826,51.71365896
3184,100.358,2.511,31.303,2.968,77.456,51.76648642
3184.125,100.006,2.524,32.022,3.107,76.939,51.55230593
3184.25,99.184,2.54,32.59,3.143,76.344,51.03680861
3184.375,96.482,2.55,32.019,3.132,75.445,49.22336352
3184.5,92.63,2.553,30.864,3.088,74.088,46.30690246
3184.625,90.237,2.554,29.532,3.072,74.004,44.27164298
3184.75,88.783,2.55,28.173,3.087,75.456,42.94119673
3184.875,88.997,2.536,27.916,3.163,77.832,43.14613565
3185,90.536,2.52,28.281,3.21,81.047,44.54798363
3185.125,91.125,2.502,28.565,3.286,81.856,45.06507398
3185.25,90.583,2.481,27.758,3.314,80.21,44.59685301
3185.375,87.901,2.475,25.415,3.318,77.347,42.11286593
3185.5,84.943,2.48,23.299,3.374,71.875,39.046115
3185.625,83.449,2.491,21.303,3.58,65.954,37.35182039
3185.75,82.192,2.506,19.177,3.752,62.099,35.84227957
3188,82.348,2.449,21.051,4.997,65.196,36.10536818
3188.125,82.72,2.453,21.88,4.834,68.492,36.56240215
3188.25,82.203,2.469,22.091,4.493,68.901,35.93468772
3189,83.15,2.518,21.851,3.019,74.203,37.10473778
3189.125,86.504,2.51,23.644,2.823,79.019,40.82329215
3189.25,89.218,2.497,26.485,2.71,81.619,43.48394396
3189.375,91.25,2.486,28.736,2.485,83.609,45.29917548
3189.5,91.546,2.479,29.445,2.391,85.442,45.55511154
3189.625,91.339,2.474,29.562,2.254,86.394,45.38275898
3189.75,91.513,2.469,29.174,2.174,86.452,45.53457525
3189.875,93.112,2.464,28.877,2.155,85.936,46.85424502
3190,95.658,2.46,29.06,2.158,83.97,48.79708903
3190.125,97.207,2.455,29.638,2.178,80.879,49.89479082
3190.25,97.914,2.452,30.898,2.178,78.017,50.3777709
3190.375,96.588,2.461,31.705,2.168,74.869,49.47221167
3190.5,93.443,2.477,31.508,2.179,71.331,47.13528511
3190.625,91.213,2.495,30.801,2.198,70.445,45.30470934
3190.75,89.788,2.515,29.369,2.254,71.64,44.0516718
3190.875,90.06,2.515,28.171,2.288,73.464,44.3006968
3191,92.216,2.504,27.725,2.351,75.808,46.16005597
3191.125,93.942,2.491,27.558,2.373,77.023,47.54342982
3191.25,95.176,2.48,27.743,2.364,77.241,48.48038066
3191.375,95.542,2.483,28.171,2.331,77.226,48.75276379
3191.5,94.759,2.49,28.426,2.316,76.45,48.17707765
3191.625,93.97,2.498,28.507,2.321,75.022,47.57978209
3191.75,93.336,2.506,28.249,2.357,74.192,47.08761566
3191.875,92.804,2.509,27.847,2.423,73.98,46.66605313
3192,92.641,2.508,27.661,2.462,75.034,46.53774536
3192.125,92.758,2.506,27.617,2.534,76.36,46.63627572
3192.25,93.018,2.503,27.813,2.585,76.459,46.84921174
3192.375,93.465,2.499,28.075,2.6,75.756,47.20787863
3192.5,93.512,2.497,28.092,2.62,74.055,47.24854113
3192.625,93.017,2.496,27.871,2.63,73.006,46.85948747
3192.75,92.089,2.497,27.109,2.668,73.246,46.10687743
3192.875,90.166,2.501,26.2,2.734,74.21,44.45554692
3193,88.463,2.504,25.742,2.778,76.264,42.88691785
3193.125,88.036,2.508,25.553,2.885,77.85,42.47965039
3193.25,88.364,2.511,25.985,3.019,78.122,42.79980573
3193.375,90.227,2.508,27.14,3.094,77.724,44.52494037
3193.5,92.893,2.502,28.268,3.268,76.279,46.78581792
3193.625,94.784,2.492,29.478,3.474,74.67,48.25806219
3193.75,96.484,2.476,30.956,3.573,73.704,49.49710359
3193.875,98.321,2.462,31.731,3.723,72.654,50.75275212
3194,99.491,2.456,31.783,3.83,70.416,51.51202364
3194.125,99.877,2.452,31.666,3.894,67.683,51.75814573
3194.25,99.973,2.449,31.511,4.063,66.056,51.82153605
3194.375,99.674,2.447,31.475,4.157,64.977,51.63816977
3194.5,99.058,2.446,31.492,4.324,64.498,51.25036804
3194.625,98.551,2.446,31.479,4.44,64.423,50.92538752
3194.75,98.057,2.446,31.237,4.472,64.19,50.60310604
3194.875,97.388,2.449,30.695,4.459,63.762,50.15613251
3195,96.696,2.453,30.208,4.329,63.434,49.68214885
3195.125,96.138,2.458,29.752,4.226,64.059,49.2918649
3195.25,95.517,2.468,29.292,3.982,65.016,48.84761234
3195.375,94.596,2.478,29.053,3.729,66.062,48.16794122
3195.5,93.859,2.482,28.985,3.612,67.375,47.60780328
3195.625,93.617,2.486,28.956,3.415,68.606,47.42295705
3195.75,93.59,2.49,29.028,3.338,69.678,47.40549995
3195.875,93.861,2.494,29.217,3.221,70.968,47.62038683
3196,94.217,2.496,29.35,3.131,72.724,47.89828465
3196.125,94.352,2.497,29.39,3.088,73.323,48.00499607
3196.25,94.364,2.498,29.153,2.996,72.858,48.01779889
3196.375,94.219,2.5,28.744,2.902,72.205,47.91082865
3196.5,94.135,2.501,28.561,2.858,71.661,47.85013407
3196.625,94.235,2.502,28.603,2.774,72.012,47.93040836
3196.75,94.436,2.502,29.289,2.685,72.824,48.08718717
3196.875,94.844,2.5,30.556,2.636,73.982,48.39815054
3197,95.399,2.497,31.588,2.533,76.183,48.81245919
3197.125,95.952,2.492,32.522,2.436,78.451,49.21703649
3197.25,96.682,2.481,33.383,2.396,79.624,49.73769105
3197.375,97.903,2.467,33.61,2.336,80.08,50.57614516
3197.5,98.805,2.456,33.35,2.319,79,51.17344674
3197.625,98.918,2.447,32.809,2.315,76.733,51.25008573
3197.75,98.609,2.439,31.594,2.351,74.956,51.05325373
3197.875,97.56,2.438,30.279,2.382,73.385,50.35977938
3198,96.288,2.444,29.601,2.462,72.125,49.48216672
3198.125,95.515,2.452,29.239,2.552,71.864,48.93007667
3198.25,94.869,2.465,29.43,2.593,71.872,48.457091
3198.375,94.303,2.477,30.19,2.656,71.707,48.03371553
3198.5,94.238,2.482,30.786,2.69,71.113,47.98777001
3198.625,94.395,2.486,31.174,2.695,70.764,48.11107554
3198.75,94.477,2.49,31.036,2.68,71.336,48.17695044
3198.875,94.014,2.496,30.293,2.66,72.793,47.82689177
3199,92.872,2.5,29.64,2.609,76.201,46.9315334
3199.125,91.87,2.505,29.026,2.558,79.701,46.11393806
3199.25,91.012,2.508,28.322,2.533,81.631,45.38906925
3199.375,90.537,2.505,27.965,2.49,83.125,44.97901311
3199.5,91.131,2.5,28.119,2.463,84.485,45.49901688
3199.625,92.201,2.493,28.684,2.459,84.888,46.40353845
3199.75,93.645,2.483,30.274,2.471,84.179,47.56635921
3199.875,95.987,2.475,32.11,2.516,82.578,49.32224863
3200,97.955,2.473,33.011,2.55,79.427,50.68669605
3200.125,98.747,2.475,33.391,2.629,77.246,51.21139038
3200.25,99.072,2.483,32.844,2.717,77.238,51.42460857
3200.375,98.771,2.493,31.251,2.769,78.237,51.23414801
3200.5,97.632,2.498,29.516,2.887,80.221,50.48437538
3200.625,96.014,2.502,27.387,2.938,80.944,49.3634298
3200.75,93.58,2.508,24.168,2.99,80.276,47.54499318
3200.875,88.589,2.517,21.807,2.986,79.361,43.24522095
3201,83.5,2.526,21.149,2.981,78.824,37.89204718
3201.375,82.174,2.533,22.967,3.227,79.378,36.31295681
3201.5,83.972,2.525,23.143,3.492,77.268,38.45285945
3201.625,84.078,2.518,22.739,3.747,73.466,38.57771674
3201.75,82.949,2.514,21.118,3.847,70.287,37.26530616
3203,81.861,2.562,23.149,3.425,79.895,35.97563156
3203.125,83.498,2.563,23.928,3.278,78.79,37.9561709
3203.25,84.734,2.565,24.733,3.038,78.935,39.36496939
3203.375,86.308,2.565,25.462,2.891,80.036,41.05723934
3203.5,88.098,2.56,25.981,2.849,82.814,42.85469501
3203.625,89.558,2.551,26.488,2.812,85.288,44.22972604
3203.75,90.893,2.536,26.999,2.81,86.166,45.42059094
3203.875,91.539,2.525,27.05,2.818,86.492,45.97714826
3204,90.093,2.522,26.726,2.822,86.5,44.72412236
3204.125,87.947,2.523,26.188,2.826,86.345,42.72729919
3204.25,85.561,2.525,25.209,2.848,85.979,40.29649166
3204.375,82.618,2.525,24.335,2.899,85.257,36.95000568
3205.5,82.588,2.556,21.864,3.354,83.017,36.94910085
3205.625,83.858,2.552,21.716,3.369,81.915,38.4508676
3205.75,84.879,2.548,21.884,3.417,81.017,39.60258021
3205.875,85.144,2.545,22.402,3.466,81.226,39.89652288
3206,84.106,2.543,22.835,3.619,81.976,38.74584998
3206.125,83.01,2.54,23.182,3.822,82.856,37.47534498
3206.25,82.103,2.533,23.287,3.938,83.334,36.37923495
3208.25,83.305,2.493,24.147,3.115,76.422,37.8907167
3208.375,86.874,2.49,25.934,3.072,78.527,41.79139146
3208.5,90.944,2.488,27.048,3.084,78.76,45.60669038
3208.625,93.647,2.486,27.956,3.122,78.714,47.82943872
3208.75,95.878,2.487,28.528,3.217,78.056,49.50275452
3208.875,97.556,2.492,28.247,3.343,72.319,50.67535696
3209,97.487,2.497,27.733,3.425,68.427,50.63229095
3209.125,96.669,2.503,27.21,3.616,64.814,50.07355449
3209.25,95.706,2.515,26.667,3.78,63.134,49.39344864
3209.375,94.286,2.527,26.426,3.833,62.439,48.34386641
3209.5,92.985,2.533,26.443,3.874,63.962,47.33264624
3209.625,92.246,2.535,26.559,3.801,67.54,46.73739459
3209.75,91.558,2.526,26.853,3.714,70.171,46.16820835
3209.875,90.908,2.511,27.213,3.476,72.226,45.61667392
3210,91.113,2.501,27.462,3.348,74.207,45.79702488
3210.125,91.928,2.493,27.663,3.113,75.824,46.48932306
3210.25,93.03,2.492,27.667,2.905,76.875,47.39075838
3210.375,94.023,2.5,27.209,2.812,77.459,48.17207685
3210.5,93.116,2.509,26.642,2.67,76.536,47.46664651
3210.625,91.059,2.516,26.04,2.605,74.316,45.76930892
3210.75,88.587,2.515,25.404,2.6,73.02,43.54236916
3210.875,86.259,2.501,25.18,2.631,72.668,41.2366812
3211,86.169,2.485,25.295,2.688,74.168,41.1468244
3211.125,87.247,2.471,25.576,2.711,76.664,42.25082137
3211.25,88.549,2.46,26.268,2.72,78.242,43.52151612
3211.375,89.61,2.467,27.092,2.687,79.571,44.51047341
3211.5,89.213,2.482,27.55,2.674,81.779,44.15041807
3211.625,88.066,2.5,27.783,2.68,84.326,43.07058212
3211.75,86.545,2.527,27.58,2.7,85.743,41.55901664
3211.875,84.321,2.545,26.961,2.759,86.574,39.1718768
3212,82.929,2.551,26.414,2.839,86.712,37.5633837
3212.125,82.735,2.552,25.822,2.887,86.477,37.33502402
3212.25,82.882,2.55,24.814,2.986,86.442,37.51513974
3212.375,83.157,2.547,23.646,3.06,86.471,37.84573322
3212.5,82.92,2.546,22.797,3.08,86.061,37.56836239
3212.625,82.218,2.545,22.007,3.088,84.845,36.72237913
3213.5,83.714,2.542,24.299,2.913,85.166,38.53107652
3213.625,84.552,2.54,24.756,2.813,85.68,39.48489716
3213.75,84.769,2.542,25.416,2.699,85.509,39.72941895
3213.875,84.293,2.546,26.218,2.645,84.848,39.20261662
3214,83.977,2.548,26.922,2.555,83.573,38.84838172
3214.125,84.386,2.547,27.747,2.488,82.961,39.31490249
3214.25,85.259,2.542,28.977,2.46,83.293,40.28040163
3214.375,86.912,2.537,29.782,2.407,84.079,42.0135112
3214.5,88.33,2.535,29.819,2.356,85.503,43.41160145
3214.625,88.932,2.535,29.524,2.331,86.789,43.98394998
3214.75,89.252,2.535,28.914,2.289,87.461,44.28450056
3214.875,89.191,2.534,28.619,2.273,87.918,44.23199048
3215,88.726,2.531,28.759,2.25,88.174,43.80226727
3215.125,88.455,2.528,29.067,2.245,88.003,43.5497282
3215.25,88.485,2.523,29.432,2.249,87.833,43.58202894
3215.375,89.059,2.521,29.34,2.266,87.861,44.12484465
3215.5,89.54,2.522,28.928,2.299,88.18,44.57103032
3215.625,89.332,2.524,28.371,2.325,88.119,44.38451325
3215.75,88.732,2.528,27.583,2.402,87.387,43.83061943
3215.875,87.748,2.532,27.032,2.513,86.184,42.89075168
3216,87.398,2.534,26.79,2.58,83.85,42.54990932
3216.125,87.606,2.536,26.53,2.728,81.011,42.75912061
3216.25,87.684,2.54,25.95,2.853,78.541,42.83951349
3216.375,86.596,2.545,25.207,2.889,75.37,41.75318293
3216.5,84.101,2.554,24.68,2.908,69.573,39.0674131
3216.625,81.947,2.566,24.18,2.901,64.673,36.5140533
3217.25,85.126,2.562,24.695,2.697,80.126,40.22901588
3217.375,89.147,2.539,25.869,2.629,81.964,44.26682427
3217.5,92.048,2.53,26.533,2.489,82.245,46.80813201
3217.625,92.929,2.524,27.007,2.379,81.353,47.5282603
3217.75,93.106,2.521,27.398,2.34,80.597,47.67303686
3217.875,92.693,2.522,27.633,2.288,80.057,47.34609245
3218,92.267,2.523,27.754,2.273,79.844,47.00331068
3218.125,92.199,2.525,27.866,2.255,79.795,46.95119737
3218.25,92.326,2.525,28.146,2.239,79.686,47.0590548
3218.375,92.722,2.525,28.743,2.231,79.634,47.38429263
3218.5,93.083,2.525,29.427,2.219,79.863,47.67693941
3218.625,93.212,2.525,30.253,2.213,80.297,47.78293685
3218.75,93.27,2.525,31.334,2.213,80.716,47.83246467
3218.875,93.319,2.528,31.732,2.229,81.224,47.87480083
3219,93.251,2.53,31.302,2.267,81.763,47.82484926
3219.125,92.953,2.531,30.373,2.292,81.86,47.59183785
3219.25,92.302,2.532,28.433,2.353,81.72,47.0691075
3219.375,90.577,2.531,26.488,2.433,81.533,45.61317469
3219.5,88.37,2.531,25.462,2.478,81.281,43.60152615
3219.625,86.908,2.532,24.74,2.56,81.035,42.17019266
3219.75,85.703,2.535,24.243,2.591,80.777,40.9260552
3219.875,84.631,2.538,24.207,2.634,80.41,39.76692622
3220,84.261,2.541,24.388,2.651,80.145,39.35733064
3220.125,84.378,2.544,24.664,2.647,80.57,39.49265706
3220.25,84.72,2.546,25.235,2.623,81.166,39.87709197
3220.375,85.835,2.544,26.025,2.591,81.676,41.08502921
3220.5,87.684,2.539,26.757,2.57,81.687,42.96902174
3220.625,89.305,2.533,27.648,2.512,80.87,44.5106128
3220.75,90.93,2.524,29.108,2.45,80.137,45.9609141
3220.875,92.667,2.518,30.388,2.427,79.62,47.41402542
3221,93.259,2.516,30.95,2.401,79.69,47.89027246
3221.125,92.942,2.517,31.246,2.396,80.609,47.64224975
3221.25,92.335,2.521,31.164,2.396,81.272,47.15549128
3221.375,91.451,2.526,30.594,2.416,81.449,46.42443254
3221.5,90.929,2.528,29.995,2.433,80.627,45.98248905
3221.625,90.893,2.529,29.398,2.475,79.387,45.95516267
3221.75,91.069,2.53,28.83,2.524,78.744,46.11036982
3221.875,91.549,2.531,28.65,2.55,78.274,46.52202416
3222,92.003,2.532,28.618,2.609,77.495,46.90473592
3222.125,92.163,2.534,28.423,2.674,76.46,47.04046015
3222.25,92.15,2.536,27.558,2.709,75.568,47.03348021
3222.375,91.71,2.536,26.303,2.783,74.622,46.67207333
3222.5,90.797,2.536,25.555,2.862,73.16,45.89830632
3222.625,89.935,2.535,25.143,2.902,71.783,45.14246661
3222.75,88.852,2.534,25.394,2.98,71.283,44.15505609
3222.875,87.061,2.533,26.297,3.016,71.262,42.42377855
3223,85.638,2.532,26.995,3.085,71.659,40.95731824
3223.125,85.284,2.531,27.531,3.15,71.794,40.58200362
3223.25,85.516,2.53,27.94,3.179,71.629,40.83498469
3223.375,86.742,2.529,28.157,3.23,71.565,42.11682495
3223.5,88.225,2.528,28.291,3.268,71.993,43.58441538
3223.625,88.968,2.528,28.417,3.282,72.36,44.28971457
3223.75,89.401,2.527,28.443,3.307,72.045,44.69293382
3223.875,89.807,2.524,28.144,3.334,71.321,45.06512585
3224,90.206,2.521,27.696,3.352,70.405,45.42531321
3224.125,90.546,2.518,27.131,3.409,70.42,45.72845582
3224.25,90.938,2.514,26.368,3.446,70.94,46.07252474
3224.375,91.451,2.512,26.036,3.521,71.387,46.51394034
3224.5,91.761,2.511,26.242,3.588,70.989,46.77800789
3224.625,91.804,2.51,26.74,3.62,69.229,46.81759942
3224.75,91.687,2.509,27.639,3.695,67.418,46.72359301
3224.875,91.154,2.507,28.134,3.791,65.55,46.27654369
3225,90.397,2.506,27.958,3.847,63.585,45.62399794
3225.125,89.91,2.505,27.446,3.961,62.985,45.19528252
3225.25,89.475,2.504,26.46,4.049,63.498,44.80577141
3225.375,88.776,2.504,25.721,4.073,64.439,44.1634094
3225.5,88.049,2.503,25.554,4.078,66.056,43.47603386
3225.625,87.7,2.503,25.626,4.046,67.626,43.1408959
3225.75,87.616,2.503,26.037,4.028,68.485,43.06242306
3225.875,88.106,2.503,26.555,4.005,69.114,43.54235034
3226,88.958,2.505,26.873,4.006,69.383,44.35226843
3226.125,89.477,2.506,27.123,4.033,68.94,44.83399203
3226.25,89.805,2.508,27.306,4.073,68.379,45.13483853
3226.375,89.989,2.509,27.337,4.086,67.738,45.30359473
3226.5,90.07,2.508,27.319,4.088,66.561,45.37961208
3226.625,90.213,2.508,27.278,4.066,64.987,45.51037887
3226.75,90.264,2.508,27.052,4.054,63.708,45.55925983
3226.875,90.151,2.509,26.637,4.047,62.504,45.46291291
3227,90.01,2.51,26.356,4.083,61.139,45.34114992
3227.125,89.921,2.511,26.212,4.116,60.457,45.26532791
3227.25,90.01,2.511,26.375,4.185,60.602,45.34866997
3227.375,90.262,2.51,26.754,4.234,61.182,45.57626551
3227.5,90.413,2.508,26.906,4.247,62.513,45.71309622
3227.625,90.43,2.506,26.814,4.257,63.69,45.73178094
3227.75,90.093,2.504,26.193,4.256,64.007,45.43767084
3227.875,89.548,2.503,25.382,4.246,64.02,44.95140008
3228,89.186,2.504,24.957,4.233,64.018,44.62387735
3228.125,88.846,2.506,24.75,4.223,64.314,44.31218864
3228.25,88.375,2.511,24.906,4.188,64.435,43.87192682
3228.375,87.989,2.517,25.36,4.129,64.185,43.5055955
3228.5,87.886,2.519,25.689,4.097,63.097,43.40967473
3228.625,87.951,2.522,25.956,4.04,62.201,43.47646143
3228.75,88.195,2.524,26.258,3.99,62.597,43.71523008
3228.875,88.332,2.523,26.546,3.964,64.077,43.8499587
3229,88.364,2.519,26.762,3.901,67.325,43.88423456
3229.125,88.528,2.514,26.993,3.859,70.052,44.04362663
3229.25,89.274,2.507,27.337,3.749,70.723,44.74260669
3229.375,90.272,2.504,27.631,3.624,70.429,45.64518007
3229.5,90.792,2.504,27.72,3.567,68.922,46.10361013
3229.625,91.025,2.506,27.647,3.482,67.47,46.30813777
3229.75,90.828,2.51,27.109,3.442,67.192,46.14223827
3229.875,90.199,2.514,26.243,3.436,67.725,45.59564008
3230,89.434,2.516,25.628,3.43,70.073,44.91171062
3230.125,88.348,2.52,25.115,3.401,73.301,43.90317146
3230.25,86.353,2.527,24.663,3.372,75.179,41.92955815
3230.375,84.635,2.534,24.489,3.293,76.313,40.0977626
3230.5,84.09,2.538,24.467,3.227,76.496,39.49169326
3230.625,84.145,2.541,24.458,3.213,76.015,39.55777683
3230.75,85.305,2.543,24.479,3.237,75.875,40.84065754
3230.875,87.141,2.541,24.626,3.269,75.921,42.74868873
3231,88.473,2.537,24.855,3.346,75.805,44.04846987
3231.125,89.527,2.532,25.185,3.411,75.261,45.03035188
3231.25,89.682,2.524,25.81,3.434,74.687,45.17457588
3231.375,88.506,2.518,26.444,3.466,74.075,44.09109486
3231.5,87.13,2.515,26.82,3.497,72.991,42.75682309
3231.625,85.738,2.512,27.185,3.522,71.543,41.32965356
3231.75,84.607,2.507,27.834,3.601,70.268,40.10952876
3231.875,84.982,2.501,28.619,3.701,68.881,40.52556253
3232,86.215,2.497,29.148,3.748,67.057,41.84067737
3232.125,87.894,2.494,29.568,3.825,65.726,43.5278478
3232.25,90.501,2.493,29.818,3.853,65.196,45.9328086
3232.375,92.505,2.493,29.68,3.891,64.932,47.6241622
3232.5,93.052,2.493,29.375,3.904,64.969,48.06658644
3232.625,93.177,2.493,28.92,3.904,65.493,48.16927659
3232.75,92.831,2.495,27.896,3.891,66.265,47.89783552
3232.875,92.226,2.498,26.615,3.855,67.28,47.41173738
3233,91.933,2.501,25.788,3.827,68.614,47.17418126
3233.125,91.875,2.503,25.201,3.757,69.179,47.12982459
3233.25,92.163,2.504,25.144,3.672,69.033,47.37123837
3233.375,92.424,2.505,25.948,3.627,68.67,47.58812378
3233.5,92.374,2.505,26.821,3.543,68.37,47.55116408
3233.625,92.208,2.506,27.634,3.478,68.658,47.41929413
3233.75,92.142,2.508,28.297,3.455,69.014,47.36886797
3233.875,92.504,2.509,28.447,3.424,69.253,47.66788695
3234,92.912,2.51,28.454,3.411,69.44,47.99960391
3234.125,93.157,2.511,28.548,3.379,69.484,48.19785678
3234.25,92.926,2.511,28.781,3.335,69.354,48.01817656
3234.375,92.336,2.511,28.854,3.314,69.187,47.54620411
3234.5,91.969,2.512,28.669,3.287,69.447,47.24863203
3234.625,91.693,2.512,28.302,3.29,70.557,47.022991
3234.75,91.529,2.514,27.487,3.302,71.825,46.8892851
3234.875,91.76,2.515,26.623,3.35,73.259,47.08634394
3235,92.248,2.514,26.255,3.419,74.839,47.49292415
3235.125,92.918,2.512,26.235,3.453,75.111,48.03772322
3235.25,93.86,2.511,26.941,3.513,74.247,48.77944624
3235.375,94.11,2.51,27.963,3.542,72.682,48.97466825
3235.5,93.646,2.512,28.389,3.606,69.533,48.6214442
3235.625,92.886,2.515,28.387,3.673,66.421,48.02700853
3235.75,91.811,2.519,27.691,3.704,64.952,47.15487419
3235.875,91.169,2.522,26.786,3.747,64.191,46.61820286
3236,91.005,2.522,26.328,3.756,64.671,46.48175384
3236.125,90.96,2.521,26.066,3.746,66.587,46.44687552
3236.25,90.966,2.517,25.989,3.7,68.328,46.45577107
3236.375,90.971,2.513,26.056,3.638,69.886,46.46380667
3236.5,91.017,2.511,26.113,3.612,71.233,46.50700681
3236.625,91.079,2.51,26.185,3.589,71.544,46.56381893
3236.75,91.182,2.508,26.464,3.624,71.402,46.65544389
3236.875,91.357,2.506,26.955,3.668,71.175,46.80770312
3237,91.5,2.505,27.287,3.808,70.342,46.93206064
3237.125,91.514,2.504,27.446,3.903,68.347,46.94756596
3237.25,90.876,2.504,27.205,4.121,66.044,46.4083048
3237.375,89.702,2.505,26.682,4.358,63.312,45.37728362
3237.5,88.958,2.507,26.383,4.485,59.456,44.7003783
3237.625,88.551,2.508,26.235,4.784,56.617,44.32330726
3237.75,88.71,2.507,26.224,5.166,55.579,44.47661272
3237.875,89.156,2.505,26.187,5.391,55.052,44.89481154
3238,89.363,2.503,26.007,5.896,54.946,45.08847174
3238.125,89.644,2.502,25.677,6.409,55.348,45.34755063
3238.25,90.424,2.502,24.993,6.632,55.772,46.0454955
3238.375,91.116,2.504,24.281,6.952,56.05,46.6477847
3238.5,90.962,2.508,23.871,7.049,55.523,46.51970486
3238.625,90.148,2.515,23.546,7.166,53.949,45.81354573
3238.75,88.21,2.53,23.287,7.26,52.577,44.03368067
3238.875,86.652,2.545,23.272,7.317,51.514,42.50091121
3239,86.428,2.552,23.392,7.422,51.443,42.2758191
3239.125,86.822,2.552,23.554,7.364,52.857,42.68094942
3239.25,87.793,2.541,23.72,7.215,54.359,43.64698794
3239.375,88.393,2.524,23.707,6.648,55.934,44.22697202
3239.5,88.24,2.516,23.632,5.851,57.763,44.08515127
3239.625,87.72,2.512,23.618,5.434,58.968,43.58738312
3239.75,87.001,2.514,23.864,4.672,59.975,42.88031565
3239.875,87.208,2.521,24.36,4.051,61.752,43.09090857
3240,88.229,2.523,24.789,3.79,66.134,44.08985617
3240.125,89.818,2.522,25.239,3.352,71.432,45.56451087
3240.25,92.701,2.512,25.94,3.167,74.791,48.01602358
3240.375,95.346,2.497,26.716,2.848,77.545,50.04239745
3240.5,96.585,2.487,27.329,2.59,80.381,50.92772766
3240.625,97.29,2.478,28.011,2.491,82.45,51.41560961
3240.75,97.297,2.468,29.013,2.37,83.413,51.42398473
3240.875,96.436,2.46,29.748,2.33,83.913,50.83471952
3241,95.502,2.455,29.897,2.328,83.533,50.17390962
3241.125,94.46,2.452,29.756,2.349,82.148,49.40894821
3241.25,92.827,2.453,29.185,2.417,80.94,48.14663878
3241.375,91.106,2.461,28.511,2.47,79.849,46.72901741
3241.5,89.856,2.471,27.997,2.6,78.744,45.64000836
3241.625,88.444,2.484,27.32,2.752,78.017,44.34367037
3241.75,86.016,2.509,25.926,2.835,77.671,41.93408926
3242.5,84.227,2.54,24.344,3.564,80.763,40.02069448
3242.625,84.891,2.533,24.47,3.584,82.025,40.76002435
3242.75,85.383,2.525,24.462,3.585,82.367,41.29597281
3242.875,85.591,2.522,24.393,3.595,82.024,41.52156588
3243,85.731,2.521,24.366,3.639,80.734,41.67360561
3243.125,85.916,2.522,24.366,3.683,79.931,41.87197023
3243.25,86.099,2.525,24.384,3.826,80.018,42.06678618
3243.375,85.833,2.529,24.364,3.921,80.3,41.79260876
3243.5,85.062,2.532,24.268,4.13,79.822,40.97333272
3243.625,83.785,2.535,24.033,4.334,77.577,39.55499538
3247.125,86.245,2.542,20.328,5.207,73.618,42.33748063
3247.25,91.224,2.55,19.027,5.228,72.304,47.00521226
3247.375,94.804,2.557,17.894,5.436,71.062,49.84953335
3247.5,96.017,2.559,17.384,5.805,69.894,50.73289796
3247.625,96.067,2.557,17.052,6.008,69.236,50.77197774
3247.75,93.021,2.546,16.807,6.324,68.751,48.49372668
3247.875,86.422,2.528,16.727,6.378,67.919,42.54269329
3252.875,83.809,2.483,22.408,4.429,72.481,39.87208219
3253,85.747,2.481,23.398,4.173,75.329,41.99956449
3253.125,87.459,2.484,23.89,4.13,76.221,43.74440919
3253.25,89.023,2.487,23.435,4.217,75.786,45.23763914
3253.375,88.842,2.487,21.924,4.478,74.58,45.07374294
3253.5,87.325,2.485,20.539,4.632,71.24,43.6239113
3253.625,85.013,2.483,19.177,4.87,67.1,41.23460564
3255.5,84.641,2.537,23.928,2.963,74.886,40.88639811
3255.625,86.096,2.536,24.756,2.812,77.573,42.44532653
3255.75,88.313,2.53,25.987,2.537,79.505,44.64901462
3255.875,90.154,2.522,27.225,2.299,81.188,46.33798424
3256,90.864,2.516,27.967,2.197,82.646,46.95999144
3256.125,90.952,2.509,28.531,2.034,82.846,47.0391923
3256.25,90.765,2.502,28.87,1.975,82.4,46.88230187
3256.375,91.387,2.5,28.747,1.893,81.763,47.41591578
3256.5,93.012,2.502,28.515,1.853,80.962,48.74599493
3256.625,95.443,2.505,28.301,1.846,81.105,50.58880274
3256.75,98.955,2.511,28.087,1.853,82.188,52.97672053
3256.875,100.926,2.515,27.977,1.885,83.63,54.1935309
3257,100.866,2.517,27.986,1.912,84.959,54.16139538
3257.125,99.92,2.519,28.081,1.994,84.778,53.59195828
3257.25,97.72,2.524,28.345,2.109,84.171,52.18688443
3257.375,95.01,2.53,28.494,2.171,83.853,50.29525541
3257.5,93.139,2.534,28.273,2.29,84.618,48.87589354
3257.625,91.402,2.536,27.713,2.342,85.967,47.46592076
3257.75,89.785,2.536,26.541,2.421,86.369,46.06645687
3257.875,89.524,2.534,25.666,2.457,85.957,45.83537963
3258,89.94,2.534,25.602,2.46,84.36,46.2123405
3258.125,90.439,2.534,25.957,2.453,82.911,46.65584448
3258.25,90.869,2.538,26.966,2.448,82.387,47.03176982
3258.375,90.785,2.543,28.016,2.451,82.078,46.9633031
3258.5,90.546,2.546,28.575,2.467,81.436,46.76030246
3258.625,90.446,2.549,29.032,2.498,80.091,46.67698557
3258.75,90.764,2.55,29.544,2.523,78.897,46.95646737
3258.875,91.037,2.549,29.707,2.585,77.854,47.1942367
3259,90.629,2.548,29.405,2.646,76.753,46.84733746
3259.125,89.576,2.548,28.764,2.672,75.545,45.920128
3259.25,87.292,2.553,27.448,2.717,74.522,43.76738784
3259.375,85.373,2.56,26.207,2.744,73.582,41.80047627
3259.5,84.943,2.563,25.636,2.819,73.138,41.34122545
3259.625,85.231,2.564,25.289,2.948,73.974,41.65619635
3259.75,86.447,2.56,25.096,3.033,74.999,42.93383405
3259.875,87.658,2.553,25.125,3.212,75.63,44.14534948
3260,88.199,2.55,25.285,3.355,74.714,44.67003545
3260.125,88.553,2.548,25.548,3.408,72.115,45.00865348
3260.25,88.911,2.546,26.026,3.485,70.024,45.34630788
3260.375,89.296,2.542,26.447,3.528,68.151,45.70391336
3260.5,89.556,2.538,26.682,3.544,66.421,45.94362618
3260.625,89.73,2.533,26.952,3.582,66.02,46.1039572
3260.75,89.874,2.526,27.563,3.607,66.48,46.23648823
3260.875,90.02,2.519,28.259,3.646,67.213,46.37006629
3261,90.197,2.517,28.528,3.651,68.264,46.53021448
3261.125,90.459,2.516,28.479,3.64,68.826,46.76348928
3261.25,90.998,2.518,27.877,3.6,68.909,47.23215163
3261.375,91.548,2.521,27.204,3.544,68.939,47.70044833
3261.5,91.755,2.522,26.987,3.517,69.275,47.87650226
3261.625,91.776,2.522,26.982,3.472,69.924,47.89763956
3261.75,91.495,2.521,27.034,3.438,70.32,47.66731983
3261.875,91.135,2.519,26.738,3.423,70.6,47.36751116
3262,91.11,2.518,26.24,3.4,70.804,47.35002078
3262.125,91.302,2.518,25.643,3.379,70.828,47.51632651
3262.25,91.536,2.519,24.913,3.364,70.889,47.71657308
3262.375,91.109,2.52,24.567,3.315,71.155,47.36040697
3262.5,90.273,2.521,24.612,3.283,72.373,46.64218291
3262.625,89.201,2.523,24.811,3.219,74.327,45.6852461
3262.75,87.766,2.527,25.268,3.177,75.839,44.33804564
3262.875,87.062,2.531,25.768,3.17,77.317,43.65036853
3263,87.078,2.532,26.078,3.188,78.963,43.67013671
3263.125,87.011,2.532,26.364,3.239,79.61,43.60718452
3263.25,86.45,2.53,26.817,3.274,79.148,43.04468547
3263.375,85.858,2.529,27.341,3.35,77.85,42.43680367
3263.5,85.836,2.529,27.664,3.428,74.415,42.41765055
3263.625,86.182,2.53,27.825,3.467,70.25,42.78113772
3263.75,87.075,2.532,27.577,3.552,67.677,43.69015901
3263.875,87.857,2.532,26.962,3.653,65.713,44.46036707
3264,88.164,2.53,26.521,3.707,64.444,44.75856399
3264.125,88.413,2.528,26.182,3.812,64.609,44.99851068
3264.25,89.038,2.524,25.868,3.856,65.244,45.58487551
3264.375,89.609,2.522,25.625,3.912,65.902,46.10851061
3264.5,89.772,2.522,25.466,3.92,66.504,46.25856362
3264.625,89.815,2.523,25.331,3.913,66.542,46.30076986
3264.75,89.888,2.526,25.291,3.898,66.306,46.36963963
3264.875,90.079,2.529,25.474,3.899,66.194,46.54285625
3265,90.241,2.53,25.753,3.908,66.694,46.68935569
3265.125,90.355,2.53,26.147,3.939,67.667,46.79302202
3265.25,90.459,2.529,26.895,3.976,68.163,46.88753639
3265.375,90.59,2.528,27.679,3.992,68.058,47.00508826
3265.5,90.695,2.527,28.129,4.027,66.893,47.09963555
3265.625,90.788,2.525,28.435,4.048,65.694,47.18349602
3265.75,90.88,2.52,28.419,4.106,65.389,47.26620926
3265.875,91.02,2.515,27.859,4.172,65.414,47.38957912
3266,91.222,2.512,27.233,4.203,65.509,47.56478546
3266.125,91.497,2.51,26.613,4.245,65.253,47.79981961
3266.25,91.868,2.51,26.171,4.255,64.892,48.111753
3266.375,92.02,2.511,26.493,4.249,64.678,48.24049594
3266.5,91.94,2.512,27.154,4.225,64.953,48.17851989
3266.625,91.775,2.512,27.933,4.202,65.536,48.04610439
3266.75,91.471,2.51,28.782,4.198,66.148,47.79675091
3266.875,91.24,2.507,28.96,4.218,67.111,47.60620472
3267,91.218,2.507,28.627,4.274,68.987,47.59135565
3267.125,91.318,2.507,28.092,4.311,70.352,47.67948419
3267.25,91.557,2.508,27.283,4.394,70.146,47.88359541
3267.375,91.608,2.509,26.764,4.438,68.78,47.92985169
3267.5,91.376,2.51,26.667,4.522,65.214,47.7395022
3267.625,90.94,2.511,26.677,4.591,61.845,47.37380165
3267.75,90.013,2.512,26.614,4.623,60.598,46.57113684
3267.875,89.049,2.514,26.315,4.695,60.117,45.70491139
3268,88.455,2.516,26.012,4.784,60.267,45.15601531
3268.125,87.976,2.519,25.753,4.825,60.76,44.70459056
3268.25,87.98,2.525,25.627,4.862,61.127,44.71224273
3268.375,88.744,2.531,25.712,4.802,61.389,45.4379243
3268.5,89.498,2.534,25.761,4.732,61.276,46.13311138
3268.625,90.203,2.535,25.696,4.534,60.969,46.76514688
3268.75,91.142,2.533,25.379,4.422,61.281,47.57944793
3268.875,91.919,2.531,25.034,4.221,62.295,48.23211391
3269,92.187,2.529,24.926,4.09,64.862,48.45523797
3269.125,92.162,2.528,24.959,4.055,67.569,48.43859226
3269.25,91.579,2.526,25.207,4.026,68.951,47.9617418
3269.375,90.796,2.524,25.49,4.012,69.783,47.30296183
3269.5,90.524,2.522,25.611,3.998,69.857,47.07186332
3269.625,90.464,2.52,25.644,3.947,68.735,47.023485
3269.75,90.179,2.52,25.506,3.88,67.287,46.77793785
3269.875,89.172,2.521,25.236,3.851,65.732,45.87836005
3270,88.094,2.523,25.069,3.81,64.216,44.87472367
3270.125,86.972,2.525,25.006,3.775,63.755,43.78315934
3270.25,85.866,2.529,25.213,3.752,63.895,42.65776359
3270.375,85.761,2.533,25.673,3.687,64.209,42.55176737
3270.5,86.38,2.535,26.039,3.647,65.269,43.196564
3270.625,87.383,2.535,26.345,3.555,67.208,44.20544199
3270.75,89.171,2.534,26.629,3.456,69.026,45.90396335
3270.875,90.753,2.532,26.866,3.405,71.055,47.31105047
3271,91.403,2.532,27.119,3.309,73.915,47.86692389
3271.125,91.618,2.531,27.495,3.227,75.959,48.0502763
3271.25,91.038,2.533,28.154,3.194,76.526,47.56608433
3271.375,89.768,2.534,28.535,3.147,76.372,46.46259645
3271.5,88.796,2.535,28.378,3.12,75.027,45.58118236
3271.625,88.044,2.536,27.917,3.111,73.751,44.87652613
3271.75,87.547,2.539,27.037,3.1,73.81,44.40038398
3271.875,87.479,2.541,26.364,3.094,74.779,44.33779964
3272,87.494,2.541,26.17,3.078,77.103,44.35629139
3272.125,87.434,2.542,26.15,3.061,79.062,44.30140917
3272.25,87.283,2.542,26.325,3.052,79.858,44.15686396
3272.375,87.292,2.542,26.562,3.036,80.498,44.16956444
3272.5,87.537,2.542,26.7,3.02,81.68,44.41358482
3272.625,87.977,2.542,26.779,3.011,82.851,44.84290081
3272.75,88.797,2.539,26.697,2.993,83.117,45.62008095
3272.875,89.442,2.536,26.43,2.978,82.726,46.21484711
3273,89.594,2.533,26.213,2.974,81.233,46.35573158
3273.125,89.565,2.53,26.046,2.975,79.786,46.33341721
3273.25,89.459,2.529,26.031,2.988,79.533,46.24156956
3273.375,89.521,2.531,26.418,3.001,79.933,46.30133234
3273.5,89.739,2.533,26.992,3.043,81.133,46.50086895
3273.625,90.076,2.535,27.704,3.073,82.082,46.80399601
3273.75,90.678,2.536,28.547,3.157,82.01,47.33284802
3273.875,91.262,2.534,28.674,3.274,81.215,47.83444689
3274,91.576,2.532,28.225,3.344,78.816,48.10128242
3274.125,91.753,2.53,27.617,3.499,75.488,48.25193376
3274.25,91.599,2.527,27.036,3.663,73.031,48.12790544
3274.375,91.02,2.523,27.03,3.746,70.793,47.64450453
3274.5,90.446,2.521,27.235,3.913,68.369,47.15450896
3274.625,89.816,2.52,27.359,4.073,66.804,46.60359074
3274.75,89.03,2.52,27.186,4.143,66.003,45.89597318
3274.875,88.639,2.521,26.809,4.248,65.218,45.5376284
3275,88.652,2.521,26.617,4.305,64.432,45.55355966
3275.125,88.743,2.521,26.535,4.319,64.691,45.64209461
3275.25,88.737,2.52,26.548,4.327,65.827,45.64031622
3275.375,88.478,2.519,26.648,4.324,67.343,45.40210149
3275.5,88.27,2.519,26.83,4.321,68.647,45.2097497
3275.625,88.186,2.52,27.144,4.334,68.013,45.13388473
3275.75,88.399,2.522,27.726,4.348,66.487,45.33920856
3275.875,88.737,2.523,28.011,4.377,64.893,45.65931213
3276,88.829,2.522,27.749,4.394,64.03,45.74847367
3276.125,88.673,2.521,27.139,4.397,64.977,45.60734675
3276.25,87.855,2.522,25.888,4.394,65.986,44.83642467
3276.375,86.69,2.526,24.667,4.389,66.598,43.69233788
3276.5,86.04,2.529,23.989,4.391,66.806,43.03192619
3276.625,85.768,2.533,23.443,4.421,67.093,42.75258224
3276.75,86.219,2.535,23.015,4.449,67.63,43.22432112
3276.875,87.099,2.532,23.14,4.522,68.339,44.11681403
3277,87.487,2.528,23.613,4.589,68.858,44.50255852
3277.125,87.489,2.523,24.256,4.614,67.963,44.50834007
3277.25,86.914,2.517,25.07,4.643,66.363,43.94413546
3277.375,86.203,2.512,25.359,4.651,64.424,43.22716653
3277.5,85.859,2.511,25.166,4.654,61.657,42.8747582
3277.625,85.695,2.511,24.827,4.677,59.631,42.70701648
3277.75,85.833,2.516,24.463,4.736,59.026,42.85536543
3277.875,86.343,2.526,24.56,4.768,58.884,43.38616762
3278,86.83,2.534,25.009,4.78,59.177,43.88311406
3278.125,87.307,2.541,25.694,4.678,59.895,44.36061844
3278.25,87.86,2.549,26.809,4.586,60.635,44.90235124
3278.375,88.368,2.552,27.509,4.361,61.512,45.38995177
3278.5,88.808,2.551,27.473,4.245,62.889,45.80497556
3278.625,89.329,2.549,27.098,4.05,64.151,46.28654998
3278.75,90.019,2.544,26.34,3.928,64.855,46.90825924
3278.875,90.356,2.538,25.873,3.889,65.229,47.20784052
3279,90.294,2.534,25.904,3.822,64.83,47.15747445
3279.125,90.12,2.531,26.111,3.712,64.279,47.0086319
3279.25,89.979,2.528,26.321,3.631,64.781,46.88798049
3279.375,90.172,2.526,26.104,3.432,66.416,47.06188431
3279.5,90.53,2.525,25.708,3.238,70.496,47.37787243
3279.625,91.033,2.524,25.309,3.163,74.786,47.81306651
3279.75,92.019,2.524,25.097,3.067,76.875,48.63872121
3279.875,93.129,2.525,25.413,3.039,77.973,49.53156842
3280,93.925,2.526,25.907,2.998,78.083,50.15038368
3280.125,94.736,2.526,26.516,2.953,77.342,50.76227563
3280.25,95.768,2.526,27.524,2.932,76.56,51.51400164
3280.375,96.347,2.527,28.506,2.897,75.774,51.92513132
3280.5,96.333,2.528,29.002,2.885,74.994,51.91903185
3280.625,96.045,2.53,29.242,2.893,74.425,51.72098695
3280.75,95.273,2.533,28.958,2.953,73.842,51.17341999
3280.875,94.349,2.534,28.13,3.079,73.077,50.49645329
3281,93.676,2.533,27.403,3.165,71.95,49.98952744
3281.125,92.917,2.532,26.702,3.363,70.976,49.40175643
3281.25,91.583,2.532,25.898,3.554,70.248,48.32397735
3281.375,90.214,2.533,25.427,3.625,69.31,47.15902668
3281.5,89.417,2.535,25.36,3.697,67.827,46.45334677
3281.625,88.783,2.536,25.487,3.709,66.858,45.87678141
3281.75,88.266,2.535,25.978,3.727,66.925,45.39649062
3281.875,88.276,2.53,26.612,3.766,67.606,45.4097594
3282,88.637,2.526,27.046,3.793,69.428,45.75248107
3282.125,89.147,2.522,27.472,3.848,71.691,46.22691108
3282.25,89.661,2.52,28.054,3.885,73.258,46.69557035
3282.375,89.503,2.523,28.42,3.89,74.527,46.5574511
3282.5,88.948,2.526,28.385,3.875,74.976,46.05578548
3282.625,88.255,2.529,28.113,3.842,73.442,45.41276443
3282.75,87.379,2.531,27.434,3.83,71.289,44.57310273
3282.875,86.814,2.532,26.778,3.834,68.819,44.01703369
3283,86.59,2.531,26.505,3.854,65.767,43.7953565
3283.125,86.457,2.531,26.37,3.927,63.949,43.66433785
3283.25,86.538,2.531,26.319,4.008,63.217,43.75041581
3283.375,86.886,2.53,26.279,4.041,62.427,44.10447001
3283.5,87.107,2.529,26.198,4.078,61.21,44.32817045
3283.625,87.184,2.528,26.056,4.078,60.6,44.40815132
3283.75,87.007,2.526,25.8,4.07,61.038,44.23661286
3283.875,86.73,2.523,25.684,4.065,62.08,43.96348365
3284,86.666,2.521,25.781,4.119,63.934,43.90289903
3284.125,86.757,2.519,25.942,4.174,65,43.99831207
3284.25,87.029,2.516,25.998,4.33,64.87,44.27384265
3284.375,87.245,2.514,25.694,4.525,64.263,44.49131913
3284.5,87.328,2.514,25.347,4.63,63.174,44.57675307
3284.625,87.4,2.515,25.072,4.825,62.746,44.65114961
3284.75,87.388,2.517,25.08,4.904,63.077,44.64323579
3284.875,87.151,2.518,25.49,5.005,63.483,44.41392845
3285,86.837,2.518,25.869,5.029,63.221,44.10545008
3285.125,86.464,2.518,26.205,5.008,62.06,43.73313033
3285.25,86.081,2.518,26.545,4.887,61.52,43.34478839
3285.375,86.099,2.518,26.742,4.682,61.745,43.36722162
3285.5,86.345,2.52,26.847,4.567,63.252,43.62349552
3285.625,86.66,2.521,27.022,4.342,64.784,43.94690113
3285.75,87.173,2.523,27.624,4.135,65.34,44.46252804
3285.875,87.796,2.526,28.561,4.038,65.82,45.07386272
3286,88.357,2.528,29.172,3.859,67.54,45.61194764
3286.125,88.989,2.531,29.485,3.778,70.421,46.2035732
3286.25,89.724,2.533,29.045,3.64,72.442,46.87284733
3286.375,89.788,2.534,27.92,3.557,73.873,46.93367193
3286.5,89.728,2.533,27.092,3.546,73.954,46.88397634
3286.625,89.747,2.531,26.447,3.59,72.047,46.90470268
3286.75,89.693,2.528,25.918,3.705,69.988,46.8602864
3286.875,89.486,2.527,25.678,3.777,67.95,46.67837725
3287,88.821,2.528,25.621,3.923,66.182,46.07534433
3287.125,87.946,2.529,25.618,4.038,65.964,45.25608402
3287.25,87.325,2.532,25.709,4.08,66.299,44.65816253
3287.375,86.776,2.534,25.848,4.146,66.478,44.11742186
3287.5,86.358,2.535,25.935,4.203,65.945,43.69849137
3287.625,86.476,2.535,26.015,4.228,64.763,43.82242052
3287.75,86.763,2.534,26.136,4.274,63.719,44.11592492
3287.875,86.987,2.535,26.268,4.298,62.593,44.34351623
3288,87.084,2.536,26.341,4.347,61.043,44.44362124
3288.125,87.131,2.537,26.375,4.368,60.023,44.49396832
3288.25,87.315,2.537,26.338,4.359,60.016,44.67902951
3288.375,87.652,2.537,26.235,4.311,60.446,45.01132406
3288.5,88.097,2.536,26.157,4.239,60.935,45.44214924
3288.625,88.061,2.536,26.107,4.197,60.696,45.41170364
3288.75,87.704,2.535,26.099,4.114,60.141,45.07309112
3288.875,87.308,2.534,26.118,4.055,59.628,44.69133621
3289,87.079,2.533,26.074,4.042,59.908,44.46939477
3289.125,87.391,2.532,25.955,4.037,61.332,44.78032615
3289.25,87.904,2.53,25.8,4.041,62.599,45.28081365
3289.375,88.622,2.53,25.954,4.044,63.726,45.96293617
3289.5,90.726,2.531,26.366,4.053,64.751,47.84763281
3289.625,94.536,2.533,26.933,4.061,65.305,50.89398226
3289.75,98.054,2.535,27.697,4.093,65.481,53.34975573
3289.875,101.427,2.536,28.033,4.168,65.589,55.43190144
3290,104.029,2.538,27.895,4.234,65.395,56.88101922
3290.125,103.542,2.538,27.555,4.435,64.37,56.62364451
3290.25,101.901,2.538,26.916,4.712,63.212,55.71560553
3290.375,100.046,2.535,26.41,4.864,61.999,54.62487936
3290.5,97.143,2.531,26.267,5.161,60.471,52.76630492
3290.625,93.439,2.528,26.239,5.416,59.335,50.0918936
3290.75,90.434,2.526,26.124,5.524,58.614,47.63336469
3290.875,87.677,2.529,25.647,5.713,57.859,45.1120508
3291,85.345,2.534,25.048,5.806,56.884,42.7523914
3291.125,85.682,2.539,24.337,6.018,56.371,43.11180058
3291.25,88.145,2.544,23.347,6.275,56.548,45.57170825
3291.375,92.474,2.548,22.674,6.408,57.083,49.35395124
3291.5,101.829,2.549,22.521,6.626,58.005,55.71012017
3291.625,111.476,2.551,22.591,6.721,58.65,60.43586333
3291.75,115.692,2.55,22.941,6.713,58.646,62.08743048
3291.875,116.933,2.549,23.224,6.584,58.19,62.5369167
3292,113.298,2.548,23.209,6.323,56.926,61.18480992
3292.125,106.539,2.549,23.06,6.163,56.04,58.22010428
3292.25,101.529,2.553,22.901,5.836,56.469,55.55892346
3292.375,97.097,2.557,23.148,5.552,57.876,52.78983581
3292.5,94.032,2.557,23.699,5.443,61.579,50.60104719
3292.625,96.362,2.556,24.505,5.297,66.075,52.29352872
3292.75,101.073,2.55,25.924,5.254,68.719,55.30742702
3292.875,106.668,2.543,27.153,5.181,70.571,58.30404993
3293,112.737,2.538,27.606,5.062,71.39,60.98937759
3293.125,113.781,2.534,27.73,4.973,70.316,61.40459214
3293.25,111.216,2.529,27.482,4.752,68.608,60.37193154
3293.375,107.461,2.526,27.074,4.517,66.602,58.69887845
3293.5,103.173,2.524,26.782,4.397,64.343,56.51895273
3293.625,102.635,2.524,26.481,4.142,63.815,56.22573283
3293.75,105.105,2.525,26.033,3.88,64.836,57.54838901
3293.875,109.106,2.53,25.629,3.764,66.589,59.47212566
3294,115.018,2.536,25.449,3.586,69.407,61.89962802
3294.125,117.867,2.543,25.397,3.519,71.747,62.92298995
3294.25,117.092,2.551,25.679,3.411,73.148,62.65751798
3294.375,114.776,2.554,26.396,3.323,74.686,61.81914598
3294.5,109.905,2.55,27.152,3.279,76.676,59.84401679
3294.625,104.977,2.543,28.002,3.172,77.166,57.50738296
3294.75,102.327,2.532,29.025,3.06,76,56.08543585
3294.875,100.339,2.521,29.422,3.02,74.091,54.93172339
3295,98.502,2.515,29.236,3.002,72.095,53.79225504
3295.125,97.662,2.509,28.862,3.048,72.677,53.24790626
3295.25,97.467,2.498,28.292,3.076,74.759,53.12196387
3295.375,97.11,2.488,27.892,3.113,77.363,52.88601825
3295.5,96.034,2.483,27.736,3.111,80.176,52.14859855
3295.625,94.793,2.48,27.648,3.098,80.751,51.26067731
3295.75,94.095,2.478,27.756,3.072,79.888,50.74469172
3295.875,93.557,2.479,28.209,3.068,78.846,50.33854594
3296,93.081,2.481,28.69,3.098,78.014,49.9727094
3296.125,92.845,2.486,29.145,3.188,77.656,49.7907445
3296.25,92.799,2.496,29.414,3.26,77.197,49.7580792
3296.375,92.853,2.505,29.205,3.469,76.466,49.80450142
3296.5,93.187,2.51,28.923,3.74,75.802,50.07042008
3296.625,93.659,2.513,28.706,3.876,76.887,50.43909668
3296.75,93.875,2.516,28.601,4.105,78.769,50.60767625
3296.875,93.84,2.52,28.546,4.229,80.568,50.58474947
3297,93.105,2.522,28.376,4.238,80.663,50.0212046
3297.125,91.768,2.525,28.066,4.158,77.163,48.95194976
3297.25,90.763,2.532,27.51,4.09,73.248,48.11242287
3297.375,89.995,2.541,27.135,3.972,69.342,47.44941885
3297.5,89.758,2.549,27.111,3.925,65.559,47.24339547
3297.625,90.319,2.555,27.241,3.922,64.949,47.74066947
3297.75,90.851,2.558,27.523,3.906,66.578,48.20260124
3297.875,91.176,2.553,27.657,3.805,69.219,48.48165619
3298,91.039,2.545,27.596,3.711,74.022,48.36978181
3298.125,90.599,2.538,27.495,3.456,78.433,47.99804146
3298.25,90.505,2.532,27.504,3.185,80.396,47.92075802
3298.375,90.772,2.532,27.793,3.07,81.425,48.15395943
3298.5,91.75,2.534,28.143,2.907,81.794,48.97826848
3298.625,92.941,2.537,28.545,2.837,82.057,49.94080113
3298.75,93.666,2.536,29.198,2.83,82.615,50.5074063
3298.875,94.28,2.528,29.953,2.85,83.36,50.97601938
3299,94.986,2.519,30.546,2.868,84.052,51.50133805
3299.125,95.344,2.508,31.102,2.906,83.732,51.76437196
3299.25,95.256,2.494,31.421,2.942,83.033,51.70460999
3299.375,94.944,2.488,31.011,2.959,82.289,51.48172432
3299.5,94.237,2.489,30.447,2.998,81.111,50.96226717
3299.625,93.431,2.493,29.93,3.061,79.717,50.35257781
3299.75,92.901,2.501,29.439,3.109,78.698,49.94275339
3299.875,92.478,2.509,29.024,3.237,77.774,49.61045978
3300,92.269,2.513,28.646,3.377,77.062,49.44617546
3300.125,92.497,2.516,28.208,3.437,76.978,49.63311896
3300.25,92.47,2.519,27.657,3.525,76.227,49.61523119
3300.375,91.705,2.519,27.311,3.583,75.032,48.99730062
3300.5,88.75,2.519,27.132,3.609,74.348,46.42033773
3300.625,85.25,2.519,26.879,3.67,74.133,42.9506796
3301.125,86.106,2.529,24.282,3.884,81.069,43.8615361
3301.25,86.84,2.535,23.247,3.969,83.701,44.60864923
3301.375,87.167,2.537,22.092,4.037,85.413,44.93658467
3301.5,86.579,2.539,21.97,4.053,85.827,44.35459889
3303.25,86.71,2.535,25.96,3.274,80.86,44.5402619
3303.375,88.408,2.531,26.729,3.198,81.747,46.18965627
3303.5,89.509,2.526,27.397,3.127,82.268,47.20267772
3303.625,89.015,2.527,27.974,3.098,82.845,46.75906397
3303.75,88.096,2.53,28.045,3.069,83.524,45.90705481
3303.875,87.423,2.536,27.749,3.072,83.213,45.2640655
3304,87.683,2.544,27.232,3.101,82.314,45.51983786
3304.125,88.74,2.551,26.246,3.127,81.322,46.52143788
3304.25,89.292,2.553,25.325,3.131,80.593,47.02996736
3304.375,89.143,2.553,24.857,3.137,81.081,46.89860203
3304.5,87.188,2.552,24.475,3.187,81.869,45.05329007
3307,94.633,2.537,21.627,5.212,71.055,51.47812338
3307.125,96.758,2.53,22.474,4.864,72.113,52.98972303
3307.25,96.366,2.523,22.838,4.769,71.972,52.72393685
3307.375,95.172,2.517,23.029,4.782,70.246,51.88282584
3307.5,93.632,2.513,23.225,4.9,68.691,50.74065355
3307.625,92.925,2.515,23.443,5.159,67.159,50.19588629
3307.75,92.48,2.52,23.548,5.34,65.172,49.84683605
3307.875,91.614,2.527,23.574,5.772,63.385,49.14677434
3308,89.594,2.535,23.598,6.297,62.185,47.41511851
3308.125,87.597,2.538,23.665,6.627,61.035,45.56326522
3308.25,87,2.536,23.818,7.491,59.306,44.98316238
3308.375,87.118,2.532,24.025,8.018,57.53,45.10353628
3308.5,87.825,2.528,24.302,9.151,56.257,45.79410886
3308.625,88.26,2.526,24.644,10.213,54.875,46.21092889
3308.75,88.348,2.525,24.624,10.666,52.523,46.29742822
3308.875,88.575,2.525,24.273,11.377,49.893,46.51319473
3309.5,86.442,2.529,22.053,12.758,49.742,44.46315926
3309.625,84.896,2.529,22.304,13.113,51.687,42.85190667
3309.75,84.767,2.528,22.508,13.294,53.854,42.71635931
3309.875,85.256,2.528,22.539,13.321,54.76,43.2449611
3310,86.291,2.527,22.512,13.226,54.56,44.32531209
3310.125,86.981,2.526,22.463,13.063,53.944,45.0220666
3310.25,87.003,2.526,22.45,12.452,52.733,45.04769065
3310.375,86.669,2.527,22.435,11.523,51.698,44.71886261
3310.5,85.833,2.533,22.386,10.935,51.566,43.87007471
3310.625,85.193,2.541,22.277,9.481,52.142,43.20131293
3310.75,85.093,2.546,22.192,7.885,54.762,43.09850578
3310.875,85.271,2.55,22.2,7.152,59.109,43.29202043
3311,86.086,2.55,22.314,5.869,62.705,44.14665462
3311.125,87.383,2.547,22.819,4.782,66.211,45.44766799
3311.25,88.476,2.545,23.734,4.313,70.141,46.49343555
3311.375,89.649,2.544,24.608,3.542,72.25,47.56642579
3311.5,91.535,2.544,25.589,2.987,72.871,49.19006102
3311.625,93.585,2.544,26.945,2.779,73.535,50.82695359
3311.75,95.061,2.54,27.916,2.485,75.828,51.93117753
3311.875,96.482,2.535,28.289,2.387,79.653,52.93929128
3312,97.825,2.525,28.556,2.247,82.357,53.84577806
3312.125,97.811,2.518,28.957,2.131,84.179,53.84022275
3312.25,96.919,2.518,29.397,2.082,84.426,53.24882676
3312.375,95.708,2.522,29.625,2.018,82.802,52.41333745
3312.5,94.221,2.533,29.731,2.018,81.408,51.33443968
3312.625,93.691,2.542,29.724,2.042,80.367,50.93765878
3312.75,94.083,2.545,29.754,2.131,79.638,51.23831749
3312.875,94.851,2.543,29.889,2.251,79.218,51.81139984
3313,96.03,2.538,30.096,2.308,78.642,52.65839549
3313.125,96.569,2.534,30.436,2.395,77.798,53.03565115
3313.25,96.386,2.534,30.746,2.43,76.368,52.91328632
3313.375,95.991,2.537,30.914,2.509,75.069,52.64206897
3313.5,95.653,2.545,31.04,2.617,74.586,52.40736661
3313.625,95.904,2.551,31.059,2.678,74.6,52.58832435
3313.75,96.362,2.552,30.847,2.803,75.404,52.91132683
3313.875,96.799,2.551,30.562,2.912,76.201,53.21475886
3314,97.022,2.546,30.196,2.954,76.099,53.36956252
3314.125,96.783,2.541,29.527,3.016,75.335,53.2111674
3314.25,96.46,2.54,28.804,3.059,73.167,52.99359195
3314.375,96.066,2.54,28.366,3.081,70.888,52.72386524
3314.5,95.423,2.541,28.029,3.132,69.941,52.27286191
3314.625,94.849,2.543,27.716,3.186,69.653,51.86151339
3314.75,94.59,2.543,27.439,3.205,70.172,51.67504168
3314.875,94.503,2.542,27.124,3.213,71.218,51.61444762
3315,94.867,2.538,26.656,3.199,72.108,51.88571319
3315.125,95.67,2.532,25.837,3.141,73.08,52.46712946
3315.25,96.308,2.528,25.262,3.064,74.683,52.91785418
3315.375,96.874,2.525,25.286,3.026,76.225,53.3095203
3315.5,97.449,2.523,25.706,2.959,76.721,53.69929589
3315.625,97.591,2.524,26.889,2.905,76.603,53.79706634
3315.75,97.313,2.527,28.021,2.881,75.605,53.61597277
3315.875,96.83,2.529,28.327,2.841,74.536,53.29424097
3316,96.033,2.533,28.26,2.827,74.101,52.74841303
3316.125,95.486,2.535,28.061,2.83,73.961,52.36563123
3316.25,95.409,2.535,28.509,2.847,73.84,52.31428282
3316.375,95.486,2.534,29.433,2.856,73.173,52.37297738
3316.5,95.628,2.532,30.619,2.876,72.353,52.4777074
3316.625,95.58,2.53,31.991,2.904,71.587,52.44727758
3316.75,95.474,2.528,32.278,2.921,71.127,52.37543305
3316.875,95.473,2.527,31.805,2.963,71.366,52.37839264
3317,95.795,2.527,31.158,3.026,71.693,52.610557
3317.125,96.292,2.529,30.284,3.064,71.912,52.96165568
3317.25,96.515,2.532,29.558,3.132,71.751,53.1191705
3317.375,96.503,2.536,29.1,3.167,71.068,53.11457863
3317.5,95.903,2.54,28.655,3.171,70.229,52.70125711
3317.625,94.834,2.541,28.172,3.164,69.155,51.93898157
3317.75,94.165,2.54,28.007,3.15,67.693,51.44775694
3317.875,93.979,2.541,28.113,3.145,67.005,51.31166261
3318,95.211,2.542,28.332,3.141,67.322,52.22357628
3318.125,97.743,2.545,28.743,3.138,68.205,53.96999758
3318.25,99.433,2.546,29.048,3.116,69.949,55.05166607
3318.375,100.317,2.547,29.063,3.081,71.503,55.59405419
3318.5,99.788,2.546,28.895,3.068,72.225,55.27725126
3318.625,98.542,2.543,28.418,3.064,72.67,54.50224042
3318.75,98.024,2.541,27.946,3.086,73.005,54.17192467
3318.875,97.841,2.538,27.761,3.104,73.203,54.05610159
3319,97.302,2.535,27.7,3.153,73.192,53.70332646
3319.125,95.922,2.533,27.805,3.214,72.892,52.76225729
3319.25,94.643,2.534,28.128,3.247,72.008,51.84687984
3319.375,93.614,2.534,28.533,3.317,71.551,51.07899934
3319.5,93.264,2.533,29.025,3.355,71.969,50.81345314
3319.625,93.957,2.527,29.555,3.429,72.909,51.34688083
3319.75,94.638,2.522,29.492,3.455,74.601,51.85795667
3319.875,95.186,2.516,29.017,3.427,75.56,52.2607372
3320,95.518,2.512,28.385,3.289,75.372,52.50230998
3320.125,95.433,2.512,27.576,3.093,74.746,52.44535388
3320.25,95.251,2.514,27.124,2.995,73.556,52.31857624
3320.375,95.091,2.515,27.043,2.824,72.835,52.20685089
3320.5,94.649,2.516,27.117,2.697,73.082,51.88817983
3320.625,93.672,2.514,27.697,2.65,73.984,51.16034766
3320.75,92.905,2.512,28.859,2.58,76.094,50.57079096
3320.875,92.54,2.509,29.903,2.536,78.161,50.28612928
3321,93.468,2.502,30.913,2.526,79.141,51.0153467
3321.125,95.694,2.494,31.965,2.539,79.658,52.6602845
3321.25,97.44,2.488,32.579,2.561,79.328,53.86076521
3321.375,98.82,2.484,32.866,2.626,78.158,54.75854892
3321.5,99.537,2.485,33.069,2.708,77.146,55.20971573
3321.625,99.061,2.492,32.814,2.757,76.23,54.91747935
3321.75,98.28,2.499,31.759,2.882,75.409,54.42477766
3321.875,97.352,2.507,30.669,3.062,75.132,53.82044652
3322,96.119,2.516,29.533,3.18,75.123,52.98427515
3322.125,95.374,2.523,28.044,3.483,75.009,52.46197332
3322.25,95.232,2.527,26.812,3.863,74.081,52.36376245
3322.375,94.962,2.53,26.12,4.06,71.97,52.17224364
3322.5,94.076,2.532,25.533,4.4,69.694,51.52155762
3322.625,93.03,2.533,24.943,4.576,66.996,50.72443573
3322.75,91.712,2.534,24.568,4.584,63.225,49.67314079
3322.875,89.568,2.534,24.293,4.461,60.779,47.84282612
3323,87.831,2.535,23.874,4.358,60.589,46.244024
3323.125,87.329,2.537,23.012,4.131,61.656,45.76376777
3323.25,87.474,2.539,22.272,3.906,65.253,45.90843207
3323.375,88.846,2.54,22.148,3.796,69.67,47.20521204
3323.5,90.83,2.54,22.443,3.581,72.39,48.95953375
3323.625,92.082,2.54,23.72,3.381,74.538,50.00082513
3323.75,92.983,2.539,25.542,3.287,76.235,50.72119445
3323.875,93.438,2.538,26.746,3.114,76.234,51.07765475
3324,93.048,2.536,27.619,2.971,75.19,50.77939578
3324.125,92.36,2.537,27.914,2.916,73.72,50.23948815
3324.25,91.55,2.54,27.288,2.846,72.013,49.58476885
3324.375,90.671,2.544,26.511,2.835,72.015,48.85053569
3324.5,90.525,2.549,25.694,2.861,73.26,48.7292923
3324.625,90.896,2.551,24.827,2.934,74.909,49.04934588
3324.75,91.396,2.549,24.689,2.977,76.957,49.47227345
3324.875,91.898,2.547,25.227,3.05,77.663,49.88885993
3325,91.985,2.543,26.206,3.102,77.054,49.96334712
3325.125,91.925,2.541,28.041,3.133,75.81,49.91832434
3325.25,91.951,2.541,29.467,3.245,73.154,49.94321003
3325.375,92.153,2.542,29.725,3.464,70.059,50.11050882
3325.5,92.194,2.543,29.438,3.617,67.815,50.14728956
3325.625,92.001,2.542,28.479,3.988,65.591,49.99503351
3325.75,91.76,2.54,27.509,4.419,63.205,49.80237491
3325.875,91.607,2.537,26.997,4.655,62.559,49.68049857
3326,91.7,2.531,26.593,5.181,63.421,49.76069066
3326.125,91.71,2.527,26.164,5.469,64.76,49.77264055
3326.25,91.435,2.528,25.902,6.045,66.118,49.54965301
3326.375,90.242,2.531,25.826,6.479,66.116,48.54160923
3326.5,88.482,2.54,25.796,6.594,65.482,46.96440956
3326.625,87.332,2.551,25.726,6.646,64.848,45.87429188
3326.75,86.535,2.559,25.526,6.601,64.453,45.08992327
3326.875,86.477,2.565,25.34,6.574,64.662,45.03543205
3327,87.868,2.569,25.214,6.472,65.142,46.40188811
3327.125,89.682,2.565,25.337,6.257,65.8,48.0730521
3327.25,91.744,2.557,25.794,6.119,67.175,49.83422012
3327.375,94.114,2.548,26.214,5.829,68.771,51.69434358
3327.5,94.956,2.536,26.594,5.686,69.633,52.31892928
3327.625,94.488,2.531,26.931,5.401,70.017,51.97991284
3327.75,93.565,2.533,27.123,5.125,69.453,51.29004759
3327.875,92.062,2.537,27.296,4.996,68.349,50.11176818
3328,90.842,2.544,27.518,4.739,67.938,49.10522592
3328.125,90.119,2.547,27.609,4.44,68.067,48.48753297
3328.25,89.387,2.547,27.106,4.267,68.92,47.84410287
3328.375,88.522,2.546,26.388,3.907,69.904,47.05880042
3328.5,88.245,2.544,25.621,3.589,70.543,46.80418277
3328.625,88.69,2.543,25.009,3.458,71.306,47.22179342
3328.75,89.844,2.543,25.243,3.244,73.045,48.26547463
3328.875,92.664,2.544,25.829,3.066,75.123,50.62307656
3329,95.573,2.545,26.479,2.983,76.444,52.80589655
3329.125,96.8,2.544,27.192,2.834,77.568,53.66090992
3329.25,97.195,2.543,27.621,2.773,78.657,53.93065991
3329.375,96.574,2.541,27.883,2.692,78.935,53.51425406
3329.5,95.555,2.539,28.243,2.679,78.427,52.80781798
3329.625,94.999,2.538,28.869,2.698,77.468,52.41274788
3329.75,94.576,2.538,29.212,2.789,75.55,52.10756267
3329.875,93.862,2.538,29.072,2.968,73.252,51.57880725
3330,93.062,2.54,28.697,3.099,71.343,50.9688576
3330.125,92.548,2.543,27.944,3.443,69.162,50.5684701
3330.25,92.133,2.545,27.225,3.872,66.209,50.24015655
3330.375,91.918,2.547,26.852,4.106,64.636,50.06980867
3330.5,92.171,2.545,26.594,4.583,64.671,50.27825403
3330.625,92.57,2.538,26.511,4.814,65.109,50.60084724
3330.75,93.01,2.531,26.744,5.229,65.51,50.95065699
3330.875,93.366,2.524,26.993,5.548,65.041,51.23021676
3331,93.208,2.518,27.124,5.67,64.262,51.11196677
3331.125,92.806,2.518,26.782,5.846,63.607,50.80209196
3331.25,92.279,2.521,25.952,5.922,63.407,50.38745397
3331.375,91.315,2.526,25.296,5.911,63.59,49.60391541
3331.5,90.143,2.533,24.743,5.784,63.637,48.61049824
3331.625,89.264,2.541,24.245,5.57,63.678,47.83609999
3331.75,88.403,2.545,24.003,5.465,64.211,47.05122784
3331.875,87.48,2.549,23.944,5.332,65.157,46.17919885
3332,87.266,2.553,23.939,5.34,65.745,45.97532919
3332.125,87.819,2.553,23.971,5.39,66.056,46.5122927
3332.25,88.846,2.55,23.949,5.554,65.88,47.47559036
3332.375,90.635,2.546,23.855,5.665,65.608,49.0609935
3332.5,91.821,2.54,23.717,5.96,65.797,50.05446578
3332.625,91.796,2.535,23.56,6.367,66.128,50.03780967
3332.75,91.137,2.533,23.587,6.622,65.873,49.49669946
3332.875,89.485,2.533,23.708,7.298,64.354,48.07221912
3333,87.951,2.538,23.793,8.314,62.764,46.66462523
3333.125,87.439,2.546,23.675,8.966,61.123,46.17796066
3333.25,87.457,2.551,23.386,10.476,59.232,46.19921701
3333.375,88.942,2.554,23.217,12.03,58.145,47.59756554
3333.5,92.173,2.549,23.11,12.752,57.707,50.36957838
3333.625,95.149,2.539,22.826,14.012,57.051,52.63894249
3333.75,98.06,2.535,22.051,14.529,54.757,54.6311114
3333.875,100.338,2.536,21.112,15.291,51.143,56.05259365
3334,99.812,2.548,20.019,15.725,48.451,55.73883649
3334.375,96.288,2.575,18.143,15.778,48.586,53.46407504
3334.5,95.768,2.564,18.482,15.337,51.296,53.10527172
3334.625,95.259,2.547,19.246,13.726,53.749,52.74741988
3334.75,94.583,2.537,20.046,11.597,55.929,52.26039668
3334.875,93.52,2.53,20.521,10.59,56.911,51.4671872
3335,92.658,2.526,20.96,8.997,57.299,50.80102741
3335.125,92.202,2.528,21.623,7.998,57.806,50.44149431
3335.25,92.192,2.531,22.312,7.674,58.946,50.43719578
3335.375,94.768,2.534,22.773,7.228,60.604,52.41435145
3335.5,99.995,2.537,23.245,7.041,62.214,55.89314299
3335.625,103.845,2.538,24.086,6.618,64.175,58.07701461
3335.75,106.8,2.536,25.128,6.119,67.032,59.57163144
3335.875,109.637,2.533,25.896,5.879,68.894,60.87689679
3336,112.163,2.529,26.581,5.482,69.292,61.94412438
3336.125,114.005,2.529,27.125,5.2,69.21,62.67196055
3336.25,115.573,2.532,27.064,5.094,68.807,63.26051511
3336.375,116.028,2.537,26.713,4.934,68.712,63.42856763
3336.5,114.135,2.543,26.286,4.811,69.067,62.73184634
3336.625,111.747,2.547,25.844,4.749,69.727,61.79199018
3336.75,108.97,2.548,25.856,4.6,71.039,60.60587901
3336.875,104.276,2.547,26.205,4.417,72.09,58.33918769
3337,97.183,2.548,26.708,4.322,72.141,54.14874212
3337.125,97.52,2.55,27.37,4.162,71.645,54.37618704
3337.25,98.099,2.552,27.621,4.106,70.636,54.7580669
3337.375,97.952,2.552,27.464,4.051,70.265,54.66641324
3337.5,97.101,2.551,27.116,4.07,70.636,54.10846982
3337.625,94.812,2.549,26.375,4.107,71.089,52.5128363
3337.75,92.923,2.55,25.586,4.233,71.014,51.09121033
3337.875,92.811,2.551,25.133,4.437,70.082,51.00722261
3338,93.755,2.556,24.807,4.577,69.259,51.73879198
3338.125,96.401,2.56,24.642,4.952,68.581,53.65175938
3338.25,98.545,2.561,24.792,5.426,67.895,55.0731423
3338.375,98.988,2.561,25.045,5.671,67.1,55.35640095
3338.5,99.017,2.557,25.345,6.122,66.253,55.37817227
3338.625,99.464,2.552,25.699,6.323,65.288,55.65924593
3338.75,100.908,2.55,25.795,6.662,64.471,56.52998306
3338.875,102.7,2.548,25.681,6.882,64.99,57.55103641
3339,105.295,2.546,25.535,6.942,66.161,58.92230878
3339.125,110.435,2.545,25.553,6.971,67.611,61.3124214
3339.25,114.765,2.545,26.02,6.853,69.249,63.04476142
3339.375,115.34,2.545,26.662,6.727,69.828,63.26088816
3339.5,113.453,2.544,27.463,6.373,69.974,62.55208087
3339.625,107.052,2.542,28.596,5.998,70.629,59.80095089
3339.75,100.115,2.539,29.367,5.837,73.715,56.08801819
3339.875,96.878,2.538,29.626,5.593,78.701,54.02785278
3340.625,102.833,2.546,25.06,5.093,79.252,57.67396929
3340.75,109.898,2.545,23.468,5.077,75.388,61.1263849
3340.875,114.502,2.545,22.999,5.07,73.008,62.99082015
3341,117.639,2.545,23.017,5.082,72.385,64.11958551
3341.125,116.451,2.548,23.856,5.083,72.157,63.70928815
3341.25,108.951,2.552,25.151,5.056,72.351,60.7229105
3341.375,101.422,2.556,25.965,4.99,73.345,56.90351167
3341.5,94.14,2.561,26.467,4.949,74.695,52.13197833
3341.625,86.776,2.566,26.328,4.853,76.466,45.7901049
3343.25,86.837,2.545,23.733,5.574,70.83,45.90072374
3343.375,87.874,2.54,24.049,5.864,67.079,46.90962127
3343.5,88.275,2.534,24.353,6.015,65.117,47.29106518
3343.625,88.089,2.531,24.62,6.392,63.873,47.12049135
3343.75,87.48,2.532,24.495,6.954,62.751,46.54420306
3343.875,86.779,2.536,24.009,7.303,60.984,45.8625669
3344.5,88.57,2.579,19.864,11.307,50.281,47.59559084
3344.625,93.464,2.573,20.549,11.785,51.809,51.71403817
3344.75,96.497,2.56,21.52,12.662,54.634,53.91158306
3344.875,96.513,2.542,22.096,13.072,56.394,53.92618166
3345,95.116,2.512,22.477,13.826,56.248,52.95038251
3345.125,91.666,2.488,22.591,14.507,55.172,50.30636946
3345.25,88.433,2.48,22.299,14.852,52.612,47.49170096
3345.375,86.863,2.482,21.897,15.545,50.207,45.99203316
3345.5,86.589,2.497,21.399,15.903,49.093,45.72366812
3346.125,89.505,2.55,19.383,10.722,51.566,48.49241145
3346.25,93.799,2.546,19.904,9.653,52.98,52.01684534
3346.375,96.394,2.54,20.487,9.319,53.892,53.88862438
3346.5,98.157,2.531,21.179,8.879,54.752,55.0643265
3346.625,98.976,2.523,22.293,8.705,56.296,55.58777441
3346.75,98.909,2.519,23.361,8.337,59.782,55.54943594
3346.875,99.236,2.515,23.965,7.853,63.536,55.7568979
3347,100.387,2.513,24.446,7.573,65.51,56.45962536
3347.125,103.237,2.514,24.954,7.042,66.701,58.07879521
3347.25,105.935,2.516,25.4,6.672,67.114,59.47428421
3347.375,106.92,2.519,25.755,6.564,66.88,59.95567219
3347.5,107.076,2.524,26.14,6.478,66.773,60.03345703
3347.625,106.225,2.528,26.424,6.526,66.828,59.62715132
3347.75,105.15,2.532,26.048,6.582,67.106,59.09628519
3347.875,104.74,2.537,25.37,6.716,67.359,58.89093175
3348,104.637,2.543,24.602,6.851,67.239,58.84154441
3348.125,104.623,2.548,23.788,6.931,66.791,58.8378767
3348.25,104.08,2.551,23.48,7.179,65.692,58.55924186
3348.375,102.937,2.554,23.441,7.363,64.146,57.95169154
3348.5,101.068,2.561,23.295,7.82,62.574,56.90328757
3348.625,97.975,2.568,22.656,8.326,60.451,55.00855409
3348.75,95.949,2.572,21.812,8.601,56.65,53.65052176
3348.875,95.696,2.576,21.396,9.258,53.104,53.47702298
3349,95.987,2.577,21.249,10.069,51.612,53.68433152
3349.125,96.428,2.573,21.616,10.516,51.221,53.99250598
3349.25,96.461,2.564,22.491,11.457,52.575,54.01875809
3349.375,96.602,2.552,23.339,12.363,54.713,54.11863351
3349.5,97.166,2.527,24.332,12.717,55.858,54.50226736
3349.625,98.55,2.499,25.929,13.056,56.569,55.40633268
3349.75,99.242,2.482,27.298,13.05,57.046,55.84379111
3349.875,98.494,2.468,27.738,12.854,57.187,55.37801307
3350,96.767,2.458,27.622,12.602,57.061,54.24888471
3350.125,92.992,2.463,26.354,12.47,56.667,51.51375358
3350.25,89.109,2.477,24.372,12.158,55.609,48.26300834
3350.375,87.183,2.497,22.94,11.778,54.674,46.46024417
3350.5,86.178,2.532,21.674,11.578,54.574,45.46469382
3350.625,86.906,2.558,20.458,11.241,55.04,46.19653057
3350.75,89.695,2.566,20.112,11.112,56.53,48.80115358
3350.875,92.44,2.563,20.488,11.151,58.078,51.10245867
3351,95.43,2.543,21.273,11.405,58.739,53.35153102
3351.125,99.141,2.514,22.953,11.752,58.995,55.82093168
3351.25,100.712,2.494,24.616,11.897,58.763,56.77419201
3351.375,99.77,2.479,25.301,12.024,58.127,56.21466521
3351.5,97.496,2.472,25.437,11.989,57.541,54.77934932
3351.625,93.02,2.482,24.589,11.76,56.958,51.58021168
3351.75,89.257,2.495,23.147,11.39,56.39,48.44186727
3351.875,88.001,2.509,22.178,11.174,56.661,47.29042974
3352,87.701,2.524,21.416,10.764,57.589,47.00972361
3352.125,88.13,2.532,20.835,10.448,58.795,47.41940312
3352.25,88.657,2.534,20.806,10.301,60.119,47.912401
3352.375,88.825,2.534,21.052,9.9,60.009,48.07002432
3352.5,88.832,2.534,21.353,9.273,58.777,48.08022427
3352.625,88.559,2.536,21.6,8.875,56.973,47.83366574
3352.75,88.099,2.538,21.477,7.943,54.451,47.40946059
3352.875,87.859,2.54,21.178,7.457,53.49,47.18685745
3353,87.852,2.542,20.821,6.606,54.273,47.18405701
3353.125,88.562,2.542,20.456,6.044,55.897,47.85171076
3353.25,89.906,2.541,20.492,5.879,59.024,49.06231367
3353.375,90.897,2.539,20.852,5.743,61.849,49.91626948
3353.5,91.656,2.537,21.457,5.802,63.265,50.54955098
3353.625,92.057,2.536,22.689,5.864,64.345,50.87858106
3353.75,91.88,2.538,23.928,5.974,65.152,50.73936516
3353.875,91.604,2.541,24.495,6.086,64.815,50.51826463
3354,91.319,2.544,24.706,6.189,63.545,50.28734173
3354.125,90.938,2.545,24.276,6.554,61.478,49.97335133
3354.25,90.61,2.543,23.321,7.103,57.595,49.69982082
3354.375,90.457,2.539,22.583,7.406,54.216,49.57304346
3354.5,90.405,2.532,21.938,7.963,53.17,49.53227564
3354.625,90.631,2.527,21.325,8.167,53.357,49.72900236
3354.75,91.461,2.526,21.137,8.336,55.913,50.42712841
3354.875,92.418,2.527,21.291,8.202,59.539,51.20457223
3355,93.328,2.53,21.597,8.059,61.507,51.91841808
3355.125,93.551,2.535,22.134,7.703,62.501,52.09247426
3355.25,92.082,2.538,22.535,7.388,61.759,50.94736868
3355.375,90.248,2.541,22.644,7.308,59.353,49.42371349
3355.5,88.48,2.548,22.63,7.422,57.253,47.84861199
3355.625,87.324,2.557,22.368,7.994,55.282,46.75891578
3355.75,87.73,2.563,21.885,8.457,53.306,47.15256264
3355.875,88.499,2.568,21.487,9.661,52.644,47.87763459
3356,89.249,2.568,21.152,10.344,53.041,48.56403385
3356.125,90.075,2.557,21.05,11.682,53.667,49.29670134
3356.25,90.186,2.545,21.436,12.69,53.962,49.39665616
3356.375,89.501,2.531,21.885,12.97,52.947,48.80029957
3356.5,88.288,2.516,22.26,13.035,51.493,47.70106174
3356.625,86.273,2.511,22.279,12.726,49.908,45.75080073
3356.875,86.34,2.52,21.066,12.343,48.699,45.82610307
3357,87.948,2.528,20.48,12.09,50.025,47.39761822
3357.125,90.509,2.533,19.875,11.902,51.776,49.70059418
3357.25,91.861,2.534,19.567,11.441,53.98,50.82892548
3357.375,91.688,2.534,19.528,10.97,54.907,50.69201082
3357.5,90.939,2.536,19.574,10.769,54.777,50.07592338
3357.625,89.514,2.539,19.736,10.558,54.555,48.84982854
3357.75,88.528,2.543,19.968,10.588,55.043,47.96172487
3357.875,88.3,2.546,20.172,10.869,56.266,47.75432812
3358,88.34,2.549,20.405,11.202,56.843,47.79534792
3358.125,88.546,2.547,20.742,11.335,56.65,47.98978276
3358.25,88.573,2.544,20.968,11.631,55.063,48.0184711
3358.375,88.767,2.54,20.985,12.037,53.404,48.20018486
3358.5,89.238,2.536,20.885,12.228,52.947,48.63027118
3358.625,90.043,2.535,20.552,12.421,53.049,49.34464654
3358.75,90.172,2.537,20.123,12.308,53.348,49.46024114
3358.875,89.451,2.539,19.849,12.136,52.888,48.83187198
3359,88.225,2.542,19.676,11.548,52.103,47.71888866
3359.125,86.356,2.545,19.749,10.7,51.293,45.91194129
3359.375,86.237,2.55,20.326,9.208,50.241,45.79972386
3359.5,87.695,2.554,20.444,8.676,50.619,47.2344407
3359.625,90.484,2.557,20.431,7.608,51.632,49.75480352
3359.75,92.957,2.556,20.52,6.673,53.915,51.77348197
3359.875,94.025,2.554,20.851,6.299,56.237,52.59071017
3360,94.722,2.545,21.423,5.777,57.568,53.10811307
3360.125,95.659,2.535,22.461,5.546,58.851,53.78186395
3360.25,97.067,2.528,23.285,5.517,61.348,54.7502328
3360.375,98.459,2.522,23.581,5.56,64.353,55.66063332
3360.5,100.058,2.514,23.803,5.644,65.973,56.65196273
3360.625,102.679,2.506,24.528,5.69,66.819,58.16000959
3360.75,105.238,2.499,26.027,5.844,66.853,59.50819961
3360.875,106.527,2.491,27.468,5.989,66.515,60.14672362
3361,107.141,2.476,28.897,6.487,66.34,60.44335802
3361.125,106.21,2.459,30.076,7.231,66.237,60.00010333
3361.625,94.812,2.461,26.361,8.547,63.527,53.22148871
3361.75,92.528,2.474,25.309,8.322,61.784,51.49718199
3361.875,91.833,2.487,24.772,8.022,60.011,50.94497156
3362,91.76,2.505,24.268,7.888,59.18,50.88947181
3362.125,93.251,2.518,23.638,7.614,58.661,52.07140571
3362.25,96.55,2.523,23.41,7.271,58.112,54.46031933
3362.375,99.473,2.524,23.712,7.08,58.043,56.35126871
3362.5,102.214,2.515,24.389,6.727,58.864,57.95652853
3362.625,104.605,2.498,25.892,6.586,60.544,59.23940724
3362.75,104.755,2.483,27.47,6.397,64.173,59.31982038
3362.875,103.658,2.469,28.314,6.31,67.685,58.75216118
3363,102.12,2.458,28.879,6.279,69.033,57.91838088
3363.125,99.588,2.457,29.112,6.194,69.265,56.44326702
3363.25,97.064,2.463,28.695,6.088,67.757,54.83591336
3363.375,95.722,2.473,27.977,6.046,65.276,53.92168623
3363.5,95.026,2.488,26.992,6.034,63.519,53.43134111
3363.625,95.508,2.503,25.346,6.174,61.977,53.7784868
3363.75,96.772,2.513,23.954,6.304,60.617,54.65461022
3363.875,97.466,2.521,23.411,6.628,60.498,55.12054714
3364,97.861,2.531,23.233,6.786,61.184,55.38219557
3364.125,98.507,2.534,23.628,7.025,62.256,55.80000229
3364.25,100.121,2.53,24.491,7.126,64.283,56.79790036
3364.375,101.995,2.519,25.257,7.123,66.22,57.88773222
3364.5,103.975,2.493,26.093,7.03,67.087,58.96554931
3364.625,105.837,2.464,27.278,6.831,67.483,59.91598405
3365.125,100.567,2.458,27.334,5.541,66.909,57.08805145
3365.25,98.655,2.473,26.865,5.177,66.605,55.92620707
3365.375,97.86,2.489,26.766,4.939,65.791,55.42159545
3365.5,97.38,2.507,26.755,4.866,64.934,55.11131984
3365.625,97.172,2.517,26.68,4.8,64.146,54.97725229
3365.75,97.432,2.519,26.511,4.803,63.704,55.15288506
3365.875,97.904,2.519,26.453,4.89,64.144,55.46466349
3366,98.553,2.514,26.536,5.125,64.812,55.8835769
3366.125,99.649,2.507,27.004,5.305,65.357,56.56714478
3366.25,100.532,2.502,27.669,5.765,64.949,57.09980416
3366.375,100.697,2.497,28.019,6.331,63.011,57.2004652
3366.5,100.354,2.49,28.11,6.654,61.043,57.00166943
3366.625,98.7,2.487,27.52,7.371,59.011,55.99445034
3366.75,96.145,2.487,26.283,8.071,56.915,54.31493168
3366.875,94.196,2.491,25.249,8.337,56.347,52.92543035
3367,92.394,2.506,24.273,8.522,56.821,51.54818771
3367.125,90.468,2.526,23.188,8.41,57.476,49.96789155
3367.25,89.491,2.539,22.501,7.851,58.037,49.12205259
3367.375,89.386,2.549,22.231,7.06,58.196,49.0326056
3367.5,89.533,2.555,22.046,6.645,58.294,49.16684679
3367.625,89.943,2.553,21.943,5.864,58.549,49.53051109
3367.75,90.419,2.551,22.109,5.25,59.274,49.94494796
3367.875,90.796,2.549,22.45,5.029,59.895,50.26863004
3368,91.239,2.55,22.912,4.757,60.221,50.64240689
3368.125,91.901,2.552,23.529,4.652,60.676,51.18749616
3368.25,92.261,2.554,23.801,4.641,61.744,51.47993026
3368.375,92.074,2.554,23.756,4.677,62.805,51.33421473
3368.5,91.501,2.552,23.692,4.76,62.909,50.87332601
3368.625,90.219,2.549,23.84,4.813,62.146,49.79983022
3368.75,89.175,2.548,24.199,4.962,59.28,48.88595239
3368.875,89.037,2.548,24.366,5.075,55.648,48.76563557
3369,89.436,2.549,24.34,5.389,53.911,49.12649411
3369.125,90.764,2.55,24.025,5.753,53.338,50.27939593
3369.25,92.116,2.548,23.767,5.909,54.642,51.39409671
3369.375,92.576,2.545,23.803,6.089,56.956,51.76294437
3369.5,92.547,2.541,23.994,6.049,63.506,51.74385184
3369.625,91.747,2.539,24.312,5.956,66.323,51.10782851
3369.75,90.662,2.54,24.351,5.696,71.563,50.21210007
3369.875,90.074,2.542,24.105,5.42,75.369,49.71248424
3370,89.737,2.545,23.733,5.279,75.904,49.42254929
3370.125,89.692,2.546,23.253,4.959,74.975,49.38683278
3370.25,89.907,2.547,23.095,4.578,71.907,49.57878574
3370.375,90.263,2.548,23.246,4.383,68.334,49.89068103
3370.5,91.066,2.55,23.522,4.046,66.2,50.57401536
3370.625,93.239,2.552,23.912,3.924,64.534,52.31536739
3370.75,95.732,2.552,24.102,3.797,63.475,54.14565255
3370.875,96.916,2.551,24.13,3.814,64.26,54.95992671
3371,97.32,2.549,24.184,3.867,65.978,55.2323084
3371.125,96.455,2.547,24.447,4.04,68.271,54.65578222
3371.25,94.956,2.545,24.85,4.321,72.14,53.60980815
3371.375,94.468,2.543,25.1,4.521,75.777,53.25913846
3371.5,95.157,2.54,25.29,5.109,77.838,53.76129945
3371.625,99,2.533,25.688,6.046,79.493,56.32711785
3371.75,105.205,2.523,26.565,6.678,80.701,59.80267448
3371.875,110.025,2.505,27.561,8.229,80.481,62.04728804
3372,114.259,2.462,28.701,9.036,79.573,63.75429814
3374.75,92.045,2.504,29.691,3.119,77.91,51.50207992
3374.875,90.18,2.53,27.952,3.014,75.471,49.95556796
3375.875,89.722,2.538,23.827,2.392,52.441,49.58786036
3376,93.11,2.511,24.032,2.298,51.781,52.3764165
3376.125,97.273,2.494,24.999,2.243,51.622,55.35097083
3376.25,98.871,2.494,26.387,2.235,52.426,56.38087301
3376.375,98.186,2.5,27.334,2.264,54.373,55.95175119
3376.5,96.972,2.518,28.116,2.349,56.071,55.16197075
3376.625,96.53,2.533,28.886,2.408,57.525,54.86804418
3376.75,99.514,2.536,29.441,2.554,58.418,56.79212298
3376.875,104.187,2.531,29.828,2.638,57.904,59.42769232
3377,110.454,2.511,30.289,2.818,57.053,62.37285053
3378.625,106.335,2.456,28.826,7.393,53.662,60.55389338
3378.75,106.497,2.476,26.953,8.087,53.049,60.63553908
3378.875,106.848,2.499,25.302,8.472,52.261,60.80690289
3379,106.644,2.528,23.774,8.512,51.826,60.71310714
3379.125,104.019,2.547,22.344,8.301,51.632,59.40410082
3379.25,99.419,2.551,21.983,7.898,51.789,56.80642875
3379.375,96.267,2.551,22.377,7.715,52.376,54.76943178
3379.5,94.012,2.545,23.095,7.467,53.097,53.16332411
3379.625,92.842,2.536,24.381,7.354,54.06,52.2772431
3379.75,92.761,2.528,25.41,7.335,56.097,52.21791797
3379.875,92.475,2.521,25.716,7.383,58.433,51.99745883
3380,91.815,2.514,25.753,7.468,59.732,51.47447251
3380.125,90.866,2.51,25.625,7.818,60.558,50.69724223
3380.25,90.561,2.509,25.698,8.436,60.752,50.44391284
3380.375,90.784,2.509,26.028,8.839,60.038,50.6359658
3380.5,91.3,2.507,26.534,9.789,58.91,51.0692251
3380.625,92.798,2.499,27.313,10.816,57.279,52.27288585
3380.75,94.996,2.489,27.821,11.309,54.42,53.91915626
3380.875,96.76,2.476,27.926,12.218,52.026,55.147972
3381.625,97.829,2.468,27.246,16.314,61.756,55.8750212
3381.75,95.581,2.473,26.739,16.293,63.649,54.36369869
3381.875,94.18,2.478,26.199,15.596,62.479,53.35837489
3382,92.938,2.488,25.462,14.325,60.174,52.4226317
3382.125,91.763,2.504,24.823,13.673,57.493,51.49624674
3382.25,91.709,2.516,24.445,12.543,53.793,51.45625151
3382.375,92.349,2.527,24.115,11.555,50.754,51.97278215
3382.5,93.149,2.535,23.893,11.091,49.209,52.60024131
3382.625,93.834,2.531,24.176,10.322,48.154,53.1233071
3382.75,93.635,2.524,24.772,9.872,47.855,52.9775214
3382.875,93.054,2.517,25.591,9.742,48.745,52.53834427
3383,92.377,2.51,26.769,9.542,49.671,52.01364776
3383.125,91.44,2.508,27.318,9.45,50.459,51.26329429
3383.25,90.554,2.51,27.046,9.342,51.485,50.52871456
3383.375,90.188,2.514,26.372,9.411,52.809,50.22005711
3383.5,90.18,2.518,25.043,9.497,54.144,50.2169674
3383.625,90.62,2.521,23.81,9.677,55.787,50.59592685
3383.75,90.895,2.521,23.203,9.761,58.407,50.83096302
3383.875,90.66,2.521,22.804,9.748,60.83,50.63727534
3384,90.168,2.52,22.626,9.592,62.327,50.22180326
3384.125,89.57,2.52,22.82,9.306,63.958,49.70512545
3384.25,89.667,2.521,23.116,9.171,66.771,49.79417611
3384.375,90.219,2.522,23.452,9.062,69.5,50.27699969
3384.5,90.876,2.521,23.923,9.24,70.975,50.83770971
3384.625,91.746,2.518,24.348,9.417,72.133,51.55760192
3384.75,92.302,2.514,24.61,9.861,73.398,52.00669688
3384.875,92.336,2.51,24.838,10.113,74.088,52.03737003
3385,92.095,2.505,25.034,10.694,73.819,51.84949357
3385.125,91.382,2.504,25.059,11.419,72.675,51.27594197
3385.25,90.66,2.505,25.024,11.842,69.439,50.67884403
3385.375,90.432,2.507,25.027,12.845,66.149,50.48938261
3385.5,90.636,2.509,25.166,14.123,64.935,50.66614175
3385.625,92.235,2.506,25.366,14.87,64.719,51.97975338
3385.75,94.954,2.502,25.477,16.506,65.832,54.03676232
3387.5,93.171,2.49,26.434,4.811,72.433,52.76623718
3387.625,90.158,2.512,24.999,4.458,72.391,50.32311065
3388.875,89.695,2.561,21.638,4.491,60.858,49.95933926
3389,90.547,2.558,22.228,4.513,59.84,50.69673728
3389.125,89.349,2.556,22.736,4.536,57.909,49.66201202
3390.125,93.021,2.534,26.878,6.113,50.481,52.72928815
3390.25,96.79,2.527,27.537,6.597,50,55.44276742
3390.375,98.854,2.517,27.887,6.878,49.807,56.7801682
3390.5,100.36,2.499,28.099,6.914,50.265,57.6971241
3390.625,101.246,2.483,28.248,6.848,51.221,58.21600361
3390.75,101.111,2.477,28.212,6.758,52.991,58.14210424
3390.875,100.754,2.475,27.862,6.741,54.139,57.93902677
3391,100.323,2.48,26.531,6.767,54.312,57.68968142
3391.125,99.288,2.487,24.735,6.802,54.359,57.07008957
3391.25,97.672,2.494,23.67,6.915,54.7,56.05398315
3391.375,96.401,2.501,22.998,7.076,55.06,55.21314015
3391.5,95.326,2.511,22.87,7.177,55.006,54.47152831
3391.625,94.766,2.519,23.325,7.471,54.743,54.07519755
3391.75,95.273,2.52,23.72,7.953,54.257,54.44139917
3391.875,95.772,2.517,24.024,8.259,53.974,54.79532998
3392,95.971,2.507,24.231,8.948,53.884,54.93690875
3392.125,95.476,2.496,24.241,9.816,53.673,54.59571617
3392.25,94.434,2.492,24.151,10.374,53.068,53.85263423
3392.375,93.739,2.491,23.996,11.711,52.629,53.34201171
3392.5,93.338,2.495,23.688,12.388,52.93,53.04285915
3392.625,93.612,2.499,23.471,13.42,53.871,53.25401959
3392.75,94.526,2.499,23.481,13.696,56.223,53.93454237
3392.875,95.225,2.498,23.585,13.465,58.578,54.44058109
3393,95.876,2.495,23.686,12.343,59.407,54.90063224
3393.125,96.946,2.496,23.487,10.912,59.492,55.63124372
3393.25,97.997,2.498,23.082,10.269,58.789,56.32208535
3393.375,98.445,2.5,22.542,9.201,58.148,56.61087254
3393.5,98.541,2.502,21.831,8.34,57.89,56.67501951
3393.625,98.097,2.501,21.597,7.973,57.429,56.39705402
3393.75,97.601,2.5,21.907,7.378,55.783,56.08080225
3393.875,97.624,2.498,22.573,6.984,53.246,56.09941086
3394,98.039,2.497,24.063,6.874,51.45,56.37086476
3394.125,99.164,2.495,25.64,6.863,50.129,57.08086846
3394.25,100.429,2.492,26.454,6.971,49.719,57.84596017
3394.375,101.332,2.488,26.953,7.38,50.572,58.37291569
3394.5,102.227,2.478,27.104,7.972,51.489,58.87934786
3394.625,103.273,2.466,26.848,8.32,52.534,59.45139996
3395.5,94.946,2.48,21.945,9.513,57.761,54.31923816
3395.625,93.15,2.498,21.621,9.443,58.542,52.99253003
3395.75,92.394,2.508,21.689,9.472,59.243,52.4089502
3395.875,92.803,2.515,21.934,9.658,58.828,52.73250326
3396,94.044,2.52,22.509,9.8,57.85,53.67702214
3396.125,97.502,2.516,23.204,10.17,56.685,56.08564114
3396.25,101.962,2.505,23.783,10.682,55.406,58.78222459
3396.375,104.898,2.489,24.508,10.996,55.187,60.3451912
3397.25,96.172,2.467,24.602,6.57,55.506,55.22947998
3397.375,94.93,2.479,24.246,5.946,54.717,54.36321704
3397.5,94.275,2.493,23.906,5.069,54.533,53.89187786
3397.625,94.356,2.504,23.77,4.598,54.57,53.954956
3397.75,95.273,2.509,23.903,4.47,54.814,54.61850895
3397.875,96.246,2.512,24.292,4.371,55.06,55.29844219
3398,97.317,2.513,25.442,4.454,55.245,56.01930994
3398.125,98.802,2.51,26.972,4.56,55.518,56.97280978
3398.25,99.964,2.507,27.965,4.907,56.214,57.6855549
3398.375,100.484,2.503,28.665,5.498,57.257,57.99724657
3398.5,100.806,2.498,28.743,5.925,58.369,58.18883794
3398.625,100.79,2.495,27.793,7.109,60.24,58.18314647
3398.75,100.136,2.493,26.656,8.701,65.176,57.80251957
3398.875,99.209,2.491,25.392,9.598,71.132,57.24624423
3399,97.92,2.492,23.776,11.378,73.817,56.44025625
3399.125,95.54,2.499,22.727,12.141,73.969,54.84702434
3399.25,93.23,2.506,22.405,13.206,68.914,53.16183615
3399.375,92.24,2.514,22.298,13.776,61.27,52.39594095
3399.5,92.143,2.521,22.532,13.998,56.97,52.32272213
3399.625,94.679,2.52,23.275,14.431,54.605,54.24915651
3399.75,100.235,2.511,24.19,14.831,54.945,57.89011306
3399.875,105.616,2.493,25.376,15.019,57.753,60.80263749
3401.5,100.505,2.482,24.03,9.294,53.393,58.09967954
3401.625,104.394,2.494,25.762,9.156,54.248,60.23744948
3401.75,110.745,2.486,27.425,9.069,55.725,63.18322989
3401.875,115.517,2.465,29.2,9.107,56.128,65.03773488
3410.625,98.969,2.484,25.33,5.183,62.041,57.43938236
3410.75,100.414,2.487,25.449,6.037,60.9,58.31312357
3410.875,103.256,2.484,25.749,6.93,59.761,59.90581134
3411,107.323,2.465,26.603,7.312,59.334,61.9337025
3415.625,94.406,2.499,21.81,4.799,63.077,54.52539845
3415.75,94.258,2.511,22.535,4.691,64.935,54.4210984
3415.875,97.043,2.513,23.785,4.716,65.679,56.36191987
3416,101.731,2.495,26.504,4.876,65.161,59.21955508
3417.5,96.844,2.486,23.328,3.228,53.646,56.27758203
3417.625,94.591,2.513,22.628,3.013,53.251,54.71887162
3417.75,93.929,2.522,22.378,2.671,52.885,54.23834817
3417.875,94.098,2.524,22.196,2.43,52.348,54.36681497
3418,94.567,2.52,22.195,2.333,51.603,54.71264155
3418.125,95.747,2.51,22.648,2.165,50.593,55.55132495
3418.25,97.171,2.503,23.281,2.09,49.192,56.51585312
3418.375,98.071,2.498,24.094,1.971,48.592,57.10179638
3418.5,98.813,2.496,25.42,1.91,49.005,57.57161357
3418.625,99.638,2.498,26.632,1.903,49.915,58.0793721
3418.75,100.395,2.499,27.247,1.94,51.74,58.53287223
3418.875,100.985,2.498,27.623,2.035,54.02,58.87895954
3419,101.641,2.492,27.535,2.098,56.055,59.25520875
3419.125,102.472,2.486,26.744,2.243,58.501,59.71892752
3419.25,102.718,2.486,25.892,2.424,62.43,59.85622239
3419.375,102.311,2.488,25.057,2.541,65.601,59.63796229
3419.5,101.568,2.496,24.418,2.85,66.565,59.22852056
3419.625,100.585,2.501,24.733,3.036,66.556,58.66917211
3419.75,100.642,2.497,25.563,3.42,65.633,58.70594614
3419.875,101.698,2.486,26.671,3.751,65.023,59.31231654
3420.75,105.237,2.465,26.684,4.663,60.128,61.20578392
3420.875,104.17,2.473,26.205,5.016,59.333,60.66934872
3421,103.115,2.484,25.271,5.502,60.064,60.11963891
3421.125,101.512,2.494,24.333,5.771,61.804,59.24365794
3421.25,99.978,2.501,23.893,6.255,65.788,58.35882559
3421.375,99.207,2.506,23.673,6.418,69.857,57.89762757
3421.5,98.933,2.501,23.78,6.468,71.633,57.73300894
3421.625,100.213,2.481,24.317,6.112,72.106,58.50885714
3422.875,109.244,2.488,27.679,2.407,51.168,63.13162259
3423,104.943,2.515,26.285,2.507,52.933,61.1227233
3423.125,100.783,2.523,25.583,2.591,55.185,58.88499136
3423.25,99.187,2.519,25.694,2.777,59.807,57.93981462
3423.375,99.486,2.512,26.154,2.927,65.764,58.1252505
3423.5,100.468,2.497,27.055,2.975,70.148,58.71271926
3425,107.03,2.479,24.823,3.685,51.173,62.19086736
3425.125,100.482,2.516,23.913,4.309,50.875,58.76780036
3425.25,98.118,2.522,23.624,4.663,52.097,57.33214902
3425.375,99.323,2.513,23.582,5.134,53.517,58.08438577
3425.5,101.894,2.485,24.06,4.918,53.879,59.58320294
3426.5,109.171,2.473,29.274,1.258,54.035,63.20109178
3426.625,110.601,2.48,29.346,1.197,54.667,63.81498674
3426.75,111.956,2.481,29.426,1.136,54.586,64.37189167
3426.875,112.239,2.479,29.438,1.144,54.398,64.48800026
3427,111.945,2.476,29.154,1.171,54.627,64.37442201
3427.125,110.832,2.475,28.57,1.269,55.092,63.92491979
3427.25,109.57,2.478,28.082,1.416,55.681,63.39515931
3427.375,108.654,2.483,27.594,1.506,56.083,62.99794579
3427.5,107.461,2.492,26.872,1.73,56.625,62.46152152
3427.625,105.187,2.5,26.198,1.87,57.641,61.37572906
3427.75,102.964,2.503,25.886,2.219,59.79,60.23170621
3427.875,101.948,2.503,25.759,2.657,61.29,59.68134539
3428,101.505,2.5,25.825,2.899,61.145,59.43730675
3428.125,101.841,2.497,25.808,3.37,60.303,59.62905523
3428.25,102.547,2.496,25.503,3.707,59.413,60.02098353
3428.375,102.79,2.497,24.915,3.79,60.266,60.15606882
3428.5,102.662,2.5,23.727,3.787,61.837,60.09051
3428.625,101.753,2.506,22.678,3.649,63.409,59.59434466
3428.75,100.318,2.51,22.279,3.57,64.244,58.7764708
3428.875,99.148,2.514,22.103,3.435,62.959,58.07924699
3429,97.885,2.52,22.046,3.378,61.087,57.29313604
3429.125,95.974,2.526,22.008,3.269,58.988,56.03181716
3429.25,94.311,2.529,21.971,3.153,56.536,54.86070677
3429.375,93.551,2.532,21.948,3.083,55.394,54.30300635
3429.5,93.135,2.534,21.917,2.887,55.501,53.99262254
3429.625,93.149,2.535,21.828,2.623,56.013,54.00700861
3429.75,93.602,2.536,21.728,2.482,56.968,54.35235917
3429.875,94.005,2.537,21.683,2.217,57.866,54.65516057
3430,94.343,2.538,21.978,1.991,58.527,54.90627201
3430.125,94.642,2.538,22.712,1.897,59.312,55.12625478
3430.25,94.922,2.536,23.381,1.755,60.849,55.33032683
3430.375,95.325,2.532,24.043,1.665,62.56,55.61879836
3430.5,96.042,2.522,24.861,1.631,63.743,56.11883992
3430.625,97.715,2.51,25.504,1.567,64.934,57.23157882
3430.75,99.558,2.505,25.837,1.534,66.627,58.38246243
3430.875,100.467,2.504,26.07,1.475,67.965,58.92502973
3431,100.877,2.513,26.082,1.441,68.289,59.16618227
3431.125,100.485,2.525,25.727,1.439,67.799,58.94274719
3431.25,99.505,2.532,25.348,1.468,65.576,58.36499961
3431.375,98.862,2.535,24.991,1.534,62.708,57.9761713
3431.5,98.472,2.534,24.702,1.574,60.862,57.7373912
3431.625,98.473,2.531,24.72,1.657,59.204,57.74165723
3431.75,98.86,2.53,24.882,1.737,56.906,57.98583843
3431.875,99.191,2.53,25.068,1.778,54.699,58.19260193
3432,99.471,2.531,25.233,1.86,53.466,58.36621493
3432.125,99.665,2.531,25.192,1.941,52.692,58.48663246
3432.25,99.601,2.529,25.045,1.983,52.733,58.45181304
3432.375,99.434,2.526,24.878,2.065,53.443,58.35472347
3432.5,99.233,2.522,24.725,2.104,54.157,58.23634769
3432.625,99.015,2.517,24.692,2.156,55.094,58.10667862
3432.75,99.026,2.515,24.704,2.155,57.023,58.11706066
3432.875,99.204,2.513,24.72,2.133,59.598,58.22955993
3433,99.468,2.51,24.802,2.059,61.541,58.3933979
3433.125,99.908,2.509,25.014,1.974,63.251,58.66074788
3433.25,100.344,2.51,25.265,1.938,64.459,58.92170748
3433.375,100.642,2.512,25.563,1.888,64.021,59.09896453
3433.5,100.959,2.516,26.03,1.873,62.91,59.28531914
3433.625,101.469,2.52,26.52,1.878,61.451,59.57874488
3433.75,101.976,2.52,26.868,1.907,59.165,59.86544128
3433.875,102.263,2.519,27.177,1.929,57.087,60.02710941
3434,102.459,2.515,27.27,1.995,55.822,60.13775825
3434.125,102.426,2.512,26.693,2.102,54.689,60.12336261
3434.25,101.942,2.512,25.805,2.174,53.753,59.86096001
3434.375,101.264,2.514,24.672,2.355,54.399,59.48444492
3434.5,100.319,2.521,23.061,2.575,56.305,58.9431719
3434.625,98.527,2.53,22.035,2.691,59.105,57.8627683
3434.75,96.67,2.536,21.861,2.894,63.457,56.66784299
3434.875,95.651,2.541,22.001,2.998,66.236,55.9788796
3435,94.986,2.544,22.482,3.002,66.423,55.51645641
3435.125,94.884,2.541,22.92,2.923,65.576,55.44765166
3435.25,95.676,2.536,23.101,2.759,63.363,56.00724743
3435.375,96.845,2.531,23.227,2.66,61.18,56.80257868
3435.5,98.354,2.526,23.445,2.459,60.19,57.77993645
3435.625,100.461,2.524,23.816,2.368,59.595,59.05867877
3435.75,101.599,2.524,24.217,2.213,59.37,59.71288148
3435.875,101.537,2.524,24.716,2.096,59.542,59.68168539
3436,101.083,2.522,25.41,2.054,59.695,59.42826114
3436.125,100.332,2.52,25.704,2.011,59.751,58.99773826
3436.25,99.903,2.52,25.507,2.037,59.452,58.74822205
3436.375,99.756,2.521,25.094,2.077,58.553,58.66422835
3436.5,99.47,2.525,24.464,2.202,57.381,58.49609671
3436.625,98.745,2.529,24.096,2.353,55.736,58.05651235
3436.75,97.899,2.532,24.019,2.418,52.806,57.52836987
3436.875,97.262,2.536,23.975,2.499,50.208,57.12088293
3437,96.558,2.544,23.839,2.516,49.29,56.65907337
3437.125,95.605,2.549,23.652,2.53,49.266,56.01341714
3437.25,95.177,2.549,23.603,2.535,51.004,55.71805585
3437.375,95.487,2.545,23.696,2.529,53.726,55.93881865
3437.5,96.274,2.534,24.126,2.474,55.589,56.48262711
3437.625,98.046,2.52,24.697,2.36,57.215,57.64746069
3437.75,99.832,2.512,25.034,2.292,59.006,58.74939317
3437.875,100.703,2.507,25.293,2.166,59.995,59.26409927
3438,101.354,2.504,25.652,2.084,59.772,59.63970584
3438.125,102.452,2.505,26.156,2.066,58.751,60.25210148
3438.25,103.672,2.507,26.589,2.072,56.325,60.90586649
3438.375,104.143,2.51,26.943,2.119,54.135,61.15334224
3438.5,103.937,2.515,26.913,2.155,53.492,61.05069929
3438.625,102.024,2.521,26.167,2.253,53.463,60.03186463
3438.75,99.218,2.525,25.352,2.317,53.872,58.40864577
3438.875,97.567,2.527,24.542,2.479,54.129,57.37740538
3439,96.427,2.528,23.681,2.681,54.01,56.62995041
3439.125,96.606,2.526,23.205,2.79,53.645,56.75361772
3439.25,96.571,2.524,23.007,2.99,52.628,56.73388997
3439.375,95.941,2.523,22.77,3.11,51.455,56.31124327
3439.5,94.986,2.523,22.286,3.129,51.053,55.64970034
3439.625,94.45,2.527,21.812,3.094,51.347,55.26967907
3439.75,94.232,2.531,21.629,2.998,52.96,55.11513738
3439.875,94.727,2.533,21.596,2.937,54.779,55.47634511
3440,95.934,2.53,21.806,2.794,55.87,56.32487319
3440.125,96.964,2.522,22.187,2.713,57.217,57.02061169
3440.25,97.919,2.514,22.483,2.542,60.535,57.64333129
3440.375,98.731,2.507,22.754,2.382,64.71,58.15694785
3440.5,98.593,2.504,23.033,2.317,66.992,58.0749535
3440.625,97.817,2.509,22.972,2.225,68.017,57.58917583
3440.75,96.629,2.516,22.888,2.178,66.754,56.81671791
3440.875,94.46,2.525,22.723,2.169,64.2,55.31402222
3441,92.422,2.539,22.471,2.185,62.822,53.78773224
3441.125,91.463,2.548,22.096,2.251,61.909,53.02981771
3441.25,90.979,2.551,21.442,2.304,60.839,52.63846604
3441.375,91.245,2.552,20.933,2.444,59.37,52.86030396
3441.5,92.237,2.548,20.806,2.6,57.92,53.65797086
3441.625,93.04,2.543,20.844,2.663,56.286,54.28280016
3441.75,93.486,2.54,21.087,2.723,54.009,54.62345704
3441.875,92.292,2.537,21.417,2.713,52.068,53.71237804
3442.625,91.558,2.533,24.352,2.093,44.179,53.15174964
3442.75,95.254,2.528,24.616,1.883,44.647,55.93485855
3442.875,98.038,2.524,24.815,1.685,46.819,57.79561535
3443,98.746,2.523,24.932,1.607,49.065,58.24260843
3443.125,99.004,2.524,25.033,1.505,51.401,58.40504911
3443.25,99.628,2.524,25.137,1.462,54.197,58.7868272
3443.375,100.862,2.522,25.115,1.452,55.938,59.51431501
3443.5,101.539,2.518,24.923,1.433,56.521,59.90204153
3443.625,101.314,2.518,24.557,1.426,56.994,59.77897297
3443.75,100.639,2.521,23.776,1.427,57.948,59.39662168
3443.875,99.193,2.526,22.952,1.47,59.458,58.54224669
3444,97.755,2.532,22.466,1.513,60.884,57.64812553
3444.125,96.97,2.536,22.054,1.646,62.308,57.14189934
3444.25,96.382,2.537,21.639,1.846,63.223,56.7540842
3444.375,96.017,2.537,21.527,1.972,61.949,56.51052052
3444.5,96.28,2.536,21.678,2.278,59.544,56.6926784
3444.625,96.88,2.533,21.921,2.654,56.287,57.09718933
3444.75,97.682,2.53,22.183,2.863,50.936,57.6232416
3444.875,98.8,2.526,22.152,3.296,46.492,58.33051414
3445,99.276,2.519,21.945,3.5,44.61,58.62534203
3445.125,98.853,2.514,21.662,3.828,43.574,58.37045204
3445.25,97.775,2.514,21.165,3.998,43.477,57.69746283
3445.375,95.152,2.519,20.65,4.02,44.649,55.94085984
3445.5,92.211,2.536,20.41,3.944,46.243,53.75773605
3445.625,90.601,2.558,20.383,3.739,48.351,52.4573721
3446,90.866,2.576,22.433,2.977,58.011,52.68895582
3446.125,91.877,2.567,22.87,2.806,59.845,53.51255938
3446.25,92.668,2.552,23.083,2.471,61.528,54.13605281
3446.375,93.122,2.552,23.032,2.18,61.98,54.48720519
3446.5,93.124,2.551,22.942,2.062,61.501,54.49246058
3446.625,93.28,2.548,22.814,1.899,60.656,54.61419305
3446.75,93.884,2.539,22.509,1.857,59.35,55.06831792
3446.875,95.774,2.526,22.159,1.849,58.343,56.41784735
3447,98.154,2.517,21.952,1.931,57.859,57.98937686
3447.125,99.524,2.511,21.743,1.998,57.388,58.83675723
3447.25,100.337,2.51,21.292,2.166,56.477,59.32214598
3447.375,100.099,2.515,20.645,2.359,55.063,59.18614614
3447.5,98.5,2.522,20.158,2.465,53.675,58.22092142
3447.625,96.766,2.532,19.741,2.715,52.098,57.10979544
3447.75,94.771,2.549,19.433,3.037,49.998,55.7412914
3447.875,91.818,2.567,19.479,3.211,48.774,53.5182872
3448.375,90.871,2.557,21.749,3.086,51.987,52.76499865
3448.5,93.922,2.544,22.431,2.843,52.895,55.14843297
3448.625,96.129,2.532,23.118,2.361,53.479,56.71191825
3448.75,98.058,2.52,24.057,1.975,53.577,57.97978588
3448.875,99.993,2.516,24.793,1.83,53.225,59.16700908
3449,100.997,2.517,25.138,1.624,53.211,59.75375754
3449.125,101.217,2.518,25.43,1.499,53.865,59.88244046
3449.25,101.203,2.521,25.852,1.457,56.456,59.8781092
3449.375,100.773,2.518,26.207,1.401,60.083,59.63623588
3449.5,100.009,2.521,26.289,1.377,62.416,59.19455357
3449.625,99.382,2.522,26.187,1.38,64.061,58.82374513
3449.75,98.779,2.522,25.711,1.425,64.703,58.45940495
3449.875,98.121,2.523,25.059,1.472,63.836,58.05244791
3450,97.722,2.525,24.599,1.62,62.915,57.80239487
3450.125,97.526,2.528,24.161,1.833,62.341,57.68009458
3450.25,97.302,2.531,23.633,1.955,62.912,57.53871863
3450.375,96.858,2.535,23.317,2.211,64.994,57.25143022
3450.5,96.33,2.54,23.25,2.469,66.915,56.90298056
3450.625,95.959,2.544,23.237,2.601,68.4,56.655179
3450.75,95.565,2.545,23.184,2.887,68.184,56.38804797
3450.875,94.796,2.545,23.033,3.214,65.034,55.85177516
3451,93.748,2.545,22.844,3.38,61.519,55.09448208
3451.125,92.909,2.548,22.564,3.644,57.731,54.46717693
3451.25,92.039,2.552,21.954,3.703,52.828,53.79517852
3451.375,90.779,2.556,21.296,3.608,49.497,52.77974531
3451.875,89.818,2.568,21.853,2.23,52.102,51.98370612
3452,91.715,2.568,22.294,2.104,53.818,53.56037087
3452.125,93.483,2.565,22.688,1.919,55.1,54.93088973
3452.25,95.309,2.56,23.072,1.776,56.186,56.25434791
3452.375,97.535,2.553,23.231,1.708,57.33,57.75174491
3452.5,98.846,2.542,23.28,1.571,58.728,58.58068392
3452.625,99.049,2.532,23.419,1.438,60.574,58.70870349
3452.75,98.859,2.53,24.037,1.382,63.016,58.59594948
3452.875,98.285,2.531,25.087,1.304,64.15,58.24318309
3453,98.004,2.537,25.93,1.285,64.153,58.06968614
3453.125,98.295,2.542,26.689,1.286,64.124,58.25674618
3453.25,98.921,2.543,27.224,1.335,64.568,58.64855709
3453.375,99.927,2.542,26.802,1.376,65.057,59.25825845
3453.5,100.266,2.537,25.806,1.481,64.99,59.4613298
3453.625,99.666,2.53,24.436,1.595,64.709,59.11032089
3453.75,98.368,2.527,22.307,1.653,64.795,58.32068166
3453.875,95.521,2.526,20.665,1.789,66.154,56.449899
3454,92.682,2.531,20.086,1.998,67.901,54.37919516
3454.125,91.434,2.542,19.937,2.148,70.054,53.39871608
3454.75,100.877,2.543,24.805,3.549,66.906,59.85096616
3454.875,103.551,2.531,25.311,3.273,62.326,61.31690265
3455,104.405,2.511,25.505,2.842,60.018,61.76015951
3455.125,103.784,2.495,25.706,2.634,58.168,61.44525352
3455.25,102.603,2.492,26.03,2.289,55.552,60.82444269
3455.375,100.663,2.494,26.296,2.033,53.031,59.74605606
3455.5,99.312,2.506,26.406,1.93,51.879,58.95200798
3455.625,99.017,2.52,26.478,1.764,51.371,58.77637698
3455.75,99.093,2.525,26.574,1.643,51.794,58.82637127
3455.875,99.474,2.527,26.694,1.596,52.947,59.06054329
3456,99.688,2.526,26.77,1.523,53.9,59.19230634
3456.125,99.601,2.527,26.787,1.494,55.021,59.14395517
3456.25,99.354,2.528,26.543,1.442,57.064,58.99915364
3456.375,98.767,2.53,25.943,1.383,59.096,58.64482198
3456.5,98.128,2.533,25.382,1.349,60.137,58.25023943
3456.625,97.862,2.537,24.88,1.282,60.705,58.08543241
3456.75,97.898,2.54,24.676,1.235,60.634,58.11197753
3456.875,98.787,2.542,25.233,1.223,60.088,58.67169381
3457,100.402,2.543,25.986,1.221,59.748,59.64184135
3457.125,101.662,2.539,26.738,1.244,59.698,60.36255391
3457.25,102.734,2.533,27.244,1.262,59.841,60.95220168
3457.375,103.43,2.527,26.896,1.312,59.202,61.32495402
3457.5,103.049,2.522,26.276,1.391,57.569,61.12751907
3457.625,102.235,2.522,25.615,1.451,54.866,60.69283551
3457.75,101.236,2.525,24.825,1.634,50.245,60.1416001
3457.875,99.778,2.528,24.232,1.767,47.526,59.30024656
3458,98.489,2.532,23.857,2.129,48.081,58.52004106
3458.125,97.539,2.532,23.409,2.604,50.296,57.92261862
3458.25,96.139,2.532,22.596,2.859,54.484,57.00226027
3458.375,93.258,2.533,21.842,3.317,57.132,54.9488056
3458.5,90.691,2.536,21.589,3.576,57.12,52.92272204
3458.625,90.127,2.539,21.648,3.599,55.983,52.45316084
3458.75,90.757,2.54,22.335,3.456,53.58,52.98502187
3458.875,93.196,2.541,23.329,3.175,51.942,54.91702293
3459,95.58,2.545,23.888,3.019,51.677,56.64215268
3459.125,96.345,2.549,24.172,2.721,51.618,57.16693633
3459.25,96.405,2.551,24.031,2.591,50.55,57.21087413
3459.375,95.813,2.55,23.616,2.385,48.242,56.81347883
3459.5,94.91,2.546,23.404,2.25,46.706,56.18844073
3459.625,94.207,2.543,23.359,2.21,46.062,55.68799331
3459.75,93.562,2.544,23.659,2.19,47.406,55.21744128
3459.875,93.396,2.545,24.215,2.264,49.912,55.09725577
3460,94.796,2.547,24.646,2.341,51.199,56.12240313
3460.125,96.926,2.542,25.048,2.583,51.847,57.58247957
3460.25,99.685,2.531,25.445,2.939,52.471,59.31373771
3460.375,103.962,2.515,25.477,3.154,54.007,61.68682101
3461.625,106.192,2.493,22.268,6.108,57.835,62.82783967
3461.75,104.958,2.51,22.282,6.101,53.417,62.22986699
3461.875,104.053,2.521,22.45,6.29,49.08,61.7763056
3462,103.985,2.519,22.527,6.654,46.747,61.74495749
3462.125,104.398,2.501,22.493,6.835,44.984,61.95931307
3463,98.354,2.49,22.55,3.437,49.658,58.58168971
3463.125,97.039,2.525,22.49,3.059,49.596,57.7446663
3463.25,96.674,2.543,22.549,2.485,50.627,57.50786536
3463.375,97.962,2.551,22.959,2.107,52.448,58.34616456
3463.5,100.279,2.541,23.468,1.969,53.82,59.758132
3463.625,101.782,2.518,24.054,1.769,55.233,60.61606073
3463.75,102.83,2.504,24.838,1.657,57.659,61.18969309
3463.875,103.489,2.494,25.453,1.634,60.238,61.54142478
3464,103.758,2.489,25.842,1.651,61.505,61.68488652
3464.125,104.08,2.49,26.294,1.691,61.997,61.85424238
3464.25,104.692,2.49,26.953,1.838,61.425,62.16799868
3464.375,106.02,2.487,27.137,2.08,60.37,62.82324946
3465.125,93.615,2.502,19.631,4.133,51.35,55.41726328
3465.25,91.546,2.522,19.49,4.334,49.794,53.82469245
3465.375,90.603,2.538,19.748,4.598,48.674,53.05814299
3465.5,91.228,2.549,19.975,4.576,48.104,53.57558758
3465.625,91.916,2.547,20.099,4.433,47.765,54.13072241
3465.75,92.264,2.543,20.054,3.943,48.13,54.40790411
3465.875,91.786,2.541,19.966,3.655,49.428,54.03518508
3466,90.737,2.542,20.051,3.126,50.862,53.18826852
3466.125,90.241,2.548,20.34,2.71,52.798,52.77772015
3466.25,90.333,2.551,21.223,2.54,56.585,52.85897463
3466.375,92.324,2.552,22.429,2.258,61.064,54.47346552
3466.5,96.133,2.547,23.265,2.046,64.353,57.24133164
3466.625,99.106,2.536,23.975,1.961,67.448,59.15041631
3466.75,101.561,2.528,24.688,1.822,70.12,60.58312498
3466.875,103.022,2.519,25.11,1.732,69.858,61.38132817
3467,102.199,2.511,25.262,1.708,67.866,60.94219583
3467.125,100.764,2.509,25.31,1.713,65.202,60.14334049
3467.25,99.267,2.512,25.067,1.742,61.812,59.26610725
3467.375,97.541,2.516,24.498,1.866,60.404,58.19470973
3467.5,96.338,2.523,24.005,2.081,60.582,57.4088158
3467.625,95.805,2.528,23.518,2.218,61.043,57.05152874
3467.75,95.513,2.53,22.86,2.528,61.862,56.85447294
3467.875,95.435,2.53,22.282,2.869,62.92,56.8041818
3468,95.442,2.53,21.979,3.053,63.722,56.81273006
3468.125,95.284,2.531,21.775,3.433,64.396,56.70662862
3468.25,94.904,2.534,21.638,3.75,64.139,56.44363727
3468.375,93.989,2.538,21.573,3.847,61.849,55.78962215
3468.5,92.978,2.545,21.554,3.824,59.271,55.04008487
3468.625,92.483,2.55,21.628,3.447,56.807,54.66446464
3468.75,92.366,2.552,22.153,3.167,55.026,54.57751141
3468.875,93.643,2.552,23.211,2.6,55.868,55.5499475
3469,96.874,2.55,24.239,2.356,57.673,57.80890297
3469.125,100.127,2.542,25.399,1.977,59.284,59.83204265
3469.25,103.649,2.532,27,1.734,59.091,61.77817648
3469.375,107.935,2.52,28.108,1.657,55.908,63.85469403
3471.375,107.028,2.505,23.307,2.959,57.147,63.49649231
3471.5,99.637,2.533,22.666,2.841,54.051,59.61142561
3471.625,96.375,2.55,22.348,2.675,50.959,57.55507069
3471.75,95.124,2.547,22.321,2.656,48.008,56.70217796
3471.875,97.204,2.524,22.356,2.703,47.867,58.10894654
3472,101.949,2.507,22.152,2.873,49.577,60.94888654
3472.125,105.44,2.496,21.717,2.963,51.974,62.76185923
3472.25,108.003,2.494,20.972,3.072,55.469,63.96606857
3472.375,109.009,2.503,20.609,3.057,58.323,64.41412378
3472.5,107.574,2.508,20.771,3.034,59.912,63.77908249
3472.625,106.355,2.51,21.211,3.041,61.387,63.21628477
3472.75,106.217,2.508,22.187,3.156,63.156,63.15426941
3472.875,108.251,2.51,23.173,3.228,64.107,64.09455254
3473,110.436,2.517,23.618,3.272,64.09,65.03802753
3473.125,110.449,2.528,23.777,3.074,63.656,65.04691086
3473.25,109.115,2.542,23.494,2.901,62.674,64.4846279
3473.375,105.505,2.548,23.007,2.53,61.838,62.82901125
3473.5,101.621,2.547,22.81,2.377,61.551,60.81074505
3473.625,99.591,2.542,22.835,2.182,61.468,59.64566788
3473.75,98.094,2.531,23.289,2.131,61.688,58.73257361
3473.875,96.882,2.519,23.905,2.147,61.981,57.95736499
3474,96.7,2.514,24.151,2.225,62.044,57.84112023
3474.125,96.893,2.511,24.066,2.316,61.886,57.9719316
3474.25,96.783,2.515,23.173,2.354,61.327,57.9032533
3474.375,95.194,2.525,21.772,2.432,60.859,56.82889708
3474.5,92.651,2.533,20.806,2.56,60.712,54.97031411
3474.625,91.088,2.54,20.027,2.65,60.688,53.73779097
3474.75,90.146,2.544,19.426,2.855,61.103,52.95993001
3474.875,90.188,2.541,19.399,3.019,61.879,52.99919426
3475,91.18,2.536,19.676,3.058,62.124,53.82396807
3475.125,91.969,2.533,20.072,2.995,61.499,54.45872882
3475.25,92.553,2.531,20.695,2.894,58.241,54.91745798
3475.375,92.845,2.533,21.24,2.621,53.406,55.14494323
3475.5,92.714,2.535,21.565,2.354,50.292,55.04862577
3475.625,92.536,2.536,21.903,2.24,48.184,54.91561775
3475.75,92.433,2.536,22.467,2.056,47.639,54.83981692
3475.875,92.577,2.533,22.974,1.935,49.368,54.95470614
3476,92.996,2.531,23.169,1.898,51.593,55.27840057
3476.125,93.325,2.531,23.231,1.855,54.331,55.52984409
3476.25,93.518,2.534,23.189,1.833,58.827,55.67746843
3476.375,93.249,2.541,23.171,1.821,62.963,55.48037593
3476.5,92.531,2.546,23.195,1.782,65.18,54.93804171
3476.625,92.33,2.55,23.192,1.754,66.83,54.78625888
3476.75,92.869,2.55,23.075,1.698,67.821,55.20444283
3476.875,95.03,2.546,22.96,1.669,67.098,56.78813497
3477,97.393,2.542,23.02,1.671,65.736,58.38147316
3477.125,98.203,2.537,23.255,1.705,64.192,58.89952836
3477.25,98.168,2.53,23.89,1.765,62.033,58.88125884
3477.375,97.325,2.523,24.581,1.797,59.89,58.34859993
3477.5,97.014,2.518,24.9,1.863,58.223,58.15028037
3477.625,97.578,2.512,25.023,1.95,56.423,58.51858239
3477.75,98.429,2.505,24.753,2.012,54.339,59.05864738
3477.875,99.359,2.503,24.038,2.194,53.615,59.63021585
3478,99.796,2.509,23.331,2.494,54.016,59.89433467
3478.125,99.999,2.521,22.535,2.701,54.652,60.0176082
3478.25,100.088,2.548,21.341,3.209,55.128,60.07341769
3478.375,99.525,2.576,20.348,3.469,54.612,59.74415537
3478.5,98.303,2.589,19.962,3.824,53.591,59.0021422
3478.625,97.426,2.595,19.846,3.789,52.267,58.45034623
3478.75,96.955,2.587,20.18,3.627,50.362,58.14841955
3478.875,97.219,2.569,20.903,3.134,48.927,58.32401078
3479,97.893,2.555,21.53,2.608,48.22,58.75925306
3479.125,98.143,2.542,22.178,2.382,47.472,58.92035477
3479.25,98.177,2.529,23.119,2.031,46.245,58.94531
3479.375,98.561,2.52,24.013,1.797,45.583,59.18778012
3479.5,99.489,2.517,24.527,1.71,46.088,59.75531185
3479.625,100.088,2.516,24.883,1.573,47.507,60.11324065
3479.75,100.366,2.519,24.879,1.481,50.815,60.27878218
3479.875,100.104,2.527,24.281,1.452,53.855,60.12984304
3480,99.699,2.535,23.615,1.427,55.058,59.89488102
3480.125,99.414,2.543,22.911,1.432,55.777,59.72857659
3480.25,98.892,2.552,22.011,1.481,57.152,59.41651436
3480.375,97.202,2.557,21.353,1.583,59.701,58.35699733
3480.5,94.749,2.559,21.054,1.651,62.132,56.69741772
3480.625,93.051,2.56,20.826,1.803,64.55,55.45854959
3480.75,91.667,2.56,20.612,1.966,66.42,54.38920862
3480.875,90.43,2.559,20.558,2.051,65.269,53.38473308
3483,90.079,2.557,18.725,2.452,60.614,53.1544914
3483.125,90.739,2.552,19.142,2.155,60.281,53.7093748
3483.25,91.271,2.541,20.09,2.063,60.748,54.14725256
3483.375,92.934,2.531,21.077,1.985,62.323,55.4524178
3483.5,96.165,2.527,21.514,2.001,64.086,57.76408726
3483.625,98.989,2.526,21.649,2.03,66.151,59.57384305
3485.125,99.46,2.535,20.888,2.876,68.543,59.90133951
3485.25,101.316,2.534,21.275,2.632,67.91,60.97892725
3485.375,102.848,2.535,21.504,2.528,66.867,61.81849279
3485.5,102.95,2.538,21.568,2.368,66.282,61.87619034
3485.625,102.114,2.54,21.611,2.289,66.138,61.43063043
3485.75,100.808,2.542,21.848,2.284,66.537,60.70628181
3485.875,98.701,2.538,22.454,2.347,66.566,59.46346084
3486,97.384,2.53,23.116,2.491,66.024,58.63951306
3486.125,97.423,2.518,23.859,2.576,65.206,58.668249
3486.25,98.145,2.495,24.82,2.696,64.209,59.12976122
3487.5,111.688,2.496,28.575,1.558,61.71,65.95067175
3487.625,110.187,2.506,28.274,1.474,61.44,65.34230447
3487.75,108.49,2.517,28.076,1.448,61.8,64.61799285
3487.875,105.725,2.521,28.125,1.444,62.343,63.346614
3488,103.161,2.52,28.22,1.508,62.26,62.05906512
3488.125,102.345,2.517,28.258,1.564,61.623,61.62777019
3488.25,102.669,2.51,28.061,1.703,60.146,61.80547125
3488.375,105.36,2.503,27.643,1.849,59.092,63.18368489
3488.5,109.191,2.498,27.34,1.915,59.025,64.94443633
3488.625,111.485,2.493,27.117,2.037,59.362,65.900877
3489.375,109.321,2.497,26.566,2.422,63.43,65.02481013
3489.5,107.787,2.506,26.326,2.43,63.747,64.35389203
3489.625,106.711,2.513,26.03,2.425,64.055,63.86393996
3489.75,106.048,2.517,25.692,2.407,64.545,63.55464188
3489.875,106.638,2.519,25.674,2.398,64.805,63.83688919
3490,108.147,2.52,25.923,2.378,64.615,64.52922603
3490.125,108.709,2.521,26.307,2.355,64.065,64.78076468
3490.25,108.269,2.523,26.89,2.345,62.697,64.59047446
3490.375,105.742,2.524,27.252,2.338,61.13,63.42564685
3490.5,102.646,2.524,27.296,2.346,60.374,61.8576777
3490.625,101.187,2.524,27.224,2.349,60.007,61.06149935
3490.75,100.486,2.527,26.973,2.331,60.071,60.66629893
3490.875,100.567,2.53,26.657,2.266,60.602,60.71649261
3491,101.537,2.531,26.44,2.223,61.189,61.26782736
3491.125,102.852,2.531,26.223,2.146,61.805,61.98532038
3491.25,104.597,2.527,25.867,2.121,62.418,62.88826732
3491.375,106.956,2.522,25.487,2.103,62.532,64.02720406
3491.5,107.775,2.52,25.275,2.125,62.216,64.40475184
3491.625,106.911,2.518,25.155,2.142,61.634,64.01341635
3491.75,105.298,2.517,25.261,2.174,60.556,63.24917398
3491.875,102.792,2.515,25.654,2.192,59.482,61.9749311
3492,101.17,2.513,25.977,2.198,58.886,61.09159877
3492.125,100.768,2.511,26.165,2.2,58.583,60.86762257
3492.25,100.595,2.505,25.945,2.174,59.044,60.77231572
3492.375,100.219,2.499,25.307,2.146,60.227,60.55887992
3492.5,99.788,2.498,24.834,2.065,61.167,60.31017524
3492.625,99.614,2.499,24.504,2.019,61.969,60.21085314
3492.75,99.736,2.503,24.431,1.925,62.372,60.28672856
3492.875,101.106,2.505,24.687,1.834,61.728,61.08082149
3493,103.533,2.506,24.956,1.791,60.854,62.39620312
3493.125,105.315,2.505,25.258,1.716,60.086,63.29650476
3493.25,106.411,2.504,25.839,1.656,59.891,63.82570295
3493.375,104.931,2.505,26.544,1.632,60.669,63.11486962
3493.5,100.996,2.506,26.986,1.601,61.437,61.036775
3493.625,98.521,2.506,27.296,1.587,62.065,59.57870392
3493.75,97.566,2.506,27.424,1.585,62.417,58.98327863
3493.875,99.743,2.504,27.27,1.583,61.95,60.32350945
3494,103.897,2.503,27.047,1.583,61.101,62.61229666
3494.125,106.505,2.502,26.754,1.584,60.097,63.89463532
3494.25,108.193,2.498,26.188,1.585,59.051,64.66910388
