Depth,AC,DEN,Ip,Pp
2376.375,94.711,2.316,7453.377116,24.72371038
2376.5,91.421,2.326,7754.944706,22.96521211
2376.625,88.815,2.333,8006.512413,21.45612017
2376.75,87.986,2.337,8095.806151,20.95416323
2376.875,88.144,2.336,8077.836268,21.05367029
2377,88.453,2.332,8035.83372,21.24468436
2377.125,88.856,2.327,7982.236427,21.49060565
2377.25,89.433,2.322,7913.696287,21.8368866
2377.375,90.231,2.322,7843.707817,22.30582885
2377.5,91.436,2.324,7747.005556,22.99347158
2377.625,93.735,2.325,7560.24964,24.24243111
2377.75,95.825,2.326,7398.536916,25.31360186
2377.875,96.47,2.327,7352.229709,25.63427688
2378,96.216,2.332,7387.478174,25.51214649
2378.125,94.106,2.34,7579.027905,24.44649085
2378.25,91.076,2.351,7867.987176,22.80603442
2378.375,89.21,2.354,8042.811344,21.72684918
2378.5,87.961,2.348,8136.224008,20.97311228
2378.625,87.461,2.34,8154.857594,20.6652552
2378.75,87.492,2.334,8131.065697,20.68707307
2378.875,87.157,2.339,8179.804261,20.47930123
2379,86.4,2.351,8293.805556,19.99918431
2379.125,85.118,2.367,8476.016824,19.1598262
2379.375,85.288,2.399,8573.482788,19.278131
2379.5,86.457,2.394,8439.931989,20.04564839
2379.625,88.305,2.38,8214.982164,21.20617269
2379.75,89.467,2.348,7999.266769,21.90632647
2379.875,89.728,2.315,7863.899786,22.06240701
2380,89.784,2.295,7791.098637,22.09769198
2380.125,89.828,2.28,7736.385092,22.12591049
2380.25,90.034,2.265,7667.903237,22.24850857
2380.375,90.292,2.256,7615.611571,22.40046811
2380.5,90.639,2.25,7566.279416,22.60232371
2380.625,91.445,2.245,7482.924162,23.0606356
2380.75,92.469,2.237,7373.688479,23.62796328
2380.875,92.919,2.234,7328.13741,23.87376974
2381,92.885,2.238,7343.945739,23.85798756
2381.125,92.069,2.248,7442.140134,23.41666633
2381.25,91.474,2.267,7553.857927,23.0892835
2381.375,91.986,2.285,7571.456526,23.37595351
2381.5,93.337,2.292,7484.7231,24.10966627
2381.625,95.682,2.294,7307.656613,25.32044546
2381.75,96.141,2.299,7288.61984,25.55087498
2381.875,94.255,2.314,7482.968543,24.59914953
2382,91.076,2.334,7811.094031,22.88052007
2382.125,86.126,2.357,8341.425354,19.88284751
2383.25,85.463,2.287,8156.484093,19.46971765
2383.375,85.897,2.26,8019.465173,19.75791103
2383.5,85.767,2.253,8006.743853,19.6751304
2383.625,85.386,2.253,8042.470663,19.42593773
2383.75,85.758,2.255,8014.692507,19.67409181
2383.875,86.637,2.252,7922.822812,20.24669417
2384,87.59,2.246,7815.741523,20.85119584
2384.125,88.203,2.239,7737.233427,21.23234107
2384.25,87.952,2.23,7728.124432,21.08053736
2384.375,87.7,2.224,7729.477765,20.92700332
2384.5,87.771,2.222,7716.279865,20.97352324
2384.625,88.415,2.221,7656.6284,21.37163089
2384.75,88.99,2.221,7607.15586,21.72132
2384.875,89.014,2.221,7605.104815,21.7381592
2385,88.808,2.22,7619.313575,21.61695567
2385.125,88.715,2.22,7627.300907,21.56335357
2385.25,89.287,2.22,7578.43807,21.90836569
2385.375,89.973,2.222,7527.431563,22.31449178
2385.5,90.573,2.226,7491.027127,22.66377012
2385.625,90.854,2.231,7484.632487,22.82670687
2385.75,90.536,2.24,7541.221172,22.64751431
2385.875,90.112,2.246,7596.99929,22.40526035
2386,89.649,2.248,7643.034501,22.13717828
2386.125,88.925,2.248,7705.261737,21.70949483
2386.625,87.612,2.244,7806.820983,20.91646918
2386.75,88.535,2.248,7739.203705,21.48645494
2386.875,89.697,2.256,7666.129302,22.18271736
2387,91.15,2.265,7574.020845,23.02175559
2387.125,93.504,2.278,7425.718686,24.31097938
2387.25,95.49,2.3,7341.501728,25.33775199
2387.375,96.08,2.319,7356.694421,25.63439798
2387.5,95.823,2.326,7398.691337,25.5093621
2387.625,94.064,2.328,7543.527811,24.6153166
2387.75,92.099,2.325,7694.546086,23.56536106
2387.875,91.586,2.32,7721.005394,23.28376922
2388,92.126,2.317,7665.822895,23.58519731
2388.125,94.456,2.314,7467.044973,24.82880064
2388.25,96.879,2.311,7270.851268,26.04332034
2389.375,95.859,2.295,7297.342972,25.56517988
2389.5,91.913,2.309,7657.058305,23.49775792
2389.625,87.258,2.32,8103.967545,20.75372382
2390.125,85.344,2.303,8225,19.52464287
2390.25,86.901,2.286,8018.006697,20.5400875
2390.375,87.97,2.27,7865.135842,21.2121966
2390.5,88.906,2.261,7751.476841,21.78452557
2390.625,89.865,2.254,7645.014188,22.35552537
2390.75,90.622,2.245,7550.881684,22.79618944
2390.875,91.235,2.237,7473.421384,23.14686373
2391,91.947,2.233,7402.29045,23.54651044
2391.125,92.849,2.229,7317.248436,24.04124501
2391.25,93.254,2.223,7265.858837,24.26090266
2391.375,93.218,2.218,7252.316076,24.24420379
2391.5,93.122,2.217,7256.519405,24.19540109
2391.625,93.248,2.217,7246.714139,24.26522805
2391.75,93.5,2.219,7233.702674,24.40169752
2391.875,93.429,2.222,7248.986931,24.36655606
2392,93.042,2.225,7288.966273,24.16256885
2392.125,92.11,2.227,7369.336663,23.65884763
2392.25,91.217,2.229,7448.164268,23.16413444
2392.375,90.856,2.232,7487.822488,22.96214998
2392.5,90.683,2.236,7515.551978,22.86592596
2392.625,90.583,2.242,7544.038065,22.81113837
2392.75,90.522,2.254,7589.527408,22.77860934
2392.875,90.512,2.267,7634.143539,22.77535018
2393,90.518,2.272,7650.473939,22.78128503
2393.125,90.551,2.273,7651.051893,22.80272568
2393.25,90.6,2.267,7626.728477,22.83332489
2393.375,90.577,2.256,7591.649094,22.82262208
2393.5,90.481,2.252,7586.229153,22.76996144
2393.625,90.349,2.254,7604.059813,22.696379
2393.75,90.367,2.266,7643.020129,22.70925471
2393.875,90.584,2.284,7685.277753,22.83658971
2394,90.995,2.293,7680.712127,23.07350797
2394.125,91.82,2.297,7624.979307,23.53867463
2394.25,92.693,2.29,7530.147908,24.01958976
2394.375,93.336,2.277,7435.818977,24.36733351
2394.5,94.062,2.267,7346.022836,24.75257386
2394.625,94.879,2.256,7247.42883,25.1770618
2394.75,94.935,2.242,7198.205088,25.20817657
2394.875,94.352,2.234,7216.839071,24.91095676
2395,93.401,2.236,7296.846929,24.41446162
2395.125,91.811,2.243,7446.454129,23.55367511
2395.25,90.54,2.261,7611.58383,22.83870673
2395.375,89.905,2.276,7716.198209,22.4732172
2395.5,89.344,2.281,7781.706662,22.14515121
2395.625,88.759,2.284,7843.297018,21.79736204
2395.75,88.748,2.288,7858.006941,21.793194
2395.875,89.3,2.293,7826.49944,22.12644126
2396,90.227,2.293,7746.089308,22.6730554
2396.125,91.932,2.287,7582.534917,23.64069167
2396.25,93.447,2.266,7391.107259,24.46401914
2396.375,94.137,2.24,7252.748654,24.82946192
2396.5,94.529,2.227,7180.755112,25.03522342
2396.625,94.42,2.22,7166.447786,24.98144208
2396.75,93.695,2.223,7231.660174,24.60529193
2396.875,92.987,2.234,7322.778453,24.23087279
2397,92.265,2.245,7416.420094,23.8415275
2397.125,91.527,2.257,7516.18211,23.43548424
2397.25,91.332,2.274,7588.963343,23.32865159
2397.375,91.405,2.291,7639.590832,23.3721464
2397.5,91.454,2.3,7665.493035,23.40211765
2397.625,91.481,2.307,7686.553492,23.41973876
2397.75,91.6,2.314,7699.860262,23.48875885
2397.875,91.874,2.313,7673.579032,23.64360972
2398,92.314,2.305,7610.589943,23.88840416
2398.125,93.085,2.291,7501.711339,24.30858661
2398.25,93.482,2.266,7388.340001,24.52281558
2398.375,93.258,2.245,7337.450943,24.40614802
2398.5,92.759,2.239,7357.207387,24.14056758
2398.625,91.819,2.24,7435.846611,23.62812842
2398.75,91.057,2.249,7528.198821,23.20341189
2398.875,90.802,2.262,7592.978128,23.0609347
2399,90.658,2.272,7638.659578,22.98110945
2399.125,90.458,2.284,7695.982666,22.86872476
2399.25,90.317,2.304,7775.492986,22.78984363
2399.375,90.42,2.322,7827.312541,22.85180738
2399.5,90.732,2.328,7820.552837,23.03342572
2399.625,91.421,2.33,7768.280811,23.42609269
2399.75,92.081,2.327,7702.670475,23.79551655
2399.875,92.403,2.327,7675.828707,23.97466332
2400,92.598,2.331,7672.830947,24.08339884
2400.125,92.644,2.337,7688.76128,24.11088571
2400.25,92.25,2.346,7751.336585,23.89844178
2400.375,91.534,2.352,7831.948784,23.50438534
2400.5,90.495,2.355,7931.974142,22.91743229
2400.625,88.729,2.359,8103.587328,21.87824724
2400.75,87.26,2.369,8274.939262,20.97388588
2400.875,86.705,2.382,8373.607058,20.62371183
2401,86.513,2.392,8427.422468,20.50285717
2401.125,86.649,2.402,8449.371603,20.59273285
2401.25,86.779,2.414,8478.862398,20.67843436
2401.375,86.691,2.423,8519.112711,20.62457801
2401.5,86.474,2.427,8554.589819,20.48755226
2401.625,86.171,2.43,8595.281475,20.29377176
2401.75,86.076,2.433,8615.39105,20.23434263
2401.875,86.142,2.435,8615.866825,20.27980727
2402,86.21,2.434,8605.535321,20.32649056
2402.125,86.268,2.431,8589.15009,20.36660199
2402.25,86.309,2.428,8574.475431,20.395639
2402.375,86.341,2.425,8560.706964,20.41881989
2402.5,86.391,2.424,8552.22419,20.45362103
2402.625,86.447,2.424,8546.684095,20.49224912
2402.75,86.41,2.423,8546.816341,20.47081401
2402.875,86.358,2.422,8548.433266,20.43964868
2403,86.457,2.422,8538.644644,20.50607517
2403.125,87.361,2.423,8453.776857,21.08430059
2403.25,89.15,2.425,8290.970275,22.18337342
2403.375,90.657,2.426,8156.510804,23.0678231
2403.5,91.896,2.427,8049.856359,23.76846344
2403.625,92.555,2.426,7989.247474,24.13280771
2403.75,92.037,2.425,8030.900616,23.85144014
2403.875,91.211,2.424,8100.28615,23.39291489
2404,90.178,2.424,8193.075917,22.80394032
2404.125,88.09,2.425,8390.736747,21.55766028
2404.25,85.379,2.43,8675.013762,19.82399266
2405.25,90.392,2.338,7883.688822,22.95280144
2405.375,91.947,2.296,7611.1325,23.83429832
2405.5,92.789,2.277,7479.653838,24.29744953
2405.625,93.011,2.266,7425.753943,24.4196832
2405.75,92.683,2.261,7435.59013,24.24506087
2405.875,92.314,2.261,7465.31187,24.04640822
2406,91.91,2.261,7498.126428,23.82635077
2406.125,91.22,2.26,7551.501864,23.44301607
2406.25,90.411,2.257,7608.959087,22.98372982
2406.375,89.883,2.255,7646.87427,22.67921753
2406.5,89.502,2.255,7679.426158,22.45735553
2406.625,89.32,2.257,7701.898791,22.35182555
2406.75,89.433,2.26,7702.391735,22.42144355
2406.875,89.564,2.265,7708.141664,22.50149234
2407,89.634,2.269,7715.723944,22.54531044
2407.125,89.596,2.274,7736.006072,22.52537344
2407.25,89.551,2.28,7760.315351,22.50127389
2407.375,89.624,2.282,7760.796215,22.54687911
2407.5,89.805,2.28,7738.366461,22.65589751
2407.625,90.325,2.277,7683.69333,22.96147726
2407.75,91.098,2.267,7585.035895,23.40655367
2407.875,91.743,2.256,7495.163664,23.77123404
2408,92.393,2.248,7416.042341,24.13234913
2408.125,93.197,2.239,7322.630557,24.56980537
2408.25,93.736,2.229,7248.007169,24.85870057
2408.375,93.929,2.223,7213.644348,24.96277014
2408.5,94.031,2.222,7202.577873,25.01875236
2408.625,93.959,2.224,7214.585085,24.98355809
2408.75,93.668,2.235,7272.79327,24.83289037
2408.875,93.403,2.255,7358.692976,24.69486703
2409,93.159,2.275,7443.403214,24.56709308
2409.125,92.809,2.296,7540.441121,24.38121443
2409.25,92.24,2.326,7686.088465,24.07362577
2409.375,91.545,2.351,7827.678191,23.69080801
2409.5,90.602,2.363,7949.519878,23.15863462
2409.625,89.052,2.372,8118.690203,22.25140189
2409.75,87.808,2.382,8268.422012,21.49459262
2409.875,87.349,2.388,8332.807473,21.21006404
2410,87.16,2.389,8354.373566,21.09325633
2410.125,87.284,2.389,8342.504926,21.17405692
2410.25,87.808,2.386,8282.306851,21.50449415
2410.375,88.359,2.383,8220.310325,21.84660357
2410.5,88.937,2.382,8163.459528,22.19972139
2410.625,89.54,2.382,8108.483359,22.56199456
2410.75,89.676,2.383,8099.585173,22.64479765
2410.875,89.587,2.384,8111.033967,22.59476651
2411,89.58,2.385,8115.070328,22.59312149
2411.125,89.703,2.387,8110.738771,22.66818359
2411.25,89.67,2.392,8130.719304,22.6512304
2411.375,89.501,2.396,8159.694305,22.55385355
2411.5,89.311,2.397,8180.466012,22.44349945
2411.625,89,2.397,8209.051685,22.25997577
2411.75,88.551,2.394,8240.349629,21.99102148
2411.875,88.129,2.391,8269.432309,21.73522681
2412,87.688,2.389,8304.068972,21.46447139
2412.125,87.374,2.387,8326.934786,21.27029253
2412.25,87.716,2.383,8280.569109,21.48687397
2412.375,88.131,2.378,8224.284304,21.74637735
2412.5,88.257,2.374,8198.728713,21.82629808
2412.625,87.583,2.367,8237.461608,21.41128331
2412.75,86.483,2.352,8289.370165,20.714856
2412.875,85.923,2.334,8279.543312,20.35290017
2413,85.723,2.325,8266.859536,20.22376433
2413.125,85.978,2.321,8228.160692,20.3938759
2413.25,86.38,2.326,8207.510998,20.65813063
2413.375,86.609,2.336,8221.002436,20.80837181
2413.5,86.877,2.343,8220.200974,20.98254904
2413.625,87.595,2.345,8159.780809,21.43859254
2413.75,88.521,2.339,8053.763514,22.01250129
2413.875,88.975,2.327,7971.560551,22.28972983
2414,89.114,2.319,7931.763808,22.37563798
2414.125,88.791,2.315,7946.886509,22.18377687
2414.25,88.272,2.326,8031.593257,21.87024595
2414.375,88.019,2.353,8148.177098,21.71698459
2414.5,87.906,2.38,8252.26947,21.64954032
2414.625,88.058,2.405,8324.558814,21.7460272
2414.75,88.354,2.433,8393.263463,21.93041822
2414.875,88.512,2.444,8416.160521,22.02938172
2415,88.605,2.444,8407.3269,22.08845542
2415.125,88.578,2.441,8399.566484,22.07452762
2415.25,88.448,2.434,8387.789436,21.99780728
2415.375,88.371,2.427,8370.954272,21.95323959
2415.5,88.334,2.424,8364.10895,21.93307741
2415.625,88.443,2.422,8346.908178,22.00220981
2415.75,88.788,2.423,8317.907825,22.21430182
2415.875,89.181,2.428,8298.341575,22.45309576
2416,89.637,2.433,8273.128284,22.72653587
2416.125,90.12,2.439,8249.081225,23.01229406
2416.25,89.982,2.451,8302.380476,22.93424833
2416.375,89.374,2.463,8399.785172,22.57816747
2416.5,88.615,2.47,8495.807707,22.12437102
2416.625,88.028,2.475,8569.773254,21.76720753
2416.75,88.381,2.476,8538.993675,21.98668907
2416.875,89.051,2.469,8450.788874,22.39514382
2417,89.693,2.463,8369.910695,22.77954422
2417.125,89.832,2.457,8336.601656,22.86383184
2417.625,85.447,2.457,8764.42239,20.13182113
2417.75,86.161,2.452,8674.105454,20.60460545
2417.875,87.972,2.443,8464.356841,21.75740366
2418,90.442,2.436,8209.601734,23.23658275
2418.125,94.095,2.429,7868.209788,25.24698011
2418.25,96.672,2.424,7642.701092,26.55276797
2418.625,96.344,2.428,7681.375073,26.3993689
2418.75,94.059,2.431,7877.702293,25.2408026
2418.875,91.903,2.431,8062.509385,24.08118571
2419,89.679,2.429,8255.658515,22.81124622
2419.125,87.601,2.424,8434.095501,21.55138134
2419.25,87.904,2.413,8366.882053,21.74258588
2419.375,89.75,2.4,8150.640669,22.8605854
2419.5,92.332,2.395,7906.208032,24.33044098
2419.625,96.007,2.394,7600.395804,26.25283916
2420.5,96.59,2.436,7687.056631,26.55855795
2420.625,94.196,2.444,7908.310332,25.3504201
2420.75,92.373,2.45,8084.180442,24.37812269
2420.875,92.285,2.445,8075.375196,24.33236568
2421,93.31,2.436,7957.269317,24.89017807
2421.125,96.37,2.425,7669.814258,26.46318664
2429.625,91.007,2.454,8218.919424,23.79397722
2429.75,89.91,2.463,8349.70971,23.1623976
2429.875,90.484,2.463,8296.741965,23.49909442
2430,91.614,2.459,8181.098959,24.14425818
2430.125,93.539,2.454,7996.442126,25.19708119
2430.25,95.139,2.448,7842.739571,26.03235884
2430.375,95.895,2.445,7771.374941,26.41633159
2430.5,96.533,2.445,7720.012845,26.73497947
2431.375,96.382,2.437,7706.808325,26.67853876
2431.5,95.615,2.439,7775.006014,26.29890721
2431.625,95.416,2.439,7791.221598,26.20104189
2431.75,96.338,2.432,7694.508917,26.6644912
2438.125,95.133,2.376,7612.55085,26.18997122
2438.25,91.454,2.392,7972.112756,24.220973
2438.375,91.446,2.392,7972.810183,24.21899461
2438.5,92.553,2.386,7857.690188,24.83553574
2438.625,93.82,2.381,7735.331486,25.5186855
2438.75,92.854,2.386,7832.218321,25.00440365
2438.875,90.629,2.396,8058.135917,23.76386029
2439,88.085,2.396,8290.864506,22.24820934
2439.125,86.138,2.387,8446.418538,21.01259896
2439.25,87.028,2.359,8261.975456,21.58963828
2439.375,88.88,2.333,8000.657066,22.74183376
2439.5,90.803,2.326,7807.724414,23.87642661
2439.625,92.572,2.33,7671.693385,24.86872645
2439.75,93.14,2.355,7706.721065,25.17912767
2439.875,93.232,2.39,7813.540415,25.23109246
2440,93.442,2.413,7871.004473,25.3459974
2440.125,93.816,2.431,7898.106933,25.54710243
2440.75,90.71,2.476,8319.753059,23.84826471
2440.875,91.337,2.475,8259.303459,24.20804072
2441,92.48,2.471,8144.039792,24.84629921
2441.125,95.094,2.465,7900.940122,26.23135176
2461.875,96.592,2.428,7661.653139,27.40848215
2462,93.892,2.436,7907.945299,26.03383942
2462.125,90.605,2.441,8211.652779,24.22008044
2462.25,89.487,2.439,8307.432364,23.56662064
2462.375,90.634,2.426,8158.580665,24.2418978
2462.5,92.968,2.411,7904.577919,25.54967664
2474.375,96.646,2.388,7531.221158,27.69320887
2474.5,95.938,2.395,7609.039171,27.34405183
2474.625,95.703,2.4,7643.647535,27.22844104
2474.75,96.087,2.404,7625.789129,27.42377907
2474.875,96.462,2.401,7586.664179,27.61275473
2475,96.764,2.397,7550.386507,27.76413856
2477.75,95.757,2.392,7613.872615,27.3201817
2477.875,94.169,2.401,7771.398231,26.50557812
2478,93,2.406,7885.470968,25.88420339
2478.125,92.915,2.408,7899.245547,25.84063139
2478.25,94.248,2.405,7777.820219,26.55476139
2478.375,95.499,2.394,7640.825558,27.20262635
2478.5,96.661,2.386,7523.745875,27.78595367
2479.25,96.197,2.349,7442.801751,27.57166888
2479.375,94.255,2.343,7576.748183,26.581582
2479.5,92.217,2.343,7744.194671,25.48589226
2479.625,89.738,2.348,7975.109764,24.0679217
2479.75,88.349,2.36,8141.891815,23.23074683
2479.875,87.995,2.374,8223.139951,23.01395445
2480,87.821,2.382,8267.198051,22.90786665
2480.125,87.841,2.39,8293.074988,22.9229037
2480.25,88.306,2.396,8270.115281,23.21433966
2480.375,89.075,2.396,8198.717934,23.68640645
2480.5,90.267,2.393,8080.321712,24.39705834
2480.625,92.411,2.388,7876.361039,25.61609023
2480.75,94.055,2.38,7712.763808,26.50472212
2480.875,94.454,2.375,7664.048108,26.71654544
2481,94.348,2.372,7662.966889,26.66374487
2481.125,93.657,2.371,7716.24972,26.30148392
2481.25,92.94,2.371,7775.777921,25.91830333
2481.375,92.456,2.374,7826.373626,25.65623521
2481.5,91.66,2.376,7900.990617,25.21595675
2481.625,89.419,2.379,8109.229582,23.91856779
2481.75,86.558,2.382,8387.827815,22.1382873
2481.875,84.837,2.385,8568.761272,20.99550962
2482,83.585,2.386,8700.757313,20.12761779
2482.75,83.712,2.345,8538.274083,20.23234129
2482.875,84.585,2.332,8403.305551,20.84290191
2483,85.66,2.322,8262.264768,21.57295665
2483.125,87.558,2.311,8044.870828,22.80577254
2483.25,89.435,2.294,7818.093588,23.96115245
2483.375,90.432,2.278,7677.972399,24.5518192
2483.5,91.116,2.269,7590.227841,24.94857643
2483.625,91.582,2.261,7524.980891,25.21549308
2483.75,91.561,2.258,7516.720001,25.2062084
2483.875,91.136,2.264,7571.839888,24.96765153
2484,90.308,2.274,7675.014395,24.49229068
2484.125,88.475,2.286,7875.363662,23.39688919
2484.25,86.708,2.301,8088.582368,22.2857812
2484.375,86.101,2.306,8163.305885,21.89251414
2484.5,86.144,2.302,8145.078009,21.92329555
2484.625,87.117,2.295,8029.615345,22.55614546
2484.75,88.256,2.286,7894.905729,23.27454806
2484.875,88.809,2.282,7832.017025,23.61639394
2485,89.182,2.282,7799.25994,23.84483453
2485.125,89.584,2.284,7771.066262,24.08821488
2485.25,89.935,2.287,7750.904542,24.29884806
2485.375,90.091,2.289,7744.249703,24.39322911
2485.5,90.151,2.29,7742.476512,24.43099183
2485.625,90.087,2.29,7747.976956,24.39597253
2485.75,89.857,2.29,7767.808852,24.26296073
2485.875,89.288,2.294,7830.964967,23.92638539
2486,88.089,2.302,7965.23516,23.19634213
2486.125,85.077,2.316,8297.387073,21.24386693
2487.125,84.564,2.387,8603.632752,20.91349223
2487.25,86.511,2.375,8367.722024,22.21853185
2487.375,87.754,2.375,8249.196618,23.01499909
2487.5,88.881,2.38,8161.744355,23.71347778
2487.625,89.797,2.388,8105.642727,24.26563281
2487.75,89.606,2.392,8136.526572,24.15473231
2487.875,88.983,2.383,8162.664779,23.78299791
2488,88.731,2.367,8130.885485,23.63227387
2488.125,90.016,2.348,7950.479915,24.40515887
2488.25,92.3,2.32,7661.27844,25.71113344
2488.375,93.332,2.304,7524.313204,26.27659105
2488.5,93.106,2.303,7539.303589,26.15722546
2488.625,90.188,2.309,7803.512662,24.51638952
2488.75,86.009,2.326,8242.914114,21.91992976
2488.875,83.473,2.344,8559.0694,20.18519315
2489.625,83.131,2.413,8847.269971,19.95568684
2489.75,86.445,2.43,8568.03748,22.22597092
2489.875,86.413,2.438,8599.428327,22.20762976
2490,84.64,2.44,8786.767486,21.02334071
2490.5,85.924,2.427,8609.347796,21.89899942
2490.625,89.455,2.417,8235.443519,24.12313361
2490.75,91.186,2.406,8042.339833,25.13674299
2490.875,91.103,2.404,8042.975533,25.09191561
2491,90.16,2.41,8147.382431,24.54842475
2491.125,87.475,2.416,8418.368677,22.91510635
2491.25,84.529,2.419,8722.582782,20.97201346
2491.375,83.22,2.404,8804.844989,20.05444977
2491.625,84.146,2.355,8530.458964,20.71402117
2491.75,86.202,2.317,8192.635902,22.107377
2491.875,87.405,2.288,7978.747211,22.8859514
2492,88.406,2.278,7853.928466,23.51417144
2492.125,90.034,2.273,7694.986338,24.49733202
2492.25,92.048,2.273,7526.620893,25.65333656
2492.375,93.375,2.28,7442.506024,26.3820593
2492.5,94.245,2.29,7406.143562,26.84688409
2492.625,93.851,2.305,7485.951135,26.64144847
2492.75,91.682,2.332,7752.815165,25.45867789
2492.875,89.56,2.356,8018.18669,24.23169848
2493,87.568,2.366,8235.391924,23.01184025
2493.125,85.805,2.367,8408.153371,21.87298333
2493.25,85.559,2.358,8400.266483,21.71155058
2493.375,86.143,2.344,8293.781271,22.10137952
2493.5,86.83,2.338,8207.098929,22.55120861
2493.625,87.132,2.337,8175.154937,22.74758449
2493.75,86.218,2.353,8318.383632,22.15820939
2493.875,84.911,2.38,8543.345385,21.28654022
2494,83.447,2.4,8766.28279,20.26902112
2494.375,83.009,2.38,8739.100579,19.96256863
2494.5,84.98,2.352,8435.980231,21.34608906
2494.625,88.541,2.323,7996.864729,23.65054319
2494.75,91.512,2.286,7614.004721,25.40379949
2494.875,92.496,2.26,7447.327452,25.95535761
2495,92.663,2.251,7404.301609,26.04965703
2495.125,92.014,2.246,7439.963484,25.69340714
2495.25,91.334,2.247,7498.69271,25.31315777
2495.375,91.128,2.253,7535.712405,25.19833688
2495.5,91.041,2.258,7559.653343,25.15112317
2495.625,90.819,2.262,7591.556833,25.02613044
2495.75,90.354,2.27,7657.613387,24.7589719
2495.875,89.82,2.281,7740.467602,24.4474711
2496,89.07,2.29,7836.443247,24.00096338
2496.125,87.489,2.301,8016.376916,23.02523662
2496.25,85.571,2.323,8274.420072,21.77997857
2496.375,84.333,2.35,8493.472306,20.9392429
2496.5,83.436,2.367,8646.886236,20.31115642
2496.625,83.173,2.38,8721.868876,20.12553579
2496.75,83.838,2.39,8689.043155,20.60085575
2496.875,84.483,2.393,8633.528639,21.05309553
2497,84.966,2.395,8591.624885,21.38680823
2497.125,85.167,2.398,8582.08461,21.52577086
2497.25,85.169,2.406,8610.513215,21.52963964
2497.375,85.433,2.412,8605.311765,21.7101475
2497.5,86.133,2.414,8542.454112,22.17802919
2497.625,88.14,2.411,8337.562968,23.46384032
2497.75,91.272,2.398,8008.046279,25.3291511
2497.875,94.256,2.375,7680.147683,26.96370606
2500.375,94.605,2.311,7445.619153,27.19794492
2500.5,88.575,2.332,8024.765453,23.79093839
2500.625,83.277,2.348,8593.854245,20.280088
2501.125,83.748,2.375,8643.788508,20.62505319
2501.25,86.044,2.375,8413.137465,22.19510844
2501.375,87.564,2.371,8253.172537,23.17915559
2501.5,88.931,2.366,8109.17228,24.02875126
2501.625,90.575,2.359,7938.428926,25.00786345
2501.75,91.799,2.349,7799.379078,25.70922151
2501.875,92.267,2.338,7723.480768,25.97286911
2502,92.385,2.332,7693.820425,26.04074879
2502.125,91.917,2.328,7719.729756,25.7830735
2502.25,91.002,2.332,7810.747017,25.26713075
2502.375,90.214,2.344,7919.515818,24.81258324
2502.5,89.392,2.355,8029.846071,24.32754152
2502.625,88.253,2.364,8164.563244,23.6356236
2502.75,87.359,2.375,8286.495953,23.07717074
2502.875,87.096,2.385,8346.514191,22.91192562
2503,87.167,2.392,8364.192871,22.95988093
2503.125,87.454,2.399,8361.140714,23.14507985
2503.25,86.804,2.409,8458.863647,22.7317513
2503.375,85.104,2.413,8642.16018,21.60892839
2504,86.98,2.393,8385.679467,22.86033076
2505.375,91.597,2.316,7706.767689,25.67001982
2505.5,88.849,2.316,7945.129377,24.06043442
2505.625,85.994,2.316,8208.907598,22.25051263
2505.75,84.452,2.316,8358.793161,21.21002318
2505.875,84.276,2.316,8376.249466,21.09045028
2506,84.668,2.315,8333.868758,21.3640243
2506.125,86.1,2.312,8184.641115,22.33061478
2506.25,87.916,2.297,7963.574321,23.4995669
2506.375,89.002,2.274,7787.636233,24.17133745
2506.5,89.803,2.255,7653.686402,24.6545643
2506.625,90.459,2.239,7544.270885,25.04287829
2506.75,90.884,2.225,7462.039523,25.29165195
2506.875,91.139,2.223,7434.472619,25.44056989
2507,91.307,2.229,7440.822719,25.53900121
2507.125,91.031,2.239,7496.865903,25.38384627
2507.25,89.949,2.258,7651.429143,24.75638465
2507.375,88.746,2.277,7820.4043,24.03583175
2507.5,87.48,2.29,7978.875171,23.25044923
2507.625,86.036,2.301,8151.759728,22.31873473
2507.75,85.249,2.316,8280.646107,21.79536991
2507.875,85.131,2.324,8320.766818,21.71799271
2508,85.262,2.324,8307.982454,21.80920268
2508.125,85.781,2.322,8250.610275,22.15977121
2508.25,86.357,2.318,8181.460681,22.54246101
2508.375,86.544,2.321,8174.348308,22.66705712
2508.5,86.427,2.33,8217.154361,22.59329698
2508.625,85.709,2.343,8332.22182,22.12191289
2508.75,84.864,2.366,8497.794118,21.55381848
2508.875,84.514,2.387,8608.722815,21.31580018
2509,84.469,2.396,8645.784844,21.28721048
2509.125,84.957,2.4,8610.473534,21.62488134
2509.25,85.782,2.4,8527.663146,22.18319324
2509.375,86.477,2.396,8445.029314,22.64367367
2509.5,87.434,2.389,8328.192694,23.26194933
2509.625,89.965,2.378,8056.626466,24.81449676
2509.75,93.979,2.353,7631.432554,27.06331991
2510.5,96.781,2.381,7498.670194,28.5101046
2510.625,89.371,2.4,8185.205492,24.48103018
2510.75,84.115,2.417,8758.266659,21.07625784
2510.875,83.28,2.421,8860.720461,20.48763454
2511,84.502,2.416,8714.548768,21.35032555
2511.125,88.864,2.407,8255.914656,24.18444175
2512.5,94.931,2.265,7272.355711,27.61853987
2512.625,90.772,2.264,7602.203323,25.34772475
2512.75,89.036,2.268,7764.122377,24.32225317
2512.875,89.038,2.272,7777.641007,24.32602338
2513,89.316,2.276,7767.083165,24.49656684
2513.125,89.562,2.283,7769.571917,24.64669136
2513.25,89.385,2.301,7846.336634,24.54317856
2513.375,89.023,2.329,7974.110061,24.32715039
2513.5,88.612,2.35,8083.329572,24.07881944
2513.625,88.405,2.368,8164.316498,23.95390736
2513.75,88.965,2.381,8157.464171,24.29959196
2513.875,89.8,2.379,8074.824053,24.80387492
2514,90.746,2.374,7973.852291,25.36095753
2514.125,91.756,2.368,7866.149353,25.93983604
2514.25,92.072,2.362,7819.289252,26.11948481
2514.375,91.913,2.356,7812.918738,26.03315762
2514.5,91.635,2.352,7823.316418,25.87935987
2514.625,91.17,2.347,7846.502139,25.61770105
2514.75,90.748,2.339,7856.120245,25.3775374
2514.875,90.597,2.335,7855.756813,25.2925637
2515,90.554,2.334,7856.121209,25.2701365
2515.125,90.717,2.336,7848.725156,25.36730648
2515.25,91.235,2.343,7827.548638,25.66771109
2515.375,91.844,2.355,7815.46971,26.01508344
2515.5,92.586,2.363,7779.171797,26.43011782
2515.625,93.603,2.371,7720.70126,26.98478182
2515.75,94.36,2.377,7678.143281,27.38868065
2515.875,94.722,2.379,7655.23532,27.5803555
2516,95.063,2.377,7621.362675,27.75942133
2516.125,95.77,2.374,7555.551843,28.12290195
2517.25,95.419,2.367,7560.98471,27.96800147
2517.375,93.15,2.371,7758.247987,26.77696796
2517.5,90.781,2.374,7970.778026,25.45320142
2517.625,87.81,2.374,8240.46464,23.66491484
2517.75,86.028,2.365,8379.271865,22.51865042
2517.875,85.816,2.347,8336.039899,22.380536
2518,86.292,2.333,8240.606313,22.69767047
2518.125,87.945,2.323,8051.059185,23.75978693
2518.25,90.098,2.32,7848.5205,25.06996483
2518.375,91.51,2.329,7757.39482,25.88855148
2518.5,92.549,2.339,7703.240446,26.47177764
2518.625,93.036,2.349,7695.679092,26.74095771
2518.75,92.521,2.36,7774.75384,26.46151426
2518.875,91.661,2.365,7864.326158,25.98427817
2519,90.649,2.366,7955.485444,25.4076098
2519.125,89.414,2.366,8065.367839,24.68100769
2519.25,88.987,2.365,8100.643914,24.42555975
2519.375,89.319,2.363,8063.708729,24.62899857
2519.5,89.933,2.363,8008.655332,24.99819191
2519.625,90.793,2.363,7932.796581,25.50388804
2519.75,91.166,2.365,7907.026742,25.72099835
2519.875,91.227,2.368,7911.762965,25.75845215
2520,91.439,2.368,7893.419657,25.88179031
2520.125,92.291,2.365,7810.642425,26.36271471
2520.25,93.654,2.358,7674.187968,27.10799804
2520.375,94.817,2.351,7557.556134,27.7232833
2520.5,95.984,2.349,7459.31822,28.32209233
2522.125,93.249,2.29,7485.249172,26.92902508
2522.25,89.615,2.308,7850.007253,24.86555721
2522.375,89.178,2.307,7885.056853,24.60543525
2522.5,89.624,2.299,7818.611086,24.87606884
2522.625,90.436,2.29,7718.076872,25.35822655
2522.75,90.568,2.281,7676.539175,25.43774927
2522.875,90.216,2.28,7703.11253,25.23449809
2523,89.756,2.284,7756.174518,24.96504478
2523.125,89.192,2.291,7829.141627,24.62928916
2523.25,88.64,2.304,7922.599278,24.29550447
2523.375,88.134,2.315,8006.127034,23.98510777
2523.5,87.574,2.322,8081.686345,23.63602626
2523.625,87.004,2.327,8152.149326,23.27483669
2523.75,86.892,2.334,8187.211711,23.20521061
2523.875,86.963,2.339,8198.052045,23.25353985
2524,86.971,2.341,8204.307183,23.26124115
2524.125,86.937,2.341,8207.515787,23.24188271
2524.25,87.424,2.338,8151.336018,23.55619341
2524.375,88.413,2.334,8046.364222,24.17869878
2524.5,89.85,2.33,7904.106845,25.05175767
2524.625,92.182,2.322,7677.698466,26.39521386
2524.75,93.702,2.304,7494.602036,27.22710669
2524.875,93.713,2.279,7412.410231,27.23558305
2525,93.088,2.263,7409.788587,26.90137152
2525.125,91.838,2.251,7470.816002,26.21309918
2525.25,91.105,2.241,7497.467757,25.79950584
2525.375,91.103,2.236,7480.904032,25.80093886
2525.5,91.291,2.236,7465.498242,25.91106576
2525.625,91.237,2.238,7476.59831,25.88281249
2525.75,90.389,2.248,7580.462224,25.39511791
2525.875,89.501,2.268,7723.784092,24.8718069
2526,88.735,2.284,7845.418381,24.41014062
2526.125,88.253,2.299,7940.072292,24.11541182
2526.25,88.453,2.311,7963.469865,24.24182283
2526.375,88.762,2.311,7935.747279,24.43436593
2526.5,88.91,2.308,7912.25284,24.52734108
2526.625,88.485,2.308,7950.255976,24.2692599
2526.75,87.607,2.321,8075.162944,23.72331907
2526.875,87.078,2.345,8208.227107,23.38870735
2527,86.781,2.364,8303.052511,23.19970391
2527.125,86.9,2.379,8344.294591,23.27920176
2527.25,87.409,2.387,8323.600545,23.60793594
2527.375,87.777,2.375,8247.0351,23.8433778
2527.5,88.066,2.354,8147.289533,24.02712585
2527.625,88.376,2.328,8029.039558,24.22239937
2527.75,88.729,2.291,7869.995154,24.44236148
2527.875,89.1,2.263,7741.441077,24.67109621
2528,89.574,2.253,7666.447853,24.9592251
2528.125,90.257,2.247,7588.171555,25.36669238
2528.25,90.549,2.242,7546.870755,25.54004676
2528.375,90.438,2.238,7542.652425,25.47786729
2528.5,90.255,2.235,7547.814526,25.37324601
2528.625,90.192,2.231,7539.56892,25.33879143
2528.75,90.534,2.226,7494.254092,25.5416199
2528.875,90.99,2.221,7439.947247,25.80828119
2529,91.472,2.217,7387.414728,26.08643298
2529.125,91.957,2.214,7338.508216,26.36266659
2529.25,92.07,2.21,7316.259368,26.4284957
2529.375,91.918,2.212,7334.989882,26.34597149
2529.5,91.576,2.218,7382.353455,26.15575999
2529.625,90.594,2.228,7496.019604,25.59461001
2529.75,89.14,2.251,7696.935158,24.733866
2529.875,87.855,2.278,7903.185931,23.94360069
2530,86.424,2.296,8097.528464,23.02841254
2530.125,84.382,2.312,8351.278709,21.65360169
2530.25,82.839,2.334,8587.781118,20.55875434
2530.75,83.562,2.36,8608.314784,21.08936094
2530.875,85.355,2.343,8366.778748,22.33542266
2531,88.408,2.325,8015.790426,24.31140549
2531.125,95.401,2.304,7361.130386,28.24824296
2531.875,94.617,2.307,7431.789213,27.85880538
2532,89.827,2.317,7862.019215,25.19247533
2532.125,85.23,2.32,8296.796902,22.27624774
2532.25,83.325,2.312,8457.216922,20.95026539
2532.375,83.372,2.297,8397.610709,20.98648253
2532.5,83.989,2.285,8292.37162,21.42694902
2532.625,85.532,2.273,8100.01403,22.49025275
2532.75,87.315,2.259,7885.737846,23.66049854
2532.875,88.356,2.25,7761.781882,24.31768616
2533,89.098,2.246,7683.458663,24.77521748
2533.125,89.777,2.245,7621.95217,25.18590882
2533.25,90.359,2.243,7566.112949,25.53221437
2533.375,90.854,2.239,7511.471152,25.8228196
2533.5,91.391,2.234,7450.659255,26.13346637
2533.625,91.89,2.229,7393.614104,26.41829196
2533.75,91.732,2.228,7403.026207,26.33193077
2533.875,91.091,2.237,7485.235643,25.96967968
2534,90.169,2.249,7602.337832,25.43608313
2534.125,88.786,2.266,7779.118329,24.60818938
2534.25,87.799,2.296,7970.714928,23.99800967
2534.375,87.409,2.325,8107.403128,23.75367336
2534.5,87.006,2.342,8204.510034,23.49819121
2534.625,86.085,2.357,8345.398153,22.89966081
2534.75,85.262,2.373,8483.150759,22.35130831
2534.875,85.318,2.381,8506.162826,22.39175844
2535,86.093,2.38,8426.050898,22.9125993
2535.125,88.28,2.373,8193.140009,24.31672517
2535.25,90.417,2.355,7938.816815,25.60746257
2535.375,91.166,2.334,7803.38284,26.04373626
2535.5,91.352,2.323,7750.792539,26.1526472
2535.625,91.229,2.315,7734.514244,26.08498432
2535.75,91.554,2.312,7697.070581,26.27268536
2535.875,92.286,2.316,7649.229569,26.68625312
2536,93.2,2.321,7590.566524,27.19071222
2536.125,93.99,2.327,7546.224066,27.61728732
2536.25,93.417,2.34,7634.927262,27.31326728
2536.375,92.133,2.354,7787.64612,26.61140204
2536.5,90.575,2.363,7951.889594,25.72552599
2536.625,88.84,2.37,8131.202161,24.69263316
2536.75,88.524,2.38,8194.659076,24.50113431
2536.875,89.214,2.388,8158.611877,24.92525107
2537,90.202,2.392,8082.765349,25.51743836
2537.125,91.336,2.397,7999.097837,26.17717482
2537.25,91.457,2.404,8011.843817,26.24868333
2537.375,90.743,2.411,8098.396571,25.84126168
2537.5,89.537,2.413,8214.284597,25.13268061
2537.625,87.303,2.41,8414.006392,23.75263839
2537.75,85.31,2.394,8553.407572,22.44486289
2537.875,84.518,2.365,8528.976076,21.90516305
2538,84.339,2.342,8463.956177,21.78338192
2538.125,85.231,2.319,8293.123394,22.39897523
2538.25,86.947,2.29,8027.787043,23.53687429
2538.375,88.312,2.269,7831.225654,24.40334708
2538.5,89.516,2.259,7691.845033,25.14070159
2538.625,90.483,2.252,7586.06147,25.71578536
2538.75,90.269,2.249,7593.915962,25.59299129
2538.875,89.39,2.256,7692.457769,25.07269352
2539,88.245,2.266,7826.809451,24.37456311
2539.125,86.793,2.276,7992.865784,23.4551748
2539.25,86.249,2.285,8075.084929,23.1022955
2539.375,86.588,2.28,8025.869636,23.32700205
2539.5,87.262,2.27,7928.9496,23.76484914
2539.625,88.367,2.257,7784.960449,24.46315338
2539.75,89.067,2.242,7672.44434,24.89533169
2539.875,89.164,2.237,7647.005518,24.95677433
2540,88.999,2.241,7674.88174,24.85911785
2540.125,88.261,2.25,7770.1363,24.40763308
2540.25,87.065,2.267,7936.387756,23.65385346
2540.375,86.023,2.283,8089.21335,22.97594901
2540.5,84.947,2.291,8220.382121,22.25385674
2540.625,83.643,2.296,8366.758725,21.34684636
2540.75,82.942,2.301,8455.846254,20.84560399
2540.875,82.89,2.305,8475.859573,20.81033664
2541,82.996,2.309,8479.724324,20.88984619
2541.125,83.189,2.315,8482.034884,21.03191242
2541.25,83.286,2.325,8508.752972,21.10426866
2541.375,83.213,2.335,8552.84631,21.05426851
2541.5,82.996,2.342,8600.915707,20.89996037
2541.625,82.434,2.348,8681.738118,20.49148923
2542.125,82.688,2.338,8618.208204,20.68821401
2542.25,83.779,2.304,8382.281956,21.47632148
2542.375,84.684,2.266,8155.930282,22.11137116
2542.5,85.713,2.244,7979.783697,22.81287595
2542.625,87.372,2.229,7775.937371,23.89918154
2542.75,88.874,2.216,7599.936989,24.83951867
2542.875,89.505,2.209,7522.52053,25.22435786
2543,89.808,2.207,7490.352753,25.40811591
2543.125,89.908,2.206,7478.63149,25.47015887
2543.25,89.942,2.204,7469.026706,25.49292127
2543.375,90.117,2.204,7454.522454,25.59906837
2543.5,90.019,2.204,7462.637888,25.54371899
2543.625,89.639,2.206,7501.074309,25.32015904
2543.75,89.371,2.209,7533.799555,25.1618009
2543.875,89.291,2.212,7550.790113,25.11610435
2544,89.488,2.216,7547.791883,25.23737166
2544.125,89.674,2.222,7552.530276,25.35141656
2544.25,89.553,2.23,7589.963485,25.28155222
2544.375,89.127,2.236,7646.760241,25.02711227
2544.5,88.001,2.242,7765.384484,24.33531108
2544.625,86.71,2.251,7912.637527,23.5139021
2544.75,86.001,2.256,7995.590749,23.05075021
2544.875,85.603,2.259,8043.447075,22.78764078
2545,85.845,2.261,8027.873493,22.95209713
2545.125,86.792,2.266,7957.839432,23.57739757
2545.25,87.625,2.27,7896.10271,24.1138707
2545.375,88.455,2.272,7828.902832,24.63596078
2545.5,89.663,2.273,7726.826004,25.37324922
2545.625,90.849,2.272,7622.600139,26.07349213
2545.75,91.689,2.271,7549.442136,26.55660342
2545.875,92.526,2.271,7481.149082,27.0271867
2546,93.336,2.271,7416.225251,27.47271677
2546.125,93.392,2.275,7424.832962,27.50559246
2546.25,92.904,2.285,7496.641695,27.24290049
2546.375,92.092,2.294,7592.52921,26.79625403
2546.5,90.6,2.305,7754.569536,25.94704033
2546.625,89.347,2.317,7904.256438,25.20668368
2546.75,88.918,2.322,7959.531254,24.94886688
2546.875,88.74,2.32,7968.627451,24.84247567
2547,88.73,2.315,7952.349825,24.83891493
2547.125,88.724,2.306,7921.969253,24.8378086
2547.25,88.504,2.302,7927.885745,24.704881
2547.375,88.034,2.304,7977.136107,24.41512609
2547.5,87.15,2.311,8082.533563,23.85716051
2547.625,86.531,2.325,8189.666131,23.45867911
2547.75,86.379,2.334,8235.835099,23.36165965
2547.875,86.164,2.336,8263.460378,23.22261336
2548,84.659,2.337,8413.961894,22.20865917
2549.125,87.388,2.315,8074.472468,24.04286026
2549.25,88.623,2.277,7831.258251,24.819521
2549.375,88.585,2.266,7796.769205,24.79868257
2549.5,87.295,2.264,7905.002577,23.99116453
2549.625,86.226,2.27,8024.215434,23.29937982
2549.75,86.094,2.281,8075.461705,23.21470383
2549.875,86.299,2.29,8088.06591,23.35260311
2550,86.765,2.299,8076.242725,23.65984716
2550.125,87.02,2.315,8108.618708,23.82741446
2550.25,86.998,2.33,8163.222143,23.81579348
2550.375,86.848,2.337,8201.888357,23.72138334
2550.5,86.398,2.34,8255.191092,23.43048652
2550.625,85.898,2.339,8299.694987,23.10246147
2550.75,85.636,2.334,8307.291326,22.92986169
2550.875,85.851,2.333,8282.936716,23.07625564
2551,86.032,2.332,8261.96764,23.19921009
2551.125,85.931,2.332,8271.67844,23.13466544
2551.25,85.643,2.333,8303.053373,22.94478725
2551.375,85.425,2.337,8338.514486,22.80059896
2551.5,86.527,2.343,8253.451524,23.53551364
2551.625,88.992,2.345,8031.688242,25.09465644
2551.75,93.215,2.339,7648.202543,27.52716621
2553.375,93.294,2.256,7370.557592,27.60396339
2553.5,86.171,2.273,8039.948475,23.34248007
2553.625,84.161,2.28,8257.316334,21.9767991
2553.75,83.749,2.278,8290.658993,21.68872029
2553.875,84.812,2.275,8175.965665,22.43393376
2554,86.311,2.274,8030.438762,23.44507525
2554.125,87.049,2.277,7972.861262,23.92829684
2554.25,87.402,2.282,7958.097069,24.15719494
2554.375,87.24,2.289,7997.331499,24.05618334
2554.5,86.669,2.302,8095.738961,23.68978346
2554.625,86.23,2.312,8172.301983,23.40451335
2554.75,85.828,2.313,8214.130587,23.1402643
2554.875,85.475,2.31,8237.355952,22.90594189
2555,85.628,2.294,8165.684122,23.01147328
2555.125,86.208,2.274,8040.033408,23.40024863
2555.25,87.139,2.261,7908.660875,24.00935663
2555.375,88.734,2.249,7725.282304,25.01424435
2555.5,89.737,2.238,7601.573487,25.62439796
2555.625,89.548,2.231,7593.791039,25.51379947
2555.75,88.646,2.23,7667.621777,24.9678651
2555.875,86.681,2.232,7848.474291,23.72584698
2556,85.111,2.236,8007.575989,22.68210592
2556.125,84.684,2.241,8065.948703,22.3916813
2556.25,84.73,2.243,8068.76431,22.42597467
2556.375,85.418,2.245,8010.911049,22.89816452
2556.5,86.31,2.244,7924.588113,23.49571966
2556.625,86.818,2.24,7864.175632,23.83032598
2556.75,87.177,2.236,7817.805155,24.06463543
2556.875,87.572,2.233,7772.100671,24.31944782
2557,87.996,2.23,7724.260194,24.58963881
2557.125,88.341,2.231,7697.544741,24.80760624
2557.25,88.656,2.231,7670.194911,25.00502065
2557.375,88.679,2.231,7668.20555,25.02176265
2557.5,88.196,2.229,7703.288131,24.72507842
2557.625,87.757,2.228,7738.350217,24.45207339
2557.75,87.424,2.23,7774.798682,24.24329529
2557.875,87.071,2.236,7827.32253,24.01960953
2558,86.54,2.255,7942.269471,23.67747364
2558.125,86.012,2.284,8093.791564,23.33199411
2558.25,85.465,2.306,8224.054291,22.96830385
2558.375,84.903,2.327,8353.881488,22.58840748
2558.5,84.664,2.348,8453.066238,22.42639027
2558.625,84.65,2.359,8494.072061,22.41926852
2558.75,84.732,2.361,8493.046311,22.47844326
2558.875,85.114,2.363,8462.090843,22.74297241
2559,85.79,2.366,8406.070638,23.20199909
2559.125,86.373,2.369,8359.91803,23.59107732
2559.25,86.942,2.372,8315.723126,23.96464497
2559.375,87.667,2.376,8260.859845,24.43123231
2559.5,88.101,2.382,8240.923486,24.70702148
2559.625,88.078,2.388,8263.83887,24.69520803
2559.75,87.746,2.392,8309.00098,24.48895132
2559.875,86.877,2.395,8402.638213,23.93543247
2560,86.329,2.399,8470.099271,23.58011157
2560.125,86.6,2.405,8464.711316,23.76037728
2560.25,87.348,2.409,8406.182168,24.24628362
2560.375,88.704,2.415,8298.295455,25.09918293
2560.5,89.436,2.424,8261.049242,25.54743776
2560.625,89.217,2.433,8312.075053,25.41765025
2560.75,88.489,2.438,8397.681068,24.97428539
2560.875,86.971,2.442,8558.273447,24.0168447
2561,85.69,2.444,8693.327109,23.17606015
2561.125,85.182,2.441,8734.436853,22.83537432
2561.25,84.946,2.437,8744.350529,22.67672286
2561.375,85.099,2.431,8707.138744,22.78392488
2561.5,85.712,2.424,8619.973866,23.20106915
2561.625,86.378,2.421,8542.925282,23.64574702
2561.75,87.165,2.422,8469.289279,24.15989706
2561.875,88.258,2.426,8378.218405,24.85410794
2562,88.69,2.432,8358.02909,25.12419372
2562.125,88.131,2.438,8431.79358,24.78001044
2562.25,86.829,2.443,8575.779981,23.95319662
2562.375,83.806,2.448,8903.305253,21.90491554
2563,82.835,2.435,8959.835818,21.21898816
2563.125,84.539,2.415,8707.129254,22.43439815
2563.25,85.731,2.406,8554.067957,23.24971971
2563.375,86.393,2.4,8467.352679,23.69159644
2563.5,86.509,2.398,8448.952132,23.77028291
2563.625,86.692,2.4,8438.148849,23.89241728
2563.75,87.134,2.403,8405.839282,24.18118605
2563.875,88.27,2.406,8308.018579,24.90293657
2564,89.596,2.411,8202.071521,25.71625664
2564.125,90.432,2.415,8139.729299,26.21476611
2564.25,91.267,2.416,8068.598727,26.70138359
2564.375,92.635,2.414,7942.863928,27.47347808
2564.5,93.903,2.407,7812.887767,28.16439999
2564.625,94.298,2.4,7757.534624,28.37672432
2564.75,94.014,2.395,7764.75844,28.22879725
2564.875,91.901,2.389,7923.387123,27.07461042
2565,88.647,2.374,8162.658635,25.15981778
2565.125,86.612,2.349,8266.46654,23.8711108
2565.25,85.289,2.328,8319.647317,22.99267061
2565.375,84.982,2.306,8270.796169,22.78588378
2565.5,85.958,2.278,8077.600689,23.44754785
2565.625,86.945,2.258,7915.790442,24.09789786
2565.75,87.725,2.25,7817.611855,24.59954626
2565.875,88.192,2.245,7758.935051,24.89566268
2566,88.282,2.241,7737.214834,24.9543732
2566.125,88.381,2.239,7721.650581,25.01853259
2566.25,88.641,2.238,7695.563001,25.18200961
2566.375,89.318,2.237,7633.82073,25.59804985
2566.5,89.954,2.237,7579.847478,25.98198612
2566.625,90.041,2.237,7572.523628,26.03622685
2566.75,89.876,2.239,7593.20842,25.94077683
2566.875,89.825,2.245,7617.87921,25.91297748
2567,90.662,2.264,7611.427059,26.40906125
2567.125,92.199,2.292,7577.106042,27.28880943
2567.25,94.696,2.313,7444.90158,28.64099975
2568.75,87.519,2.221,7735.015254,24.53079234
2568.875,84.14,2.248,8143.456145,22.27346633
2569,83.148,2.266,8306.595468,21.56872909
2569.125,83.162,2.271,8323.522763,21.58140806
2569.25,83.236,2.273,8323.446586,21.63742701
2569.375,83.437,2.276,8314.354543,21.78461415
2569.5,84.047,2.282,8275.76951,22.22083053
2569.625,84.837,2.287,8216.669613,22.7734642
2569.75,85.781,2.286,8122.693837,23.41677601
2569.875,87.001,2.283,7998.28048,24.22177874
2570,87.586,2.276,7920.49871,24.59924646
2570.125,87.39,2.273,7927.799519,24.47692498
2570.25,86.787,2.274,7986.394276,24.09079848
2570.375,85.44,2.278,8126.573034,23.20020434
2570.5,83.768,2.288,8325.164741,22.04390757
2570.625,82.31,2.303,8528.178836,20.98765326
2572,85.351,2.273,8117.191363,23.17334162
2572.125,87.125,2.254,7885.442755,24.34823989
2572.25,88.128,2.248,7774.945534,24.98763769
2572.375,88.389,2.245,7741.64206,25.15298306
2572.5,87.826,2.245,7791.2691,24.80298255
2572.625,87.132,2.252,7877.812973,24.36307899
2572.75,86.334,2.259,7975.342275,23.84583937
2572.875,85.324,2.266,8094.754114,23.17301389
2573,84.748,2.275,8182.139992,22.78136956
2573.125,84.632,2.28,8211.362133,22.70373174
2573.25,84.622,2.28,8212.33249,22.69936941
2573.375,84.751,2.278,8192.639615,22.79113695
2573.5,85.146,2.272,8133.154816,23.06474697
2573.625,85.735,2.262,8041.728582,23.46569551
2573.75,86.527,2.254,7939.940134,23.99329212
2573.875,87.636,2.246,7811.639052,24.71116774
2574,88.045,2.237,7744.194446,24.97188493
2574.125,87.693,2.234,7764.852383,24.75249773
2574.25,87.044,2.237,7833.252148,24.3399174
2574.375,85.997,2.243,7949.886624,23.65616742
2574.5,85.234,2.254,8060.389047,23.14526299
2574.625,84.972,2.266,8128.286965,22.96884969
2574.75,84.814,2.273,8168.585375,22.86281167
2574.875,84.64,2.278,8203.383743,22.74518635
2575,84.363,2.283,8248.38377,22.55512963
2575.125,83.969,2.286,8297.976634,22.28096762
2575.25,83.335,2.288,8368.421432,21.83135594
2575.375,82.041,2.289,8504.128424,20.88381396
2576.5,81.817,2.328,8672.701272,20.73842053
2576.625,82.057,2.324,8632.477424,20.9212511
2576.75,82.178,2.323,8616.057826,21.01419403
2576.875,82.316,2.324,8605.316099,21.1194342
2577,82.316,2.328,8620.127314,21.12198307
2577.125,82.615,2.329,8592.618774,21.34556734
2577.25,82.966,2.326,8545.24504,21.60505939
2577.375,83.408,2.319,8474.381354,21.92733165
2577.5,84.131,2.306,8354.45674,22.44383736
2577.625,84.69,2.293,8252.525682,22.83626777
2577.75,84.794,2.287,8220.83638,22.91066177
2577.875,84.652,2.283,8220.223976,22.81510507
2578,84.077,2.282,8272.816585,22.41608711
2578.125,83.372,2.283,8346.428057,21.91679784
2578.25,82.997,2.282,8380.466764,21.64806171
2578.375,82.795,2.28,8393.550335,21.50320417
2578.5,82.869,2.27,8349.274156,21.55986568
2578.625,83.399,2.257,8248.703222,21.94644789
2578.75,84.117,2.249,8149.306323,22.45963173
2578.875,84.994,2.243,8043.701908,23.07131021
2579,85.836,2.248,7982.552775,23.64408982
2579.125,85.282,2.268,8105.888699,23.27307509
2579.25,83.551,2.295,8372.323491,22.06826272
2580.5,84.949,2.313,8299.125358,23.0738695
2580.625,86.985,2.29,8024.280048,24.43363232
2580.75,87.549,2.281,7941.253469,24.79827005
2580.875,87.837,2.277,7901.335428,24.98350111
2581,88.14,2.279,7881.089176,25.17663968
2581.125,88.452,2.284,7870.519604,25.37373857
2581.25,88.667,2.289,7868.62305,25.5093755
2581.375,88.82,2.292,7865.363657,25.60616019
2581.5,88.041,2.294,7941.881623,25.12494307
2581.625,87.314,2.295,8011.498729,24.666256
2581.75,86.421,2.297,8101.336481,24.08892157
2581.875,84.939,2.299,8249.86402,23.09530116
2582,83.428,2.306,8424.854965,22.03641255
2582.125,82.432,2.316,8563.625776,21.3125937
2582.25,81.711,2.323,8665.300877,20.77547217
2582.375,82.659,2.329,8588.044859,21.48518152
2582.5,87.075,2.327,8145.502153,24.53062691
2583.5,90.091,2.285,7730.71672,26.41751857
2583.625,85.638,2.317,8246.591466,23.60664608
2583.75,83.5,2.33,8505.197605,22.12396029
2583.875,83.633,2.337,8517.183408,22.22169348
2584,85.06,2.331,8352.795674,23.22203679
2584.125,86.049,2.317,8207.202873,23.89195317
2584.25,87.127,2.306,8067.175502,24.60043287
2584.375,89.945,2.294,7773.763967,26.3490412
2586.5,92.336,2.366,7810.136891,27.77138478
2586.625,90.335,2.365,7979.764211,26.62702931
2588.625,90.745,2.4,8061.270593,26.90907276
2588.75,86.587,2.407,8473.022509,24.34275661
2588.875,84.27,2.405,8698.754005,22.77515283
2589,84.775,2.396,8614.577411,23.12911507
2589.125,85.913,2.392,8486.277979,23.90466615
2589.25,86.916,2.398,8409.388375,24.56762176
2589.375,87.613,2.407,8373.798409,25.0180157
2589.5,87.621,2.42,8418.255898,25.02570137
2589.625,87.41,2.43,8473.446974,24.89370774
2589.75,87.129,2.432,8507.771236,24.71579353
2589.875,86.569,2.432,8562.806547,24.35427342
2590,85.883,2.429,8620.555873,23.90271462
2590.125,85.342,2.424,8657.345738,23.54069289
2590.25,84.796,2.421,8702.306713,23.16938766
2590.375,84.086,2.42,8772.161834,22.67667454
2590.5,83.522,2.423,8842.345729,22.27828492
2590.625,83.278,2.43,8893.873532,22.10527939
2590.75,83.176,2.434,8919.4383,22.03406764
2590.875,83.417,2.436,8900.977019,22.21059148
2591,83.963,2.433,8832.204662,22.60266443
2591.125,84.386,2.425,8759.035859,22.90267384
2591.25,84.811,2.418,8689.985969,23.2003657
2591.375,85.567,2.412,8591.835638,23.71887033
2591.5,86.542,2.405,8470.384322,24.37024982
2591.625,87.35,2.401,8378.074413,24.89683047
2591.75,88.189,2.397,8284.543424,25.4308544
2591.875,89.255,2.394,8175.353762,26.09071029
2592,90.201,2.391,8079.475837,26.66037422
2592.125,91.021,2.389,7999.991211,27.14262982
2592.25,92.239,2.387,7887.743796,27.83808023
2592.375,94.884,2.382,7651.802201,29.26913904
2595.875,88.683,2.286,7856.892527,25.82393901
2596,83.061,2.293,8414.374977,22.05841502
2596.125,81.964,2.293,8526.992338,21.24978873
2596.25,82.326,2.288,8470.98608,21.52302698
2596.375,84.163,2.283,8267.984744,22.85450331
2596.5,85.954,2.273,8060.246178,24.08473307
2596.625,86.592,2.263,7965.659645,24.50936081
2596.75,86.751,2.257,7929.978905,24.6159289
2596.875,86.484,2.252,7936.839184,24.44365479
2597,86.289,2.248,7940.645969,24.31767831
2597.125,86.489,2.246,7915.235463,24.45213128
2597.25,86.869,2.246,7880.611035,24.70317311
2597.375,87.236,2.247,7850.951442,24.94315514
2597.5,86.977,2.252,7891.851869,24.77848612
2597.625,86.357,2.262,7983.806756,24.37556555
2597.75,85.599,2.27,8082.991624,23.8723774
2597.875,84.631,2.278,8204.256124,23.21254275
2598,84.084,2.285,8283.002712,22.83234875
2598.125,84.029,2.284,8284.796915,22.79609377
2598.25,84.103,2.28,8263.010832,22.8509049
2598.375,84.297,2.276,8229.5313,22.98987733
2598.5,84.472,2.272,8198.049058,23.11482296
2598.625,84.622,2.271,8179.915388,23.22178696
2598.75,84.918,2.274,8162.170565,23.42900237
2598.875,85.758,2.277,8092.884629,24.0027115
2599,86.784,2.284,8021.792035,24.68420048
2599.125,87.269,2.291,8001.659238,25.00079126
2599.25,87.384,2.295,8005.081022,25.0772069
2599.375,86.73,2.301,8086.530612,24.65676259
2599.5,85.48,2.311,8240.439869,23.82819414
2599.625,84.577,2.324,8375.269872,23.21117893
2599.75,83.903,2.334,8478.876798,22.74039353
2599.875,83.98,2.344,8507.396999,22.79753175
2600,86.136,2.349,8312.148231,24.27852618
2600.125,89.709,2.336,7936.916028,26.53734959
2600.25,95.222,2.313,7403.776438,29.61143005
2602.625,93.921,2.313,7506.334047,28.97737181
2602.75,87.934,2.336,8097.127391,25.49990078
2602.875,83.225,2.355,8624.860318,22.31886647
2603,82.092,2.371,8803.303611,21.48682677
2603.125,82.601,2.377,8771.196475,21.86788812
2603.25,83.255,2.378,8705.956399,22.34830517
2603.375,83.844,2.376,8637.526836,22.77327889
2603.5,84.023,2.363,8571.967199,22.90276372
2603.625,83.945,2.342,8503.682173,22.85012811
2603.75,83.8,2.326,8460.200477,22.74971952
2603.875,83.679,2.314,8428.724053,22.66601388
2604,83.735,2.307,8397.606736,22.70856566
2604.125,83.91,2.309,8387.357883,22.83563196
2604.25,84.167,2.31,8365.36885,23.01986049
2604.375,84.442,2.305,8320.077686,23.21528598
2604.5,84.252,2.288,8277.33941,23.0848008
2604.625,83.758,2.27,8260.655699,22.73786247
2604.75,83.145,2.264,8299.563413,22.29948864
2604.875,82.499,2.263,8360.857707,21.82848562
2605,82.539,2.271,8386.348272,21.86064946
2605.125,83.059,2.277,8355.8627,22.2446989
2605.25,83.756,2.275,8279.048665,22.74933775
2605.375,84.755,2.267,8152.694236,23.45357465
2605.5,85.555,2.242,7987.395243,24.00332417
2605.625,85.9,2.214,7855.962747,24.23795799
2606.25,83.385,2.222,8122.151466,22.50402805
2606.375,83.231,2.232,8173.800627,22.39533751
2606.5,83.67,2.243,8170.986016,22.71375702
2606.625,84.184,2.251,8150.061769,23.0809179
2606.75,84.723,2.255,8112.602245,23.45988892
2606.875,85.489,2.256,8043.476939,23.98719875
2607,86.341,2.253,7953.514553,24.55979283
2607.125,87.055,2.245,7860.272242,25.02935661
2607.25,87.869,2.241,7773.581126,25.55278574
2607.375,89.173,2.239,7653.069875,26.36505527
2607.5,90.395,2.243,7563.099729,27.10001607
2607.625,91.031,2.249,7530.349002,27.47409821
2607.75,91.52,2.252,7500.104895,27.75795026
2607.875,92.223,2.251,7439.627859,28.15835884
2608,93.098,2.247,7356.609165,28.64563181
2608.125,93.693,2.24,7287.118568,28.97137914
2608.25,94.066,2.236,7245.261837,29.17397676
2608.375,93.71,2.232,7259.775904,28.98583014
2608.5,92.365,2.228,7352.291452,28.25098584
2608.625,91.141,2.226,7444.342283,27.55874475
2608.75,90.039,2.227,7538.839836,26.9154846
2608.875,88.98,2.23,7638.840189,26.27851425
2609,88.405,2.236,7709.211017,25.92581124
2609.125,88.09,2.244,7764.459076,25.73130884
2609.25,87.618,2.25,7827.158803,25.43523497
2609.375,86.567,2.255,7939.7923,24.75809003
2609.5,85.46,2.262,8067.605897,24.02204012
2609.625,84.89,2.267,8139.729061,23.63488287
2609.75,84.498,2.271,8191.919335,23.36561153
2609.875,84.202,2.275,8235.196314,23.16081526
2610,84.191,2.281,8257.994322,23.15566012
2610.125,84.353,2.284,8252.974998,23.27201336
2610.25,84.656,2.285,8227.036477,23.485929
2610.375,85.352,2.286,8163.52048,23.96685958
2610.5,85.924,2.286,8109.17555,24.35533911
2610.625,85.957,2.289,8116.700211,24.3800059
2610.75,85.711,2.293,8154.220578,24.21759344
2610.875,85.164,2.299,8228.068198,23.8489936
2611,84.702,2.309,8308.932493,23.53339311
2611.125,84.452,2.321,8376.838914,23.36198289
2611.25,84.175,2.33,8436.994357,23.17026673
2611.375,83.455,2.339,8542.654125,22.66023926
2611.5,82.207,2.359,8746.49604,21.74760386
2612.375,81.81,2.364,8807.568757,21.46712281
2612.5,85.686,2.306,8202.842938,24.23714094
2612.625,87.723,2.266,7873.383263,25.57256001
2612.75,89.241,2.251,7688.224023,26.51919656
2612.875,90.884,2.241,7515.699133,27.49936406
2613,92.441,2.225,7336.355081,28.38847108
2614.125,91.448,2.222,7406.018721,27.85120645
2614.25,91.549,2.227,7414.49497,27.91160629
2614.375,91.218,2.229,7448.082615,27.7243465
2614.5,90.337,2.229,7520.719085,27.2130457
2614.625,89.602,2.234,7599.419656,26.7772179
2614.75,89.008,2.242,7677.53011,26.41886902
2614.875,88.517,2.254,7761.437916,26.11852818
2615,87.984,2.271,7867.348609,25.78747374
2615.125,87.089,2.286,8000.698136,25.21827726
2615.25,85.463,2.296,8188.582193,24.14357037
2615.375,81.557,2.31,8633.078706,21.33666997
2616.625,82.194,2.329,8636.630411,21.84344741
2616.75,84.313,2.313,8361.728322,23.38125372
2616.875,86.756,2.297,8070.053944,25.03828213
2617,88.416,2.272,7832.356135,26.1002269
2617.125,89.022,2.252,7710.561434,26.47730129
2617.25,89.26,2.243,7659.26955,26.62525375
2617.375,88.917,2.237,7668.247917,26.41812574
2617.5,87.938,2.237,7753.617321,25.8107823
2617.625,87.074,2.242,7848.055677,25.26079864
2617.75,86.275,2.248,7941.934512,24.74003483
2617.875,85.451,2.254,8039.919954,24.19003889
2618,85.128,2.262,8099.069636,23.9723695
2618.125,85.168,2.27,8123.896299,24.00236043
2618.25,85.316,2.274,8124.093957,24.10603138
2618.375,85.706,2.277,8097.794787,24.37288359
2618.5,86.107,2.277,8060.083385,24.6440783
2618.625,86.214,2.272,8032.40309,24.71782683
2618.75,86.107,2.269,8031.765129,24.64929114
2618.875,85.629,2.266,8065.921592,24.33136162
2619,85.037,2.265,8118.489599,23.9307248
2619.125,84.617,2.269,8173.194512,23.64295565
2619.25,84.147,2.276,8244.201219,23.3163108
2619.375,83.293,2.287,8368.981787,22.70874668
2619.5,82.217,2.31,8563.776348,21.91992937
2619.625,81.424,2.334,8737.021026,21.32246549
2620.25,81.613,2.328,8694.379572,21.47967199
2620.375,83.204,2.318,8491.495601,22.6649487
2620.5,84.793,2.303,8278.447513,23.79364968
2620.625,85.707,2.293,8154.601141,24.42043355
2620.75,86.407,2.29,8077.956647,24.88994799
2620.875,86.875,2.29,8034.440288,25.19948549
2621,86.805,2.291,8044.43062,25.15645323
2621.125,86.58,2.29,8061.815662,25.01172189
2621.25,86.383,2.285,8062.558605,24.88453568
2621.375,86.181,2.28,8063.772757,24.7532818
2621.5,85.969,2.275,8065.930742,24.61455204
2621.625,85.775,2.276,8087.727193,24.48705431
2621.75,85.551,2.28,8123.15461,24.33851637
2621.875,85.371,2.287,8165.273922,24.21894586
2622,85.434,2.298,8198.497085,24.26438436
2622.125,85.541,2.308,8223.873932,24.33955993
2622.25,85.567,2.314,8242.747788,24.35976493
2622.375,85.215,2.319,8294.680514,24.12294881
2622.5,84.445,2.325,8391.971105,23.59309747
2622.625,83.746,2.328,8472.934827,23.101711
2622.75,83.074,2.329,8545.142885,22.61957862
2622.875,82.645,2.33,8593.187731,22.3075571
2623,83.089,2.328,8539.93188,22.63568076
2623.125,83.924,2.322,8433.172871,23.2388556
2623.25,84.997,2.314,8298.024636,23.99163739
2623.375,86.552,2.304,8113.725853,25.04033196
2623.5,87.657,2.287,7952.332386,25.75822111
2623.625,87.996,2.271,7866.27574,25.97578759
2623.75,88.098,2.263,7829.489886,26.04268024
2623.875,88.013,2.259,7823.198846,25.99175706
2624,87.854,2.261,7844.296219,25.89386781
2624.125,87.84,2.269,7873.306011,25.88761746
2624.25,88.004,2.273,7872.487614,25.99394771
2624.375,88.53,2.274,7829.156218,26.32596339
2624.5,89.049,2.266,7756.143247,26.6488417
2624.625,89.185,2.253,7699.886752,26.7346219
2624.75,89.058,2.247,7690.332143,26.65961339
2624.875,88.498,2.245,7732.10694,26.31656856
2625,88.028,2.248,7783.777889,26.0248228
2625.125,88.068,2.251,7790.625426,26.05265237
2625.25,88.391,2.25,7758.708466,26.25777374
2625.375,89.148,2.246,7679.14928,26.7278142
2625.5,89.928,2.239,7588.817721,27.20179858
2625.625,90.284,2.235,7545.390102,27.41618806
2625.75,90.354,2.236,7542.917856,27.46021807
2625.875,89.988,2.24,7587.144953,27.24554203
2626,89.471,2.252,7671.866862,26.93741181
2626.125,89.119,2.271,7767.151786,26.72587519
2626.25,88.699,2.287,7858.9116,26.47017684
2626.375,87.682,2.302,8002.207979,25.83442833
2626.5,86.203,2.317,8192.540863,24.87493352
2626.625,85.105,2.322,8316.145937,24.13613694
2626.75,84.254,2.323,8403.760059,23.54744869
2626.875,83.876,2.324,8445.266822,23.28258421
2627,84.251,2.33,8429.383627,23.55053569
2627.125,84.814,2.334,8387.8039,23.94602604
2627.25,85.524,2.334,8318.170338,24.43490891
2627.375,86.628,2.331,8201.606871,25.17391918
2627.5,87.432,2.325,8105.270382,25.69824187
2627.625,87.612,2.321,8074.702096,25.81602629
2627.75,87.562,2.322,8082.793906,25.78671793
2627.875,87.313,2.324,8112.826269,25.62964224
2628,87.21,2.329,8139.883041,25.565869
2628.125,87.406,2.336,8146.040318,25.69466402
2628.25,87.798,2.342,8130.499556,25.94752738
2628.375,88.528,2.347,8080.670522,26.40879801
2628.5,89.027,2.353,8055.920114,26.7195419
2628.625,88.976,2.357,8074.240245,26.69088093
2628.75,88.595,2.359,8115.844009,26.45830772
2628.875,87.824,2.361,8194.033522,25.97714802
2629,87.586,2.364,8226.739433,25.82827711
2629.125,87.984,2.37,8210.310966,26.08366839
2629.25,88.591,2.374,8167.818401,26.46634293
2629.375,89.226,2.378,8123.354179,26.85965086
2629.5,89.303,2.379,8119.763054,26.90918686
2629.625,89.149,2.375,8120.113518,26.81791434
2629.75,89.025,2.369,8110.881213,26.74463845
2629.875,88.916,2.364,8103.684376,26.68032513
2630,88.749,2.361,8108.629956,26.57998862
2630.125,88.522,2.363,8136.309618,26.44187585
2630.25,88.273,2.367,8173.072174,26.28907845
2630.375,88.026,2.37,8206.393566,26.1364397
2630.5,87.897,2.373,8228.840575,26.05754098
2630.625,87.906,2.373,8227.998089,26.06586466
2630.75,88.054,2.373,8214.168578,26.1619768
2630.875,88.67,2.374,8160.541333,26.54952622
2631,89.579,2.375,8081.135087,27.10811333
2631.125,90.163,2.374,8025.411754,27.46055663
2631.25,90.58,2.372,7981.735482,27.70952993
2631.375,90.633,2.371,7973.704942,27.74327897
2631.5,90.246,2.374,8018.030716,27.51773656
2631.625,89.877,2.381,8074.688741,27.30051298
2631.75,89.487,2.385,8123.503973,27.06830593
2631.875,89.139,2.385,8155.218255,26.85921469
2632,89.341,2.38,8119.721069,26.98500134
2632.125,89.847,2.371,8043.46055,27.29309468
2632.25,90.514,2.367,7970.718342,27.69187463
2632.375,91.418,2.365,7885.23048,28.21991457
2632.5,91.737,2.365,7857.810916,28.40487975
2632.625,91.253,2.366,7902.8284,28.13028382
2632.75,90.219,2.366,7993.40272,27.52813958
2632.875,88.005,2.365,8191.0346,26.17573759
2633,85.58,2.364,8419.574667,24.59291532
2633.125,84.146,2.367,8573.926271,23.6039526
2633.25,83.107,2.373,8703.122481,22.86128832
2633.375,82.649,2.381,8780.853973,22.52790753
2633.5,83.187,2.395,8775.361535,22.9246908
2633.625,83.811,2.407,8753.66718,23.37658512
2633.75,84.173,2.413,8737.747259,23.63602741
2633.875,83.66,2.416,8802.256754,23.27382762
2634,82.338,2.421,8962.092837,22.31004866
2634.125,81.524,2.427,9074.010107,21.69805416
2634.25,81.19,2.431,9126.355462,21.44399564
2634.375,81.836,2.434,9065.487072,21.94059882
2634.5,83.295,2.435,8910.354763,23.02383118
2634.625,84.448,2.432,8777.870405,23.84754128
2634.75,85.482,2.428,8657.429634,24.56304559
2634.875,86.419,2.424,8549.453245,25.19332031
2635,86.478,2.418,8522.472768,25.2348935
2635.125,85.936,2.414,8562.036865,24.87714524
2635.25,85.114,2.41,8630.401579,24.32224831
2635.375,83.885,2.404,8735.044406,23.46573519
2635.5,83.308,2.389,8740.663562,23.05402948
2635.625,83.615,2.374,8653.892244,23.2779572
2635.75,84.396,2.369,8555.751457,23.8345633
2635.875,85.982,2.37,8401.479379,24.92365105
2636,87.486,2.386,8312.790618,25.91129819
2636.125,88.304,2.41,8318.626563,26.43211445
2636.25,88.951,2.427,8316.371935,26.83619318
2636.375,89.408,2.442,8325,27.11801853
2636.5,89.105,2.457,8404.619269,26.93594804
2636.625,88.293,2.466,8512.982909,26.43575485
2636.75,87.134,2.469,8636.711272,25.70031564
2636.875,85.478,2.473,8818.297106,24.60475946
2637,84.692,2.478,8918.131583,24.06728416
2637.125,84.891,2.482,8911.587801,24.2078171
2637.25,85.483,2.484,8857.003147,24.61599862
2637.375,86.699,2.485,8736.294536,25.43003385
2637.5,87.723,2.483,8627.365685,26.0942227
2637.625,88.009,2.481,8592.40305,26.27819462
2637.75,87.979,2.48,8591.868514,26.261873
2637.875,87.476,2.479,8637.788651,25.94430047
2638,86.652,2.48,8723.445506,25.41231276
2638.125,86.035,2.484,8800.176672,25.00622077
2638.25,85.579,2.486,8854.190865,24.7020306
2638.375,85.593,2.487,8856.30367,24.71412699
2638.5,86.469,2.486,8763.057281,25.30233807
2638.625,87.56,2.482,8639.94518,26.01386692
2638.75,88.708,2.48,8521.260766,26.73898796
2638.875,89.711,2.479,8422.592547,27.3540036
2639,89.701,2.482,8433.725377,27.35062506
2639.125,89.162,2.486,8498.382719,27.0262252
2639.25,88.461,2.489,8576.064028,26.5960568
2639.375,87.586,2.491,8668.700477,26.04626908
2639.5,87.171,2.491,8709.970059,25.78203541
2639.625,87.264,2.488,8690.209021,25.84474224
2639.75,87.666,2.485,8639.928821,26.10524033
2639.875,88.832,2.48,8509.365994,26.83936956
2640,90.211,2.472,8352.258594,27.67674437
2640.125,90.885,2.466,8270.196402,28.07588953
2640.25,91.222,2.462,8226.278749,28.27404813
2640.375,91.211,2.461,8223.929131,28.27034728
2640.5,90.941,2.46,8244.994007,28.11645476
2640.625,90.73,2.46,8264.168412,27.99595626
2640.75,90.551,2.459,8277.13885,27.8935695
2640.875,90.381,2.458,8289.335148,27.79598021
2641,90.524,2.456,8269.506429,27.88297812
2641.125,90.968,2.454,8222.443057,28.14541717
2641.25,91.606,2.454,8165.176953,28.51587162
2641.375,92.285,2.455,8108.403316,28.90299967
2641.5,92.135,2.459,8134.836924,28.82133205
2641.625,91.492,2.464,8208.665238,28.45858516
2641.75,90.737,2.467,8287.044976,28.02390344
2641.875,90.13,2.469,8349.619439,27.66828973
2642,90.38,2.469,8326.523567,27.81922198
2642.125,91.051,2.466,8255.11856,28.21484721
2642.25,91.888,2.464,8173.289222,28.69766596
2642.375,93.396,2.463,8038.057304,29.53837629
2642.5,93.13,2.466,8070.834318,29.39567628
2642.625,92.844,2.469,8105.544785,29.24088116
2642.75,92.931,2.469,8097.956548,29.29157113
2642.875,93.264,2.468,8065.774575,29.47703036
2643,93.672,2.462,8011.119652,29.70145154
2643.125,94.12,2.457,7956.79558,29.94485317
2643.25,94.288,2.454,7932.920414,30.03706257
2643.375,94.211,2.453,7936.168813,29.99874368
2643.5,93.965,2.454,7960.189432,29.86989561
2643.625,93.374,2.456,8017.10112,29.5530514
2643.75,92.625,2.457,8085.221053,29.14344377
2643.875,92.018,2.457,8138.5555,28.80582481
2644,91.367,2.459,8203.215603,28.43724077
2644.125,90.614,2.462,8281.475269,28.0021485
2644.25,90.389,2.464,8308.83404,27.8722262
2644.375,90.646,2.466,8292.001853,28.02623909
2644.5,91.183,2.466,8243.168134,28.3417274
2644.625,92.301,2.465,8140.020151,28.98113367
2644.75,93.373,2.463,8040.03727,29.57650524
2644.875,93.966,2.462,7986.05453,29.89979859
2645,94.441,2.46,7939.433085,30.15567131
2645.125,94.898,2.458,7894.775443,30.39896695
2645.25,95.271,2.456,7857.467645,30.59590219
2645.375,95.687,2.454,7816.93647,30.81300539
2645.5,96.244,2.45,7759.029134,31.09916826
2645.625,96.588,2.443,7709.305504,31.27489068
2645.75,95.515,2.438,7779.954981,30.73266702
2645.875,93.606,2.433,7922.338312,29.72710525
2646,91.041,2.433,8145.543217,28.29130257
2646.125,87.304,2.441,8522.138734,26.00730329
2646.25,85.054,2.451,8783.417594,24.51105279
2646.375,84.821,2.463,8850.666698,24.35275656
2646.5,85.222,2.475,8851.93964,24.63163104
2646.625,86.079,2.48,8781.514655,25.21389963
2646.75,86.501,2.473,8714.007931,25.49668878
2646.875,86.349,2.472,8725.817323,25.39879743
2647,85.967,2.473,8768.136611,25.14683845
2647.125,85.19,2.474,8851.686818,24.62279934
2647.25,84.143,2.477,8972.696481,23.89645321
2647.375,83.264,2.483,9089.383167,23.2693177
2647.5,82.517,2.486,9182.747797,22.72352672
2647.625,82.165,2.488,9229.506481,22.46338333
2647.75,82.461,2.485,9185.28759,22.68711512
2647.875,82.804,2.478,9121.472393,22.9434947
2648,83.104,2.471,9062.87062,23.16591942
2648.125,83.242,2.465,9025.87636,23.26897897
2648.25,82.807,2.458,9047.524968,22.9535122
2648.375,81.842,2.458,9154.204443,22.23537391
2651.75,82.215,2.407,8923.597884,22.5866757
2651.875,83.065,2.394,8784.58075,23.21825001
2652,83.61,2.39,8712.737711,23.61574966
2652.125,83.938,2.394,8693.216422,23.85293726
2652.25,84.072,2.39,8664.858693,23.95072713
2652.375,84.235,2.387,8637.236303,24.06860689
2652.5,84.537,2.383,8591.958551,24.28331594
2652.625,85.114,2.38,8522.969194,24.68593832
2652.75,85.455,2.379,8485.392312,24.92178995
2652.875,85.345,2.381,8503.471791,24.84943312
2653,84.968,2.387,8562.724791,24.59322991
2653.125,84.138,2.395,8676.174856,24.01577536
2653.25,83.463,2.399,8760.950361,23.5359818
2653.375,83.309,2.403,8791.78,23.42716094
2653.5,83.38,2.405,8791.604701,23.48121042
2653.625,83.58,2.408,8781.507538,23.62813456
2653.75,83.612,2.41,8785.437497,23.65375732
2653.875,83.58,2.413,8799.741565,23.63335965
2654,83.612,2.42,8821.891595,23.65898302
2654.125,83.536,2.428,8859.107451,23.60690906
2654.25,83.461,2.433,8885.328477,23.55543161
2654.375,83.472,2.439,8906.066705,23.56598459
2654.5,83.578,2.445,8916.652708,23.64498489
2654.625,83.621,2.449,8926.647612,23.67851687
2654.75,83.59,2.45,8933.604498,23.65884375
2654.875,83.533,2.451,8943.349335,23.62042416
2655,83.711,2.45,8920.691426,23.75094488
2655.125,84.11,2.447,8867.502081,24.03782019
2655.25,84.743,2.444,8790.474729,24.48455844
2655.375,86.042,2.442,8650.677576,25.37308346
2655.5,87.439,2.44,8505.49526,26.29188521
2655.625,88.12,2.44,8439.763958,26.72800749
2655.75,88.287,2.442,8430.704407,26.83567888
2655.875,87.16,2.443,8543.212483,26.11975702
2656,84.909,2.446,8780.468502,24.61539482
2656.125,83.228,2.447,8961.474504,23.42578021
2656.25,81.917,2.446,9101.173139,22.45592844
2656.375,81.231,2.445,9174.280755,21.93398993
2656.5,81.815,2.442,9097.617796,22.38383525
2656.625,82.646,2.438,8991.389783,23.00926313
2656.75,83.27,2.434,8909.369521,23.46936353
2656.875,82.641,2.431,8966.116092,23.01077841
2657,80.434,2.428,9200.765845,21.32345425
2657.625,81.342,2.433,9116.795751,22.0456019
2657.75,82.524,2.435,8993.601861,22.94227374
2657.875,83.418,2.436,8900.870316,23.60014184
2658,83.87,2.436,8852.900918,23.92741998
2658.125,83.902,2.434,8842.258826,23.95285707
2658.25,83.671,2.431,8855.742133,23.79025421
2658.375,82.856,2.429,8935.492903,23.20072756
2658.5,81.55,2.425,9063.641937,22.22349054
2658.625,80.468,2.423,9177.939057,21.38407441
2663,84.762,2.365,8504.424152,24.66046288
2663.125,85.226,2.372,8483.157722,24.98342181
2663.25,85.543,2.368,8437.468875,25.20240651
2663.375,85.631,2.364,8414.560148,25.26474491
2663.5,85.426,2.364,8434.752886,25.12804967
2663.625,85.238,2.373,8485.539313,25.00216917
2663.75,85.17,2.383,8528.101444,24.95814134
2663.875,85.436,2.393,8537.225526,25.14276057
2664,85.781,2.406,8549.081965,25.37933365
2664.125,85.879,2.414,8567.719699,25.44799304
2664.25,85.825,2.418,8587.31605,25.41426961
2664.375,85.486,2.42,8628.500573,25.18734019
2664.5,85.257,2.423,8662.401914,25.03360456
2664.625,85.313,2.426,8667.434037,25.07457144
2664.75,85.428,2.428,8662.902093,25.15573208
2664.875,85.404,2.43,8672.474357,25.14199743
2665,85.194,2.429,8690.273963,25.00092507
2665.125,85.119,2.422,8672.865048,24.95201762
2665.25,85.217,2.415,8637.853949,25.02196972
2665.375,85.65,2.41,8576.392294,25.31975201
2665.5,85.989,2.407,8531.94711,25.55087458
2665.625,85.765,2.407,8554.230747,25.40278511
2665.75,85.112,2.405,8612.698562,24.96035514
2665.875,83.682,2.404,8756.234316,23.95790013
2666,82.515,2.407,8891.154336,23.10788797
2666.125,82.232,2.413,8943.992606,22.89916865
2666.25,82.274,2.423,8976.473734,22.93325929
2666.375,82.468,2.427,8970.141146,23.08075596
2666.5,82.579,2.419,8928.555686,23.16588556
2666.625,82.865,2.405,8846.243891,23.37983869
2666.75,83.655,2.376,8657.04142,23.95686031
2667.25,90.897,2.357,7903.600779,28.65977068
2667.375,91.375,2.371,7908.955404,28.93970288
2667.5,91.121,2.38,7961.10666,28.79548999
2667.625,90.953,2.386,7995.918771,28.70044288
2667.75,91.011,2.391,8007.568316,28.73689633
2667.875,91.344,2.393,7985.049921,28.93250828
2668,91.887,2.393,7937.86281,29.24605726
2668.125,92.886,2.395,7859.053033,29.80884309
2668.25,93.826,2.401,7799.808156,30.32497975
2668.375,94.398,2.409,7778.376661,30.63386645
2668.5,95.004,2.414,7744.802324,30.95593988
2669.125,94.293,2.422,7829.060482,30.59411772
2669.25,90.338,2.436,8219.05289,28.37348988
2669.375,87.004,2.455,8600.570089,26.30367798
2669.5,83.708,2.466,8979.270798,24.05262135
2670,81.176,2.457,9225.554351,22.17505576
2670.125,84.225,2.451,8869.869991,24.43388043
2670.25,85.946,2.446,8674.525865,25.62224869
2670.375,85.744,2.444,8687.852211,25.48878998
2670.5,84.751,2.442,8782.452124,24.81056844
2670.625,82.909,2.441,8973.896682,23.49596761
2670.75,81.814,2.438,9082.8269,22.68025302
2670.875,81.766,2.436,9080.703471,22.64636476
2671,81.902,2.436,9065.624771,22.75225538
2671.125,82.22,2.435,9026.85478,22.99469545
2671.25,82.815,2.435,8961.999638,23.43987382
2671.375,83.449,2.435,8893.911251,23.90540394
2671.5,84.144,2.435,8820.450656,24.4054835
2671.625,84.834,2.435,8748.709244,24.89193533
2671.75,84.647,2.437,8775.238343,24.76441763
2671.875,83.775,2.442,8884.769919,24.15052945
2672,82.475,2.449,9050.68445,23.20366032
2673.75,81.379,2.373,8887.924403,22.41013936
2680.625,81.777,2.356,8781.305257,22.85870487
2680.75,80.781,2.371,8946.172986,22.09137811
2681.625,84.98,2.36,8464.674041,25.20402899
2681.75,85.202,2.368,8471.237764,25.35970763
2681.875,85.265,2.37,8472.128071,25.40559839
2682,85.251,2.369,8469.944048,25.39863688
2682.125,85.068,2.367,8480.99873,25.2753765
2682.25,84.763,2.37,8522.303363,25.06666657
2682.375,84.301,2.376,8590.702364,24.74551241
2682.5,83.502,2.385,8705.755551,24.1775706
2682.625,82.741,2.397,8830.031061,23.62391749
2682.75,82.167,2.405,8921.3918,23.19841285
2682.875,81.251,2.41,9040.725653,22.50210953
2684.125,80.437,2.452,9291.365914,21.89037823
2684.25,82.067,2.428,9017.68555,23.15452813
2684.375,83.278,2.42,8857.273229,24.05460836
2684.5,84.4,2.417,8728.691943,24.86011531
2684.625,85.069,2.422,8677.962595,25.32891036
2684.75,85.364,2.428,8669.396935,25.53421198
2684.875,85.584,2.428,8647.11161,25.68685754
2685,85.796,2.425,8615.08695,25.83314209
2685.125,85.978,2.415,8561.399428,25.95839706
2685.25,86.076,2.4,8498.536177,26.02679758
2685.375,86.129,2.389,8454.378897,26.06492919
2685.5,86.071,2.379,8424.663359,26.02874691
2685.625,85.695,2.371,8433.173464,25.77805842
2685.75,85.189,2.373,8490.420125,25.43535594
2685.875,84.578,2.38,8576.982194,25.01408701
2686,83.8,2.389,8689.346062,24.46573651
2686.125,83.38,2.399,8769.671384,24.16556846
2686.25,83.35,2.4,8776.484703,24.14642651
2686.375,83.448,2.396,8751.567443,24.22011966
2686.5,83.68,2.394,8720.01912,24.39015013
2686.625,83.928,2.393,8690.620532,24.57045012
2686.75,84.199,2.397,8677.129182,24.76573585
2686.875,84.587,2.4,8648.137421,25.04151563
2687,85.073,2.402,8605.898464,25.38190252
2687.125,85.187,2.405,8605.115804,25.46307509
2687.25,85.04,2.409,8634.327375,25.36441076
2687.375,84.824,2.413,8670.687541,25.2173939
2687.5,84.56,2.418,8715.780511,25.03581712
2687.625,84.515,2.427,8752.879371,25.00691384
2687.75,84.624,2.434,8766.817924,25.08589281
2687.875,84.744,2.437,8765.193996,25.17229332
2688,84.785,2.438,8764.550333,25.20348619
2688.125,84.595,2.439,8787.838525,25.07353339
2688.25,84.285,2.441,8827.392775,24.85822694
2688.375,83.98,2.445,8873.969993,24.64446722
2688.5,83.847,2.45,8906.222047,24.55212373
2688.625,84.095,2.456,8901.704025,24.73156987
2688.75,84.424,2.459,8877.845163,24.96676563
2688.875,84.753,2.458,8839.786202,25.199711
2689,85.208,2.455,8781.851469,25.51720404
2689.125,85.677,2.451,8719.549004,25.8400215
2689.25,86.008,2.45,8682.448144,26.06601163
2689.375,86.306,2.451,8656.000742,26.26790896
2689.5,86.581,2.452,8632.027812,26.45291201
2689.625,86.852,2.45,8598.074886,26.63385507
2689.75,87.098,2.441,8542.294886,26.79715415
2689.875,87.32,2.431,8485.671095,26.9438131
2690,87.471,2.421,8436.176561,27.04389837
2690.125,87.326,2.41,8411.790303,26.95301267
2690.25,87.03,2.407,8429.89314,26.76349635
2690.375,86.686,2.41,8473.894285,26.54074946
2690.5,86.561,2.413,8496.694816,26.46094427
2690.625,87.124,2.415,8448.785639,26.83268011
2690.75,87.834,2.414,8377.020288,27.2923743
2690.875,88.56,2.412,8301.463415,27.75292328
2691,89.344,2.411,8225.205946,28.23963745
2691.125,89.634,2.414,8208.795769,28.41868081
2691.25,89.442,2.422,8253.679479,28.30474388
2691.375,88.981,2.428,8316.993515,28.02485559
2691.5,87.893,2.436,8447.689805,27.34592326
2691.625,86.724,2.447,8600.221392,26.59233132
2691.75,86.26,2.458,8685.351264,26.28769501
2691.875,86.246,2.464,8707.965587,26.28101385
2692,87.051,2.468,8641.44467,26.81441415
2692.125,88.213,2.47,8534.52439,27.56190942
2692.25,88.897,2.468,8461.999843,27.99166658
2692.375,89.355,2.466,8411.8046,28.27575371
2692.75,90.153,2.464,8330.584673,28.76559222
2692.875,90.618,2.464,8287.836854,29.04414788
2693,91.294,2.463,8223.129669,29.44163775
2693.125,91.618,2.461,8187.39549,29.630973
2693.25,91.557,2.456,8176.204987,29.59864342
2693.375,91.396,2.45,8170.598276,29.50862995
2693.5,91.35,2.441,8144.683087,29.48475397
2693.625,91.577,2.428,8081.225635,29.61818723
2693.75,91.653,2.416,8034.617525,29.66446748
2693.875,91.495,2.412,8035.166949,29.5764208
2694,90.885,2.41,8082.389833,29.22510023
2694.125,90.204,2.412,8150.16629,28.82548578
2694.25,89.98,2.415,8180.617915,28.69417135
2694.375,90.091,2.418,8180.688415,28.76335225
2694.5,90.841,2.42,8119.857773,29.21006457
2694.625,91.539,2.423,8067.931701,29.61784311
2694.75,91.437,2.427,8090.265429,29.56181345
2694.875,90.667,2.432,8175.781707,29.11591134
2695,88.32,2.437,8410.298913,27.69063217
2695.125,85.602,2.445,8705.82463,25.91637333
2695.25,84.264,2.448,8854.91313,24.99137444
2695.375,83.596,2.446,8918.37887,24.51695367
2695.5,83.939,2.439,8856.517233,24.76574253
2695.625,85.186,2.421,8662.465663,25.64246094
2695.75,86.251,2.399,8477.759098,26.3666912
2695.875,87.304,2.385,8326.628791,27.0612341
2696,88.673,2.372,8153.390547,27.93282071
2696.125,89.609,2.357,8017.203629,28.51054505
2696.875,93.208,2.356,7704.368724,30.60435266
2697,94.348,2.362,7630.660957,31.22408546
2697.125,94.689,2.37,7628.932611,31.40775568
2697.25,94.493,2.373,7654.433662,31.30664021
2697.375,94.23,2.372,7672.562878,31.16918484
2697.5,94.133,2.368,7667.517236,31.11994514
2697.625,94.424,2.361,7621.291197,31.27806967
2697.75,94.868,2.358,7575.983472,31.51562121
2697.875,95.461,2.36,7535.307613,31.82773665
2698,96.467,2.365,7472.524283,32.34450035
2698.125,97.404,2.371,7419.41604,32.8141053
2698.25,97.782,2.377,7409.43732,33.0020131
2698.375,97.819,2.381,7419.098539,33.02276217
2698.5,96.812,2.387,7515.159278,32.52857533
2698.625,94.525,2.405,7755.02777,31.35335767
2698.75,92.276,2.428,8020.009537,30.12608143
2698.875,89.773,2.444,8297.942589,28.66868823
2699,86.558,2.458,8655.449525,26.63974891
2699.125,84.806,2.471,8880.984836,25.45369589
2699.25,84.782,2.476,8901.47437,25.43963571
2699.375,85.417,2.476,8835.299765,25.88048809
2699.5,86.699,2.476,8704.654033,26.74345854
2699.625,87.456,2.476,8629.308452,27.23936256
2699.75,87.413,2.478,8640.527153,27.21429749
2699.875,87.056,2.481,8686.463885,26.98539841
2700,86.375,2.482,8758.478726,26.53968627
2700.125,86.051,2.484,8798.5404,26.32590223
2700.25,86.412,2.483,8758.255798,26.56959684
2700.375,87.345,2.482,8661.212433,27.18370531
2700.5,89.567,2.479,8436.133844,28.57878943
2700.625,91.97,2.472,8192.514951,29.99327264
2700.75,93.124,2.464,8064.808213,30.64173165
2700.875,93.548,2.46,8015.222132,30.87670375
2701,92.73,2.458,8079.35296,30.4289026
2701.125,91.006,2.46,8239.105114,29.44884332
2701.25,89.737,2.465,8372.599931,28.69786106
2701.375,88.606,2.468,8489.790759,28.00600759
2701.5,87.282,2.47,8625.558534,27.16693265
2701.625,86.311,2.47,8722.596193,26.53168617
2701.75,85.842,2.469,8766.701615,26.21975532
2701.875,85.495,2.469,8802.283174,25.98687387
2702,85.078,2.47,8849.009145,25.70329159
2702.125,84.316,2.475,8947.056312,25.17372564
2702.25,83.307,2.484,9088.350319,24.45285185
2702.375,81.829,2.491,9278.578499,23.35523056
2703.125,80.112,2.483,9447.004194,22.02873664
2703.25,82.02,2.482,9223.525969,23.51865554
2703.375,83.02,2.483,9116.097326,24.26680788
2703.5,82.067,2.487,9236.813823,23.55947564
2704.625,82.331,2.419,8955.450559,23.78195526
2704.75,83.564,2.406,8775.893926,24.69213043
2704.875,84.377,2.406,8691.335316,25.275096
2705,84.837,2.411,8662.173344,25.5999503
2705.125,84.6,2.42,8718.865248,25.43714642
2705.25,84.057,2.425,8793.318819,25.05630461
2705.375,83.368,2.425,8865.991747,24.56333623
2705.5,82.5,2.421,8944.494545,23.92683218
2705.625,82.044,2.414,8968.202428,23.58690943
2705.75,82.116,2.408,8938.068099,23.64395254
2705.875,82.44,2.408,8902.94032,23.88994923
2706,83.042,2.41,8845.74071,24.33846686
2706.125,83.491,2.417,8823.724713,24.66844538
2706.25,83.615,2.424,8836.156192,24.7607192
2706.375,83.612,2.426,8843.764053,24.76120278
2706.5,83.507,2.423,8843.934041,24.68797084
2706.625,83.429,2.414,8819.321819,24.63409525
2706.75,83.375,2.405,8792.131934,24.59753317
2706.875,83.185,2.402,8801.221374,24.46171447
2707,82.42,2.403,8886.610046,23.8987603
2707.125,81.234,2.413,9053.873994,22.99811952
2707.25,80.335,2.426,9204.516089,22.29376818
2707.375,79.573,2.433,9319.472685,21.68146849
2707.625,80.17,2.441,9280.488961,22.16973236
2707.75,81.574,2.444,9131.968519,23.27360658
2707.875,83.396,2.447,8943.421747,24.63661478
2708,86.295,2.449,8650.039979,26.65685989
2708.125,88.782,2.448,8404.298169,28.26012641
2708.25,89.829,2.445,8296.162709,28.90365243
2708.375,90.357,2.442,8237.564328,29.22249016
2708.5,90.552,2.439,8209.727008,29.34077578
2708.625,90.492,2.438,8211.802148,29.30796251
2708.75,90.329,2.44,8233.369128,29.21390453
2708.875,90.07,2.441,8260.428556,29.06196377
2709,89.649,2.441,8299.220292,28.81091623
2709.125,89.204,2.438,8330.370835,28.54214091
2709.25,88.795,2.433,8351.578355,28.29231886
2709.375,88.307,2.429,8383.924264,27.98988939
2709.5,87.511,2.426,8449.735462,27.48573785
2709.625,86.767,2.424,8515.163599,27.00415433
2709.75,86.394,2.423,8548.399194,26.7601128
2709.875,86.067,2.422,8577.336261,26.5442917
2710,85.475,2.42,8629.610997,26.14607905
2710.125,84.75,2.413,8678.258407,25.64824101
2710.25,84.43,2.404,8678.659244,25.42656398
2710.375,84.459,2.399,8657.635066,25.44963784
2710.5,85.181,2.395,8569.939306,25.95504412
2710.625,86.163,2.39,8454.580272,26.62464665
2710.75,86.646,2.385,8389.862198,26.94843353
2710.875,86.842,2.379,8349.867576,27.08014116
2711.375,87.128,2.363,8266.486089,27.27781956
2711.5,86.767,2.364,8304.392223,27.04420121
2711.625,85.46,2.366,8438.530307,26.17044158
2711.75,84.139,2.37,8585.507315,25.25255933
2712,81.571,2.384,8908.107048,23.36096708
2712.125,81.399,2.405,9005.565179,23.2311919
2712.25,81.898,2.429,9040.015629,23.61607121
2712.375,82.553,2.441,9012.595545,24.11170544
2712.5,83.179,2.449,8974.082401,24.57646799
2712.625,83.224,2.453,8983.87965,24.61200245
2712.75,83.017,2.453,9006.280641,24.46301073
2712.875,82.87,2.452,9018.578496,24.35739559
2713,83.188,2.451,8980.439486,24.593647
2713.125,83.974,2.448,8885.493129,25.16422861
2713.25,84.872,2.443,8773.522481,25.79969528
2713.375,84.924,2.44,8757.383072,25.838488
2713.5,84.817,2.437,8757.649999,25.76673869
2713.625,84.763,2.434,8752.441513,25.73175665
2713.75,84.772,2.431,8740.725711,25.74069457
2713.875,84.896,2.429,8720.778364,25.82968201
2714,85.091,2.427,8693.629173,25.96746494
2714.125,85.341,2.425,8661.018737,26.14223358
2714.25,85.772,2.427,8624.604766,26.43866983
2714.375,86.82,2.431,8534.540428,27.14049222
2714.5,87.758,2.437,8464.158253,27.75128881
2714.625,87.864,2.448,8492.105982,27.82166957
2714.75,87.488,2.459,8566.92575,27.58326523
2714.875,86.213,2.464,8711.29876,26.74880841
2715,84.79,2.467,8868.281637,25.77985136
2715.125,84.398,2.464,8898.637408,25.50764123
2715.25,84.889,2.454,8811.261765,25.8540915
2715.375,87.406,2.443,8519.168021,27.54372508
2715.5,90.935,2.429,8141.630835,29.71683542
2715.625,93.178,2.408,7876.949495,30.9930066
2715.75,94.78,2.391,7689.141169,31.85936497
2715.875,95.405,2.384,7616.405849,32.18921775
2716,94.578,2.382,7676.559031,31.75790368
2716.125,93.587,2.387,7774.131022,31.22784923
2716.25,92.625,2.395,7881.198381,30.69970978
2716.375,91.632,2.4,7983.237297,30.13980213
2716.5,91.155,2.401,8028.356097,29.86678391
2716.625,90.996,2.396,8025.636292,29.77677067
2716.75,90.87,2.387,8006.576428,29.70570967
2716.875,90.875,2.381,7986.011554,29.71133706
2717,91.431,2.378,7927.446927,30.03755046
2717.125,92.36,2.378,7847.708965,30.56996709
2717.25,93.69,2.378,7736.304835,31.30826235
2717.375,96.027,2.377,7544.85301,32.54214797
2717.5,98.112,2.374,7375.195695,33.58175615
2717.625,99.092,2.368,7283.800912,34.053073
2717.75,99.704,2.364,7226.863516,34.34260718
2717.875,99.96,2.365,7211.404562,34.46401205
2718,99.915,2.368,7223.804234,34.44594405
2718.125,99.96,2.371,7229.69988,34.46948594
2718.25,100.182,2.371,7213.679104,34.57452053
2718.375,100.723,2.369,7168.88099,34.82419528
2718.5,101.102,2.367,7135.977528,34.99796396
2718.625,101.057,2.368,7142.17125,34.98048254
2718.75,100.696,2.375,7188.964805,34.82017022
2718.875,99.654,2.382,7285.543982,34.3439638
2719.25,98.227,2.405,7462.75464,33.67557024
2719.375,98.505,2.407,7447.881833,33.81203707
2719.5,98.785,2.409,7432.942248,33.94851799
2719.625,98.778,2.413,7445.81182,33.94791879
2719.75,98.566,2.418,7477.288314,33.84945232
2719.875,98.269,2.42,7506.090425,33.70948998
2720,98.48,2.421,7493.103168,33.81370821
2720.125,99.001,2.42,7450.591408,34.06472019
2720.25,99.659,2.416,7389.165053,34.37639381
2720.375,100.476,2.415,7326.048011,34.75570033
2720.5,100.709,2.414,7306.07195,34.86443707
2720.625,100.433,2.416,7332.21949,34.7415518
2720.75,99.958,2.418,7373.160728,34.52605262
2720.875,99.251,2.419,7428.753363,34.19911287
2721,98.721,2.42,7471.723342,33.95082763
2721.125,98.452,2.423,7501.426076,33.8248615
2721.25,98.198,2.427,7533.245076,33.70526029
2721.375,97.697,2.431,7584.355712,33.46436032
2721.5,97.074,2.433,7639.310217,33.15973685
2721.625,96.755,2.433,7664.496925,33.00316855
2721.75,96.639,2.425,7648.464905,32.94764207
2721.875,96.873,2.416,7601.672293,33.06769801
2722,97.243,2.403,7532.001275,33.2545096
2722.125,97.467,2.383,7452.14688,33.36783629
2722.625,96.901,2.372,7461.074705,33.09804956
2722.75,96.218,2.379,7536.21152,32.75654002
2722.875,95.022,2.383,7643.897203,32.14152727
2723,94.141,2.386,7725.144199,31.67662165
2723.125,93.988,2.392,7757.177512,31.59700725
2723.25,94.162,2.399,7765.502007,31.6933255
2723.375,94.761,2.403,7729.281033,32.01499612
2723.5,95.159,2.408,7712.968821,32.2268707
2723.625,95.087,2.416,7744.452975,32.1919148
2723.75,94.868,2.424,7788.0339,32.07959707
2723.875,94.616,2.429,7824.883741,31.94911871
2724,94.61,2.435,7844.709862,31.94865399
2724.125,94.778,2.442,7853.31617,32.04028339
2724.25,94.99,2.446,7848.624066,32.15464024
2724.375,95.037,2.448,7851.156918,32.18202556
2724.5,94.711,2.449,7881.399204,32.01302607
2724.625,94.312,2.451,7921.206209,31.8035494
2724.75,93.835,2.452,7964.721053,31.54962331
2724.875,93.013,2.452,8035.109071,31.10233392
2725,92.171,2.452,8108.511354,30.63366209
2725.125,91.677,2.449,8142.229785,30.35476094
2725.25,91.29,2.445,8163.39139,30.13418727
2725.375,91.051,2.44,8168.081625,29.99781263
2725.5,91.062,2.435,8150.359096,30.00693528
2725.625,90.913,2.429,8143.601025,29.92249389
2725.75,90.378,2.429,8191.807741,29.60933268
2725.875,88.615,2.433,8368.542572,28.53728399
2726,86.25,2.439,8619.213913,27.01143596
2726.125,84.738,2.447,8801.784323,25.98069168
2726.25,83.531,2.453,8950.861357,25.12469566
2726.375,82.526,2.456,9070.944914,24.38835782
2726.5,82.174,2.458,9117.219558,24.12682472
2727.625,84.399,2.442,8819.080795,25.7746224
2727.75,84.989,2.449,8782.962501,26.1901377
2727.875,85.976,2.454,8699.860426,26.86766464
2728,87.042,2.459,8610.822362,27.57779431
2728.125,87.761,2.463,8554.168708,28.04554394
2728.25,88.339,2.465,8505.099673,28.41524905
2728.375,88.61,2.466,8482.527931,28.58796086
2728.5,88.156,2.467,8529.67013,28.30507505
2728.625,87.597,2.466,8580.622624,27.951046
2728.75,87.117,2.462,8613.905438,27.64285105
2728.875,86.835,2.457,8624.3289,27.46088481
2729,87.062,2.449,8573.834738,27.61232113
2729.125,87.435,2.444,8519.828444,27.85734094
2729.25,87.846,2.442,8473.027799,28.12407804
2729.375,88.398,2.443,8423.566144,28.47658522
2729.5,88.701,2.447,8408.536544,28.6689867
2729.625,88.705,2.455,8435.646243,28.67417232
2729.75,88.581,2.462,8471.541301,28.59943038
2729.875,88.246,2.468,8524.424903,28.3915622
2730,87.741,2.473,8590.857182,28.07303514
2730.125,87.149,2.473,8649.214564,27.69322943
2730.25,86.272,2.472,8733.605341,27.1171887
2730.375,84.29,2.472,8938.967849,25.75623459
2730.5,81.753,2.477,9235.00789,23.89194388
2732,79.655,2.448,9367.276379,22.26663073
2732.125,81.09,2.441,9175.197928,23.41431829
2732.25,82.339,2.441,9036.019383,24.37315982
2732.375,83.561,2.441,8903.87621,25.27689398
2732.5,83.866,2.438,8860.591897,25.49935198
2732.625,83.573,2.432,8869.773731,25.29090944
2732.75,83.2,2.429,8898.548077,25.02213026
2732.875,82.995,2.428,8916.855232,24.87430703
2733,83.237,2.427,8887.268883,25.05451872
2733.125,83.519,2.425,8849.962284,25.2624595
2733.25,83.728,2.42,8809.669406,25.41614969
2733.375,83.636,2.415,8801.138266,25.35245193
2733.5,83.339,2.408,8806.901931,25.13962421
2733.625,83.196,2.405,8811.048608,25.03784507
2733.75,83.077,2.407,8831.007379,24.95325063
2733.875,82.802,2.412,8878.742059,24.75306511
2734,82.359,2.421,8959.807671,24.42538818
2734.125,82.071,2.428,9017.246043,24.21089437
2734.25,81.995,2.43,9033.0386,24.15592852
2734.375,82.622,2.431,8968.177967,24.63001813
2734.5,84.049,2.434,8826.793894,25.67296756
2734.625,85.282,2.439,8717.046974,26.53959504
2734.75,86.442,2.443,8614.173666,27.32705579
2734.875,87.608,2.446,8509.96256,28.0924962
2735,88.06,2.447,8469.743357,28.38409334
2735.125,88.021,2.448,8476.958908,28.36200334
2735.25,87.826,2.449,8499.250791,28.24037162
2735.375,87.513,2.452,8540.098043,28.04205649
2735.5,87.471,2.459,8568.590733,28.01763658
2735.625,87.559,2.467,8587.827636,28.07708899
2735.75,87.637,2.469,8587.140135,28.12997289
2735.875,87.515,2.469,8599.11101,28.05410407
2736,86.899,2.463,8639.022313,27.65591569
2736.125,86.154,2.456,8688.961627,27.16417671
2736.25,85.263,2.452,8765.462158,26.56131713
2736.375,83.703,2.451,8925.185477,25.46481663
2736.5,81.95,2.451,9116.104942,24.16957113
2736.625,80.89,2.452,9239.332427,23.3531516
2736.75,80.3,2.453,9311.013699,22.88816038
2736.875,80.817,2.454,9255.221055,23.30105489
2737,82.721,2.458,9056.93113,24.75953922
2737.125,84.545,2.462,8875.954817,26.08042909
2737.25,86.25,2.466,8714.629565,27.2526358
2737.375,87.761,2.468,8571.534053,28.24452565
2737.5,88.113,2.469,8540.751081,28.47158552
2737.625,87.725,2.466,8568.102593,28.22683544
2737.75,87.076,2.461,8614.460931,27.80945801
2737.875,85.969,2.456,8707.659738,27.0772829
2738,84.849,2.445,8783.085246,26.31199305
2738.125,83.98,2.434,8834.046201,25.70110943
2738.25,82.966,2.428,8919.972037,24.96746704
2738.375,81.418,2.424,9074.592842,23.80164665
2738.5,80.3,2.423,9197.140722,22.92522948
2738.625,80.164,2.427,9227.952697,22.81884754
2738.75,80.567,2.43,9193.143595,23.14324307
2738.875,81.774,2.43,9057.451024,24.08590051
2739,82.98,2.424,8903.774403,24.99377901
2739.125,83.529,2.409,8790.518263,25.3977284
2739.25,83.911,2.395,8699.646054,25.67574982
2739.375,84.482,2.381,8590.336403,26.08421655
2741.375,81.852,2.44,9086.057763,24.19864573
2741.5,84.871,2.434,8741.303861,26.40228712
2741.625,85.792,2.428,8626.14696,27.03805851
2741.75,86.011,2.423,8586.464522,27.18879267
2741.875,85.586,2.419,8614.85757,26.90329788
2742,85.063,2.413,8646.325665,26.5463996
2742.125,84.97,2.41,8645.027657,26.48455831
2742.25,85.141,2.41,8627.664697,26.60573855
2742.375,85.82,2.412,8566.506642,27.07314429
2742.5,86.761,2.417,8491.160775,27.70488375
2742.625,87.386,2.42,8440.894422,28.11604732
2742.75,87.789,2.421,8405.618016,28.37827646
2742.875,87.804,2.421,8404.182042,28.3905744
2743,87.431,2.419,8433.063787,28.1532558
2743.125,87.108,2.42,8467.833035,27.9460292
2743.25,86.782,2.423,8510.17953,27.73486705
2743.375,86.313,2.429,8577.609398,27.42634707
2743.5,85.823,2.439,8662.097573,27.09933926
2743.625,85.563,2.447,8716.917359,26.92516374
2743.75,85.543,2.449,8726.08162,26.91418699
2743.875,86.262,2.45,8656.882521,27.40300037
2744,87.429,2.448,8534.358165,28.17351154
2744.125,88.122,2.445,8456.866617,28.62016533
2744.25,88.505,2.443,8413.382295,28.86450445
2744.375,88.352,2.443,8427.951829,28.77098716
2744.5,87.644,2.444,8499.511661,28.3229672
2744.625,87.047,2.448,8571.810631,27.93846895
2744.75,86.514,2.453,8642.235939,27.58982
2744.875,85.937,2.459,8721.542525,27.20601043
2745,85.521,2.467,8792.47904,26.92599023
2745.125,85.344,2.471,8825,26.80734176
2745.25,85.251,2.47,8831.051835,26.74602106
2745.375,85.441,2.469,8807.84635,26.8792807
2745.5,86.083,2.465,8727.995075,27.3178572
2745.625,86.67,2.463,8661.84839,27.71204566
2745.75,87.13,2.462,8612.620223,28.01693529
2745.875,87.19,2.46,8599.701801,28.05875266
2746,86.743,2.455,8626.448244,27.76834479
2746.125,86.482,2.447,8624.287135,27.59814207
2746.25,86.515,2.442,8603.382072,27.62276476
2746.375,87.278,2.439,8517.692889,28.12679066
2746.5,88.338,2.441,8422.386742,28.80805518
2746.625,88.901,2.45,8399.905513,29.16296075
2746.75,89.25,2.459,8397.794958,29.38120997
2746.875,89.422,2.468,8412.319116,29.48937168
2747,89.383,2.479,8453.500106,29.4682102
2747.125,89.267,2.485,8484.97205,29.39977106
2747.25,89.128,2.485,8498.204829,29.3169194
2747.375,89.155,2.485,8495.631204,29.3362693
2747.5,89.699,2.485,8444.107515,29.6716813
2747.625,90.378,2.485,8380.667862,30.08265253
2747.75,91,2.486,8326.734066,30.45268586
2747.875,91.1,2.486,8317.593853,30.51387085
2748,90.111,2.484,8402.117389,29.93115981
2748.125,88.969,2.481,8499.688656,29.23757097
2748.25,87.791,2.48,8610.267567,28.49821636
2748.375,86.522,2.481,8740.075357,27.67316471
2748.5,85.885,2.486,8822.644234,27.24879269
2748.625,85.805,2.491,8848.631199,27.19728571
2748.75,86.015,2.493,8834.11498,27.3419695
2748.875,86.891,2.493,8745.052997,27.92775177
2749,87.98,2.491,8629.879518,28.63514549
2749.125,88.538,2.487,8561.720391,28.99055525
2749.25,88.844,2.484,8521.939579,29.18433248
2749.375,88.88,2.482,8511.629163,29.20940836
2749.5,88.672,2.483,8535.032479,29.08254132
2749.625,88.374,2.485,8570.710843,28.89827747
2749.75,87.84,2.489,8636.693989,28.56196932
2749.875,86.171,2.494,8821.659259,27.47110703
2750,83.525,2.506,9144.912302,25.62734237
2750.125,81.369,2.521,9443.409652,24.01371678
2750.875,80.044,2.499,9515.956224,22.98206049
2751,81.589,2.476,9249.835149,24.20219973
2751.125,81.947,2.459,9146.194492,24.47880656
2751.25,81.84,2.453,9135.806452,24.39991078
2751.375,81.353,2.452,9186.749106,24.02795572
2751.5,81.275,2.453,9199.315903,23.97009641
2751.625,81.733,2.455,9155.22494,24.32607944
2751.75,82.51,2.455,9069.009817,24.91696742
2751.875,83.78,2.455,8931.534973,25.8518228
2752,84.567,2.458,8859.228777,26.41465243
2752.125,84.603,2.465,8880.67799,26.44264789
2752.25,84.297,2.471,8934.609773,26.22931544
2752.375,83.55,2.477,9036.38061,25.69633715
2752.5,82.876,2.481,9124.581302,25.20531726
2752.625,82.594,2.481,9155.735283,24.99843525
2752.75,82.501,2.478,9154.972667,24.93160532
2752.875,82.611,2.475,9131.713694,25.01646371
2753,82.654,2.472,9115.900017,25.05118972
2753.125,82.432,2.471,9136.752717,24.88792704
2753.25,82.037,2.47,9177.029877,24.59257201
2753.375,81.635,2.47,9222.220861,24.28822474
2753.5,81.855,2.47,9197.434488,24.45937916
2753.625,82.414,2.47,9135.04987,24.88511072
2753.75,83.092,2.471,9064.179464,25.39138118
2753.875,83.833,2.471,8984.061169,25.93283439
2754,84.2,2.471,8944.902613,26.19797779
2754.125,84.292,2.471,8935.139752,26.26600784
2754.25,84.225,2.47,8938.628673,26.22111831
2754.375,83.198,2.471,9052.631073,25.48257239
2754.5,80.68,2.475,9350.272682,23.56745121
2756.5,79.903,2.397,9143.656684,22.98754796
2756.625,80.068,2.419,9208.562722,23.12366266
2756.75,80.604,2.429,9185.142177,23.55514976
2756.875,81.756,2.436,9081.814179,24.45576168
2757,82.462,2.441,9022.541292,24.99328287
2757.125,82.274,2.446,9061.681698,24.85465177
2757.25,81.634,2.449,9143.925325,24.37017315
2757.375,80.084,2.455,9343.739074,23.15252572
2758.875,82.574,2.448,9036.142127,25.11721723
2759,85.377,2.459,8778.748375,27.12836854
2759.125,86.231,2.474,8744.827266,27.7106984
2759.25,86.688,2.481,8723.33887,28.01772485
2759.375,87.085,2.483,8690.571281,28.28156326
2759.5,87.153,2.482,8680.293277,28.32869609
2759.625,86.749,2.481,8717.204809,28.0661429
2759.75,85.919,2.48,8797.867759,27.51408044
2759.875,84.224,2.479,8971.305091,26.34121632
2760,82.919,2.476,9101.470109,25.39771043
2760.125,82.762,2.475,9115.052802,25.28403784
2760.25,83.253,2.475,9061.295088,25.64877259
2760.375,84.863,2.477,8896.569765,26.80204858
2760.5,86.641,2.479,8721.035076,28.01360635
2760.625,87.404,2.479,8644.904123,28.5162841
2760.75,87.628,2.478,8619.327156,28.66370744
2760.875,87.107,2.478,8670.880641,28.3283724
2761,86.24,2.48,8765.120594,27.75719341
2761.125,85.799,2.482,8817.277591,27.46241203
2761.25,85.639,2.483,8837.310104,27.35623048
2761.375,85.821,2.484,8822.12046,27.48273493
2761.5,85.954,2.485,8812.015729,27.57549355
2761.625,85.541,2.487,8861.687378,27.29737548
2761.75,84.481,2.49,8983.700477,26.56358117
2761.875,81.475,2.495,9333.857011,24.3464569
2762.875,81.409,2.489,9318.95982,24.3167853
2763,83.046,2.484,9116.913518,25.55576463
2763.125,83.557,2.476,9031.975777,25.93200259
2763.25,84.001,2.469,8958.836204,26.25466087
2763.375,84.767,2.462,8852.709191,26.79954818
2763.5,85.159,2.453,8779.746122,27.07500331
2763.625,84.687,2.446,8803.485777,26.74887716
2763.75,83.492,2.442,8914.885258,25.89822567
2764.25,78.944,2.45,9459.3636,22.36264371
2764.375,82.137,2.455,9110.193944,24.90631548
2764.5,86.091,2.463,8720.103147,27.73266593
2764.625,88.183,2.468,8530.514952,29.10230185
2764.75,89.246,2.473,8445.985254,29.76902228
2764.875,88.564,2.479,8531.674269,29.34801005
2765,86.288,2.487,8784.971259,27.87572882
2765.125,84.468,2.495,9003.125444,26.62703632
2765.25,83.01,2.499,9175.945067,25.57751142
2765.375,82.198,2.502,9277.714786,24.97388987
2765.5,82.896,2.506,9214.302258,25.49865071
2765.625,84.089,2.508,9090.825197,26.36866067
2765.75,85.477,2.508,8943.205775,27.34251346
2765.875,87.054,2.509,8784.699152,28.40185155
2766,87.524,2.509,8737.525707,28.71029019
2766.125,87.137,2.508,8772.833584,28.4615537
2766.25,86.556,2.507,8828.199085,28.08148041
2766.375,85.984,2.505,8879.838109,27.70100346
2766.5,85.986,2.502,8868.997279,27.70505445
2766.625,86.227,2.5,8837.139179,27.86996717
2766.75,86.426,2.5,8816.791243,28.00576099
2766.875,86.376,2.502,8828.952487,27.97509516
2767,85.862,2.504,8888.905453,27.63194785
2767.125,85.266,2.506,8958.18732,27.22708372
2767.25,84.606,2.506,9028.068931,26.77005677
2767.375,83.776,2.506,9117.513369,26.18172539
2767.5,83.431,2.507,9158.869006,25.93441396
2767.625,83.699,2.509,9136.826007,26.13152865
2767.75,84.318,2.509,9069.750231,26.57739444
2767.875,85.372,2.509,8957.775383,27.31627513
2768,85.902,2.507,8895.41105,27.68065035
2768.125,85.703,2.504,8905.396544,27.54820582
2768.25,85.19,2.502,8951.86759,27.19886938
2768.375,84.599,2.501,9010.801546,26.78937448
2768.5,84.904,2.5,8974.842175,27.00568744
2768.625,85.645,2.499,8893.63302,27.51946692
2768.75,86.37,2.498,8815.449809,28.01163171
2768.875,86.65,2.497,8783.446047,28.20063427
2769,86.02,2.497,8847.774936,27.78202933
2769.125,85.29,2.497,8923.503342,27.28679244
2769.25,84.755,2.497,8979.831278,26.91773958
2769.375,85.015,2.496,8948.783156,27.10183081
2769.5,86.391,2.493,8795.666215,28.04187945
2769.625,87.709,2.489,8649.593542,28.90809197
2769.75,88.872,2.488,8532.973265,29.6462685
2769.875,89.601,2.489,8466.950146,30.09785998
2770,89.128,2.491,8518.723633,29.81037848
2770.125,88.281,2.491,8600.455364,29.28369646
2770.25,87.407,2.49,8682.965895,28.72665228
2770.375,86.532,2.489,8767.244488,28.15476472
2770.5,86.033,2.487,8811.009729,27.8232294
2770.625,85.769,2.486,8834.576595,27.6471298
2770.75,85.52,2.486,8860.299345,27.47992135
2770.875,85.296,2.487,8887.141249,27.32870948
2771,85.089,2.488,8912.343546,27.18827512
2771.125,84.858,2.491,8947.380329,27.03021206
2771.25,84.49,2.493,8993.566102,26.77453083
2771.375,83.707,2.495,9084.974972,26.2179984
2771.5,83.055,2.5,9174.643309,25.74494174
2771.625,83.054,2.505,9193.103282,25.7468922
2771.75,83.441,2.508,9161.42424,26.03309725
2771.875,84.104,2.51,9096.452012,26.51393982
2772,84.241,2.509,9078.040384,26.61426605
2772.125,83.967,2.504,9089.513738,26.42129474
2772.25,83.688,2.499,9101.605965,26.22310291
2772.375,83.834,2.491,9056.669132,26.33112596
2772.5,84.751,2.478,8911.923163,26.98504083
2772.625,85.587,2.468,8789.260051,27.56627995
2772.75,86.269,2.464,8705.643974,28.03059476
2772.875,86.819,2.463,8646.982803,28.39897956
2773,87.046,2.465,8631.436252,28.55093248
2773.125,86.916,2.467,8651.359934,28.46829015
2773.25,86.441,2.469,8705.952037,28.15640281
2773.375,85.086,2.471,8851.759396,27.23747299
2773.5,83.62,2.477,9028.816073,26.200801
2773.625,83.039,2.483,9114.011489,25.77884326
2773.75,82.969,2.487,9136.395521,25.72986671
2773.875,83.535,2.489,9081.788472,26.1472105
2774,83.996,2.491,9039.201867,26.48248229
2774.125,83.823,2.49,9054.221395,26.36090369
2774.25,83.143,2.488,9120.941029,25.86884829
2774.375,81.072,2.485,9342.658378,24.30049714
2775.75,80.559,2.469,9341.615462,23.92511228
2776.625,81.91,2.448,9109.393236,24.99646136
2776.75,82.034,2.456,9125.348026,25.09359172
2776.875,82.512,2.46,9087.260035,25.45703782
2777,83.538,2.458,8968.354521,26.21670232
2777.125,84.582,2.451,8832.432432,26.96616783
2777.25,85.726,2.445,8693.231925,27.76115282
2777.375,87.218,2.441,8530.541861,28.75827937
2778.625,84.722,2.441,8781.860674,27.09696832
2788.5,90.465,2.454,8268.161167,31.02485648
2788.625,90.414,2.471,8330.134714,30.99718851
2788.75,89.457,2.482,8456.728931,30.42137174
2788.875,86.73,2.492,8757.772397,28.68741996
2789,83.869,2.499,9081.963538,26.71509646
2789.125,82.524,2.499,9229.984005,25.7298139
2789.25,81.729,2.495,9304.848952,25.12935806
2789.375,81.115,2.491,9360.251495,24.65608007
2789.5,80.5,2.488,9420.402484,24.1729044
2789.625,79.934,2.49,9494.733155,23.72015975
2789.75,79.336,2.494,9581.667843,23.23281859
2789.875,78.617,2.499,9688.683109,22.63395385
2790,78.316,2.505,9749.272179,22.38069172
2790.125,78.453,2.508,9743.902719,22.50015715
2790.25,78.779,2.509,9707.449955,22.77871023
2790.375,79.369,2.51,9639.128627,23.27349018
2790.5,78.779,2.512,9719.057109,22.78405917
2791.375,79.982,2.507,9553.819609,23.79664213
2791.5,81.209,2.507,9409.469394,24.775246
2791.625,81.196,2.509,9418.483669,24.76778891
2791.75,80.912,2.512,9462.843583,24.54778853
2791.875,80.07,2.515,9573.772949,23.87861298
2792,79.249,2.519,9688.339285,23.20895573
2792.125,79.037,2.521,9722.039045,23.03517995
2792.25,79.185,2.52,9700.018943,23.1611677
2792.375,79.877,2.519,9612.168709,23.7328429
2792.5,80.605,2.517,9517.7917,24.32097534
2792.625,80.776,2.516,9493.869466,24.45926869
2792.75,80.669,2.517,9510.240613,24.37718715
2792.875,80.313,2.518,9556.191401,24.09580132
2793,80.219,2.52,9574.988469,24.02295188
2793.125,80.528,2.523,9549.602623,24.27311156
2793.25,81.064,2.525,9493.980065,24.69949256
2793.375,81.795,2.525,9409.132588,25.26885786
2793.5,81.72,2.524,9414.038179,25.21399445
2793.625,80.885,2.523,9507.453792,24.56684575
2793.75,79.742,2.522,9639.908706,23.65231208
2793.875,78.76,2.52,9752.361605,22.84029962
2794,79.742,2.511,9597.863109,23.65767756
2794.125,81.868,2.493,9281.604534,25.34092371
2794.25,84.661,2.474,8906.996138,27.39232757
2794.375,88.803,2.452,8416.039999,30.13981361
2801.875,90.948,2.445,8194.08893,31.60390592
2802,89.865,2.453,8319.973293,30.95991202
2802.125,89.416,2.461,8389.022099,30.68876606
2802.25,89.146,2.468,8438.364032,30.52514327
2802.375,88.762,2.478,8509.208896,30.2890953
2802.5,87.981,2.496,8647.103352,29.79812043
2802.625,87.108,2.514,8796.748863,29.23585005
2802.75,86.072,2.522,8930.960126,28.54943627
2802.875,84.655,2.526,9094.853228,27.57530129
2803,83.791,2.526,9188.633624,26.96205331
2803.125,83.654,2.521,9185.463935,26.8656312
2803.25,83.747,2.517,9160.705458,26.9356815
2803.375,84.108,2.512,9103.267228,27.19802592
2803.5,84.553,2.505,9030.123118,27.51697898
2803.625,84.84,2.498,8974.427157,27.72145545
2803.75,84.998,2.495,8946.986988,27.83452079
2803.875,84.864,2.493,8953.930995,27.7436846
2804,84.4,2.495,9010.379147,27.41957892
2804.125,84.069,2.499,9060.357563,27.18639019
2804.25,84.029,2.502,9075.552488,27.16043801
2804.375,84.867,2.503,8989.529499,27.75665295
2804.5,86.283,2.5,8831.403637,28.72960835
2804.625,87.166,2.495,8724.456784,29.31747944
2804.75,87.743,2.491,8653.189428,29.69463986
2804.875,87.983,2.488,8619.192344,29.85130944
2805,87.914,2.487,8622.490161,29.80989245
2805.125,87.934,2.488,8623.995269,29.82543114
2805.25,88.113,2.489,8609.93497,29.9424556
2805.375,88.468,2.489,8575.38545,30.17014993
2805.5,88.691,2.49,8557.260601,30.3130493
2805.625,88.693,2.492,8563.940785,30.31703883
2805.75,88.59,2.493,8577.3383,30.25514826
2805.875,88.357,2.495,8606.856276,30.11099277
2806,88.353,2.496,8610.695732,30.11119769
2806.125,88.779,2.494,8562.511405,30.3818034
2806.25,89.609,2.49,8469.595688,30.89732523
2806.375,91.274,2.484,8295.058834,31.89371726
2806.5,92.657,2.476,8144.930227,32.68802591
2806.625,92.997,2.472,8102.042001,32.88088178
2806.75,92.859,2.473,8117.365037,32.80668716
2806.875,92.321,2.477,8177.875023,32.50669812
2807,92.119,2.485,8222.277706,32.39463798
2807.125,92.318,2.489,8217.76035,32.51050291
2807.25,92.583,2.489,8194.238683,32.66294164
2807.375,92.733,2.487,8174.410404,32.74995032
2807.5,92.518,2.482,8176.934218,32.63183275
2807.625,92.166,2.478,8194.935226,32.43516908
2807.75,91.685,2.478,8237.927687,32.16232173
2807.875,90.961,2.478,8303.497103,31.74335572
2808,90.464,2.48,8355.854262,31.45171611
2808.125,90.464,2.482,8362.592855,31.45446168
2808.25,90.851,2.483,8330.325478,31.68678851
2808.375,91.925,2.485,8239.630133,32.31404399
2808.5,92.951,2.487,8155.238782,32.89659619
2808.625,93.319,2.488,8126.345117,33.10343626
2808.75,93.461,2.488,8113.998352,33.18440734
2808.875,93.534,2.486,8101.148246,33.22725866
2809,93.574,2.483,8087.913309,33.25195302
2809.125,93.536,2.482,8087.940472,33.23387311
2809.25,93.397,2.482,8099.977515,33.16022503
2809.375,93.015,2.484,8139.796807,32.95152923
2809.5,92.737,2.484,8164.197677,32.79902938
2809.625,92.843,2.483,8151.59355,32.86112117
2809.75,93.283,2.481,8106.608921,33.10837934
2809.875,94.392,2.479,8004.907196,33.71478626
2810.375,93.455,2.476,8075.381735,33.21696957
2810.5,90.647,2.482,8345.710283,31.61552165
2810.625,88.717,2.49,8554.752753,30.44159119
2810.75,87.123,2.494,8725.264282,29.42312197
2810.875,85.8,2.498,8874.013986,28.54209009
2811,85.47,2.502,8922.541243,28.3190352
2811.125,85.623,2.506,8920.836691,28.4267114
2811.25,85.836,2.508,8905.801761,28.57476861
2811.375,86.178,2.51,8877.532549,28.80896948
2811.5,86.689,2.51,8825.202736,29.1533096
2811.625,87.164,2.507,8766.619246,29.46910402
2811.75,87.673,2.504,8705.293534,29.80261203
2811.875,88.481,2.501,8615.463207,30.32068211
2812,89.316,2.496,8517.855703,30.84376262
2812.125,89.821,2.491,8452.998742,31.15534668
2812.25,90.214,2.488,8406.038974,31.39545224
2812.375,90.366,2.485,8381.780758,31.48931164
2812.5,90.061,2.483,8403.397697,31.30884506
2812.625,89.689,2.482,8434.853772,31.08601814
2812.75,89.425,2.48,8452.938216,30.92725322
2812.875,89.563,2.478,8433.107422,31.01457163
2813,90.139,2.472,8358.930097,31.36683455
2813.125,90.593,2.464,8290.123961,31.6411621
2813.25,90.967,2.458,8235.936109,31.86509489
2813.375,91.142,2.454,8206.745518,31.97056255
2813.5,90.948,2.45,8210.845758,31.85941415
2813.625,90.721,2.449,8228.030996,31.72811582
2813.75,90.57,2.45,8245.114276,31.6412304
2813.875,90.499,2.45,8251.58289,31.60170369
2814,90.545,2.448,8240.658236,31.63185234
2814.125,90.592,2.446,8229.653833,31.66256117
2814.25,90.565,2.445,8228.741788,31.6492531
2814.375,90.371,2.445,8246.40648,31.53627229
2814.5,90.224,2.445,8259.842171,31.4509134
2814.625,90.241,2.445,8258.286145,31.4638693
2814.75,90.263,2.446,8259.650133,31.47982058
2814.875,89.934,2.448,8296.644206,31.28428023
2815,88.95,2.458,8422.6914,30.68299852
2815.125,87.887,2.471,8569.649664,30.01416035
2815.25,86.755,2.481,8716.601925,29.27902924
2815.375,85.559,2.489,8866.947954,28.47556481
2815.5,85.228,2.495,8922.842258,28.25016501
2815.625,85.62,2.497,8889.110021,28.52282174
2815.75,86.384,2.497,8810.492684,29.04285871
2815.875,87.897,2.496,8655.367077,30.03700441
2816,89.366,2.492,8499.447217,30.96234976
2816.125,90.083,2.484,8404.728972,31.40178804
2816.25,90.546,2.476,8334.822079,31.68194452
2816.375,90.571,2.469,8308.964238,31.69957311
2816.5,90.71,2.456,8252.549884,31.78485969
2816.625,91.051,2.456,8221.642816,31.98875934
2816.75,91.284,2.457,8203.996319,32.1278751
2816.875,91.125,2.459,8225.000823,32.03766814
2817,90.69,2.461,8271.17433,31.78400879
2817.125,89.753,2.464,8367.711386,31.22386153
2817.25,88.928,2.469,8462.47751,30.71868573
2817.375,88.658,2.473,8502.000947,30.55262962
2817.5,88.699,2.475,8504.943686,30.58108825
2817.625,89.135,2.477,8470.181186,30.85546869
2817.75,89.477,2.481,8451.432212,31.06897518
2817.875,89.383,2.488,8484.190506,31.01399396
2818,88.937,2.495,8550.726919,30.74075668
2818.125,87.312,2.503,8737.795492,29.70802912
2818.25,84.809,2.523,9067.556509,28.01814046
2819.125,81.162,2.538,9531.337325,25.33492559
2819.25,82.872,2.514,9246.39444,26.64171633
2819.375,83.073,2.501,9176.324438,26.79332276
2819.5,82.406,2.498,9239.501978,26.29846403
2819.625,80.592,2.497,9443.686718,24.89563568
2819.75,78.939,2.497,9641.439593,23.5468432
2819.875,78.132,2.499,9748.825065,22.86367116
2821,77.961,2.509,9809.304652,22.74026891
2821.125,79.648,2.512,9613.017276,24.16481419
2821.25,81.051,2.516,9461.657475,25.29392368
2821.375,81.935,2.515,9355.855251,25.98168043
2821.5,82.794,2.512,9247.74259,26.63260151
2821.625,83.982,2.51,9109.666357,27.5045734
2821.75,84.929,2.507,8997.322469,28.17850985
2821.875,85.251,2.505,8956.188197,28.40522646
2822,85.262,2.504,8951.457859,28.41557109
2822.125,84.673,2.503,9010.126014,28.007095
2822.5,82.308,2.502,9265.315644,26.28966419
2822.625,81.314,2.5,9371.080011,25.5294908
2822.75,80.171,2.495,9485.674371,24.62562083
2822.875,79.599,2.49,9534.692647,24.16238751
2823,79.462,2.489,9547.295563,24.05224542
2823.125,80.237,2.489,9455.079327,24.68696361
2823.25,81.552,2.491,9310.094173,25.72783295
2823.375,82.312,2.496,9242.647488,26.31170068
2823.5,82.65,2.499,9215.912886,26.56859427
2823.625,82.324,2.501,9259.812448,26.32620247
2823.75,81.562,2.506,9365.008215,25.7464179
2823.875,80.986,2.511,9450.433408,25.29970054
2824,80.432,2.516,9534.473841,24.86253851
2824.125,79.873,2.52,9616.46614,24.41365607
2824.25,79.847,2.523,9631.049382,24.39516311
2824.375,80.231,2.521,9577.355386,24.70918432
2824.5,80.825,2.517,9491.884937,25.18619069
2824.625,81.66,2.513,9379.897134,25.84108933
2824.75,81.938,2.506,9322.033733,26.05725915
2824.875,81.722,2.502,9331.753995,25.89428003
2825,81.435,2.5,9357.156014,25.67513275
2825.125,81.424,2.497,9347.190018,25.66930327
2825.25,82.134,2.492,9247.834027,26.21753451
2825.375,82.976,2.484,9124.604705,26.85210507
2825.5,83.762,2.478,9017.148588,27.43036503
2825.625,84.046,2.473,8968.545796,27.63774214
2825.75,83.27,2.47,9041.143269,27.07713981
2825.875,82.349,2.473,9153.36434,26.39399994
2826,81.499,2.477,9263.78974,25.74648451
2826.125,81.148,2.48,9315.127914,25.47571295
2826.25,81.944,2.479,9220.921605,26.09443648
2826.375,82.955,2.472,9082.823217,26.85831142
2826.5,83.94,2.466,8954.453181,27.58064468
2826.625,84.81,2.462,8848.220729,28.20164076
2826.75,84.793,2.459,8839.210784,28.19244227
2826.875,84.243,2.463,8911.392044,27.80596815
2827,83.55,2.47,9010.843806,27.30915742
2827.125,82.781,2.478,9124.006717,26.74529118
2827.25,82.159,2.492,9245.020022,26.28000757
2827.375,81.519,2.506,9369.94811,25.79183729
2827.5,80.503,2.515,9522.278673,24.99516808
2827.625,78.345,2.525,9823.4731,23.21349176
2828.375,79.052,2.498,9631.513434,23.82772242
2828.5,80.649,2.495,9429.453558,25.13327506
2828.625,82.065,2.494,9263.037836,26.23840662
2828.75,82.432,2.496,9229.192547,26.51914487
2828.875,82.261,2.499,9259.493563,26.39270976
2829,82.042,2.501,9291.640867,26.22903503
2829.125,81.886,2.503,9316.786752,26.11254646
2829.25,81.963,2.505,9315.471615,26.17417511
2829.375,82.013,2.508,9320.941802,26.21507346
2829.5,81.971,2.51,9333.154408,26.18572472
2829.625,81.815,2.513,9362.126749,26.06897432
2829.75,81.757,2.516,9379.952787,26.02712855
2829.875,81.893,2.517,9368.097395,26.13421654
2830,82.238,2.514,9317.677959,26.39976569
2830.125,83.249,2.51,9189.876155,27.15705467
2830.25,84.608,2.503,9017.048033,28.13870412
2830.875,85.138,2.504,8964.49529,28.52358832
2831,84.91,2.508,9002.92545,28.36733644
2831.125,85.217,2.511,8981.222057,28.58389844
2831.25,86.054,2.515,8908.03449,29.15994609
2831.375,86.777,2.516,8837.327863,29.64681147
2831.5,87.429,2.515,8767.937412,30.07757488
2831.625,88.025,2.512,8698.183471,30.46465951
2831.75,88.117,2.506,8668.347765,30.52615724
2831.875,87.775,2.501,8684.759897,30.30973268
2832,87.087,2.499,8746.370871,29.86503764
2832.125,85.243,2.498,8931.999108,28.62380681
2832.25,82.647,2.501,9223.623362,26.75681884
2832.375,80.692,2.506,9465.979279,25.25155009
2832.5,78.915,2.509,9690.720395,23.8020671
2832.875,78.299,2.504,9747.496137,23.28746984
2833,79.983,2.502,9534.646112,24.6953636
2833.125,82.812,2.499,9197.884365,26.89910164
2833.25,84.98,2.497,8956.055542,28.4654919
2833.375,85.539,2.496,8893.964157,28.85539293
2833.5,85.485,2.497,8903.147921,28.82100656
2833.625,84.884,2.497,8966.18444,28.40656667
2833.75,84.465,2.497,9010.662405,28.11405904
2833.875,84.555,2.495,8993.861983,28.18051896
2834,84.94,2.493,8945.919473,28.45395795
2834.875,85.441,2.481,8850.654838,28.82083572
2835,85.212,2.487,8895.901986,28.66526783
2835.125,84.593,2.495,8989.821853,28.23472098
2835.25,83.343,2.506,9164.882474,27.3378777
2835.375,81.97,2.516,9355.57887,26.3128201
2835.5,80.343,2.521,9564.004331,25.0404927
2835.625,78.147,2.525,9848.362701,23.21632094
2836.25,77.991,2.525,9868.061699,23.09514223
2836.375,78.353,2.519,9799.12958,23.40936529
2836.5,78.519,2.517,9770.649142,23.55372234
2836.625,78.08,2.517,9825.584016,23.18017182
2837.125,78.435,2.521,9796.657105,23.49565679
2837.25,80.382,2.52,9555.572143,25.10981697
2837.375,81.257,2.521,9456.425908,25.80542145
2837.5,81.383,2.522,9445.530393,25.90638581
2837.625,80.105,2.525,9607.639973,24.89466207
2837.75,78.09,2.528,9867.260853,23.21312363
2838.875,78.197,2.539,9896.635421,23.32962793
2839,79.329,2.53,9720.833491,24.28850984
2839.125,80.615,2.52,9527.953855,25.33691537
2839.25,80.332,2.506,9508.400139,25.1131024
2839.375,79.288,2.492,9579.780042,24.2626046
2839.5,78.399,2.486,9665.082463,23.51631202
2839.625,78.741,2.482,9607.619918,23.80966541
2839.75,80.752,2.485,9379.680999,25.45945823
2839.875,82.418,2.494,9223.363828,26.75102123
2840,83.598,2.502,9122.34264,27.6279313
2840.125,83.965,2.509,9107.880665,27.89630226
2840.25,83.773,2.513,9143.308703,27.76042812
2840.375,83.913,2.512,9124.421722,27.86431058
2840.5,84.268,2.51,9078.748754,28.1216485
2840.625,84.89,2.508,9005.046531,28.56407363
2840.75,85.406,2.508,8950.64047,28.92550781
2840.875,85.589,2.51,8938.625291,29.05416468
2841,85.615,2.511,8939.470887,29.07474283
2841.125,85.465,2.511,8955.160592,28.97440419
2841.25,85.286,2.512,8977.529724,28.85354151
2841.375,85.186,2.511,8984.490409,28.78694691
2841.5,85.085,2.509,8987.990833,28.71945124
2841.625,84.809,2.506,9006.45922,28.52918857
2841.75,84.499,2.499,9014.251056,28.31326657
2841.875,84.479,2.49,8983.913162,28.30182895
2842,84.733,2.483,8931.802249,28.48398557
2842.125,85.573,2.476,8819.19297,29.07061608
2842.25,86.49,2.469,8701.019771,29.69463381
2842.375,86.897,2.466,8649.74395,29.9678859
2842.5,87.03,2.468,8643.529817,30.05834681
2842.625,86.73,2.472,8687.485299,29.86277483
2842.75,86.391,2.479,8746.272181,29.63934426
2842.875,86.535,2.484,8749.329173,29.73843965
2843,87.131,2.485,8692.979537,30.1357348
2843.125,88.637,2.484,8541.841443,31.10599818
2843.25,89.993,2.481,8402.973565,31.94541295
2843.375,90.359,2.478,8358.817605,32.16863185
2843.5,90.243,2.476,8362.807088,32.10176671
2843.625,89.637,2.476,8419.34469,31.73710609
2843.75,89.279,2.476,8453.105434,31.51987371
2843.875,89.461,2.477,8439.315456,31.63475067
2844,89.908,2.477,8397.357299,31.91047101
2844.125,90.665,2.477,8327.244251,32.36783715
2844.25,91.05,2.478,8295.38056,32.59819002
2844.375,90.801,2.479,8321.485446,32.45404005
2844.5,90.119,2.481,8391.224936,32.0491989
2844.625,88.62,2.484,8543.480027,31.12840021
2844.75,87.19,2.489,8701.080399,30.21295176
2844.875,86.586,2.493,8775.857529,29.81645461
2845,86.39,2.495,8802.824401,29.6881447
2845.125,86.871,2.495,8754.083641,30.01120924
2845.25,87.69,2.493,8665.371194,30.54927944
2845.375,87.941,2.489,8626.774769,30.71360314
2845.5,87.626,2.486,8647.351243,30.51340682
2845.625,85.869,2.485,8820.738567,29.34986051
2845.75,83.329,2.489,9104.23982,27.55711942
2845.875,81.773,2.496,9303.569638,26.39067324
2846,80.842,2.503,9437.104475,25.66684578
2846.125,81.024,2.508,9434.71564,25.81324561
2846.25,82.302,2.513,9306.728877,26.80256015
2846.375,83.252,2.517,9215.173209,27.51422135
2846.5,83.896,2.519,9151.702107,27.98615196
2846.625,84.047,2.523,9149.766202,28.09760491
2846.75,83.736,2.527,9198.308971,27.8758996
2846.875,83.628,2.528,9213.832688,27.80020653
2847,83.774,2.526,9190.498245,27.90891202
2847.125,84.182,2.522,9131.472286,28.20534798
2847.25,84.313,2.517,9099.2089,28.30163587
2847.375,84.117,2.514,9109.540283,28.16427658
2847.5,83.803,2.513,9140.03556,27.94086008
2847.625,83.546,2.513,9168.151677,27.75691223
2847.75,83.89,2.512,9126.923352,28.00921188
2847.875,84.467,2.51,9057.359679,28.42485374
2848,85.062,2.508,8986.837836,28.84606149
2848.125,85.498,2.507,8937.444151,29.15083321
2848.25,85.466,2.506,8937.224159,29.13154387
2848.375,85.352,2.506,8949.161121,29.05561799
2848.5,85.303,2.505,8950.728579,29.02446796
2848.625,85.624,2.501,8902.933757,29.24839112
2848.75,86.434,2.489,8777.184904,29.80014072
2848.875,87.198,2.472,8640.858735,30.30906157
2849,88.086,2.458,8505.306178,30.88638382
2849.125,89.461,2.442,8320.067963,31.75078595
2849.25,90.718,2.42,8130.867083,32.51278966
2849.375,91.409,2.403,8012.716472,32.92184055
2849.5,91.965,2.397,7944.387539,33.24598956
2849.625,92.777,2.394,7865.001024,33.70948214
2849.75,93.817,2.397,7787.56089,34.28782261
2849.875,94.747,2.404,7733.640115,34.79195061
2850,95.808,2.41,7667.084168,35.35188728
2850.125,97.123,2.416,7582.105166,36.02416323
2850.25,97.685,2.424,7563.44577,36.30622278
2850.375,97.424,2.429,7599.351289,36.17982154
2850.5,96.83,2.432,7655.412579,35.88533286
2850.625,95.834,2.434,7741.33606,35.37928719
2850.75,95.129,2.436,7805.115159,35.01383503
2850.875,94.946,2.437,7823.369073,34.91991599
2851,94.912,2.438,7829.383007,34.90468283
2851.125,94.711,2.44,7852.435303,34.80061571
2851.25,94.011,2.444,7923.872738,34.42681076
2851.375,93.196,2.452,8019.331302,33.98220426
2851.5,92.279,2.459,8122.142633,33.4697612
2851.625,91.124,2.467,8251.850226,32.80508964
2851.75,90.415,2.478,8353.640436,32.38756094
2851.875,90.26,2.484,8388.247286,32.29734405
2852,90.323,2.486,8389.145622,32.33795571
2852.125,90.694,2.486,8354.828324,32.56224626
2852.25,91.101,2.486,8317.502552,32.80544379
2852.375,91.252,2.487,8307.079297,32.89673541
2852.5,91.29,2.489,8310.299047,32.92172722
2852.625,91.237,2.491,8321.808038,32.89350426
2852.75,91.141,2.495,8343.950582,32.8400183
2852.875,90.993,2.497,8364.221424,32.75576705
2853,90.632,2.498,8400.900344,32.54477869
2853.125,89.782,2.499,8483.829721,32.03572973
2853.25,89.94,2.502,8479.092728,32.13455176
2853.375,91.442,2.505,8349.817371,33.02978928
2853.5,93.694,2.506,8152.376886,34.30402431
2853.625,96.448,2.504,7913.2714,35.76150365
2853.75,96.727,2.499,7874.690624,35.90590797
2853.875,94.979,2.495,8006.780446,35.00425758
2854,92.463,2.494,8221.355569,33.62971876
2854.125,89.242,2.495,8521.503328,31.72635808
2854.25,87.608,2.5,8697.835814,30.69474874
2854.375,87.261,2.505,8749.888266,30.47159731
2854.5,87.19,2.508,8767.50086,30.42785422
2854.625,87.441,2.511,8752.791025,30.59458234
2854.75,87.918,2.514,8715.703269,30.90573036
2854.875,88.399,2.515,8671.727056,31.21526154
2855,88.935,2.515,8619.463653,31.55499525
2855.125,89.425,2.514,8568.825273,31.86140229
2855.25,89.424,2.512,8562.104133,31.86355424
2855.375,89.258,2.511,8574.61292,31.76391785
2855.5,89.181,2.511,8582.016349,31.719022
2855.625,89.525,2.512,8552.444569,31.93393138
2855.75,90.209,2.511,8484.217761,32.35252163
2855.875,90.552,2.51,8448.714551,32.56086031
2856,90.54,2.509,8446.46786,32.5564734
2856.125,89.919,2.509,8504.800988,32.18549747
2856.25,89.129,2.511,8587.023303,31.70337562
2856.375,88.799,2.514,8629.232311,31.50039374
2856.5,88.774,2.514,8631.662424,31.48749429
2856.625,89.378,2.514,8573.331245,31.86566895
2856.75,90.333,2.509,8465.823121,32.4492344
2856.875,90.911,2.503,8391.88217,32.79613261
2857,91.262,2.497,8339.567399,33.00522841
2857.125,91.362,2.492,8313.758455,33.0664228
2857.25,91.282,2.485,8297.670954,33.02247599
2857.375,91.381,2.479,8268.668542,33.08305627
2857.5,91.784,2.475,8219.079578,33.31953221
2857.625,92.776,2.472,8121.341726,33.88678567
2857.75,93.535,2.471,8052.181536,34.31137816
2857.875,93.521,2.475,8066.423584,34.30645908
2858,93.104,2.481,8122.194535,34.07847154
2858.125,92.178,2.487,8223.628198,33.55944212
2858.25,91.668,2.492,8286.006022,33.26919109
2858.375,91.906,2.488,8251.282832,33.40922297
2858.5,92.51,2.481,8174.346557,33.7563719
2858.625,93.484,2.473,8063.095289,34.30279131
2858.75,94.041,2.462,7979.685456,34.61015245
2858.875,93.965,2.455,7963.433193,34.5716462
2859,93.552,2.454,7995.330939,34.34857134
2859.125,92.597,2.456,8084.374224,33.81941856
2859.25,91.705,2.464,8189.599258,33.31281088
2859.375,91.311,2.474,8258.31718,33.08662139
2859.5,91.136,2.481,8297.586025,32.98690452
2859.625,91.167,2.487,8314.824443,33.00787281
2859.75,91.233,2.491,8322.172898,33.04932941
2859.875,91.142,2.491,8330.482105,32.99875587
2860,90.883,2.49,8350.868699,32.84895684
2860.125,90.238,2.49,8410.558745,32.466999
2860.25,89.559,2.493,8484.534218,32.05725735
2860.375,89.313,2.498,8524.96725,31.90863707
2860.5,89.297,2.501,8536.734717,31.90152416
2860.625,89.573,2.503,8517.236221,32.07415436
2860.75,89.958,2.504,8484.172614,32.31169551
2860.875,90.176,2.504,8463.662172,32.44629336
2861,90.321,2.503,8446.700103,32.53630903
2861.125,90.553,2.501,8418.327388,32.67794551
2861.25,90.98,2.498,8368.766762,32.93398902
2861.375,91.411,2.493,8312.636335,33.18941248
2861.5,91.833,2.491,8267.799157,33.43669461
2861.625,92.014,2.49,8248.223096,33.54348684
2861.75,91.351,2.493,8318.096135,33.16275417
2861.875,90.349,2.499,8430.588053,32.572536
2862,89.198,2.504,8556.460907,31.87351425
2862.125,87.916,2.508,8695.099868,31.0674739
2862.25,87.522,2.511,8744.690478,30.81570224
2862.375,87.785,2.511,8718.49177,30.98869062
2862.5,88.242,2.51,8669.885089,31.28423343
2862.625,88.905,2.51,8605.230302,31.70507761
2862.75,89.213,2.511,8578.938047,31.89942905
2862.875,89.073,2.512,8595.843858,31.81532187
2863,88.744,2.513,8631.145768,31.61257799
2863.125,88.236,2.514,8684.292126,31.29424871
2863.25,88.011,2.515,8709.95671,31.15331427
2863.375,88.042,2.516,8710.351878,31.17593413
2863.5,88.059,2.515,8705.209008,31.18958071
2863.625,87.823,2.514,8725.13123,31.04083427
2863.75,87.486,2.512,8751.772855,30.82547029
2863.875,87.527,2.513,8751.155643,30.85488518
2864,87.982,2.514,8709.363279,31.15132409
2864.125,89.358,2.515,8578.661116,32.019539
2864.25,90.827,2.515,8439.913242,32.91022598
2864.375,91.428,2.514,8381.099882,33.26601567
2864.5,91.589,2.513,8363.03923,33.36238084
2864.625,91.13,2.512,8401.817184,33.09726338
2864.75,90.208,2.513,8491.069528,32.55158852
2864.875,89.531,2.515,8562.084641,32.14263712
2865,89.052,2.516,8611.561784,31.84936369
2865.125,89.036,2.515,8609.68597,31.84217744
2865.25,89.842,2.507,8505.304869,32.34106255
2865.375,90.824,2.493,8366.361314,32.9334507
2865.5,91.788,2.481,8238.645575,33.49974008
2865.625,92.395,2.468,8141.63537,33.84982248
2865.75,92.017,2.451,8118.769358,33.63700197
2865.875,91.496,2.434,8108.367579,33.33895909
2866,91.192,2.423,8098.631459,33.16422219
2866.125,91.732,2.41,8007.761741,33.4813186
2866.25,93.234,2.393,7823.180385,34.3345122
2866.375,94.467,2.381,7682.352568,35.01023571
2866.5,95.495,2.378,7590.076967,35.55752675
2866.625,96.21,2.379,7536.838167,35.93047927
2866.75,96.008,2.383,7565.39455,35.82939829
2866.875,95.459,2.386,7618.483328,35.54709097
2867,94.906,2.388,7669.298042,35.25852859
2867.125,94.525,2.388,7700.210526,35.05810211
2867.25,94.687,2.388,7687.036235,35.14755302
2867.375,95.054,2.386,7650.943674,35.3453019
2867.5,95.451,2.384,7612.73533,35.55688194
2867.625,95.923,2.383,7572.098454,35.80510034
2867.75,96.338,2.382,7536.315888,36.02120303
2867.875,96.687,2.384,7515.417791,36.20161477
2868,97.085,2.386,7490.887367,36.40501985
2868.125,97.747,2.389,7449.509448,36.7369769
2868.25,98.273,2.394,7425.144241,36.99737012
2868.375,98.279,2.398,7437.09643,37.00309307
2868.5,97.89,2.401,7475.991419,36.8157584
2868.625,96.786,2.405,7573.863989,36.26850613
2868.75,95.584,2.414,7697.807164,35.65430392
2868.875,94.954,2.426,7787.400215,35.32589513
2869,94.549,2.436,7852.994743,35.11285347
2869.125,94.347,2.445,7898.883907,35.00712801
2869.25,94.306,2.458,7944.334401,34.98782341
2869.375,94.249,2.466,7975.010875,34.95985532
2869.5,94.116,2.469,7995.99643,34.89069142
2869.625,93.821,2.47,8024.386864,34.73296952
2869.75,93.575,2.468,8038.967673,34.60093948
2869.875,93.582,2.464,8025.338206,34.6075784
2870,93.745,2.462,8004.881327,34.69978468
2870.125,93.97,2.462,7985.71459,34.82536661
2870.25,93.906,2.464,7997.648713,34.79330583
2870.375,93.643,2.467,8029.875164,34.6522488
2870.5,93.305,2.468,8062.23032,34.46867859
2870.625,92.778,2.467,8104.740348,34.17750713
2870.75,92.314,2.462,8128.96852,33.91799618
2870.875,92.135,2.454,8118.295979,33.81871001
2871,92.105,2.449,8104.393898,33.80434013
2871.125,92.301,2.448,8083.882081,33.91895922
2871.25,92.556,2.452,8074.782834,34.06635838
2871.375,92.572,2.461,8103.020352,34.07818653
2871.5,92.436,2.467,8134.72673,34.00400399
2871.625,92.138,2.47,8170.96095,33.83714122
2871.75,91.97,2.47,8185.886702,33.7436792
2871.875,91.946,2.469,8184.708416,33.73267923
2872,91.92,2.469,8187.023499,33.72052018
2872.125,91.911,2.472,8197.773933,33.71813021
2872.25,91.896,2.479,8222.32959,33.71228695
2872.375,91.793,2.485,8251.478871,33.65572448
2872.5,91.571,2.489,8284.797589,33.53002577
2872.625,91.118,2.49,8329.331197,33.26820147
2872.75,90.77,2.487,8351.190922,33.06546297
2872.875,90.762,2.482,8335.13585,33.06349715
2873,90.919,2.477,8303.980466,33.15926528
2873.125,91.135,2.474,8274.26565,33.28932449
2873.25,90.944,2.474,8291.643209,33.17960058
2873.375,90.511,2.478,8344.780192,32.92512562
2873.5,89.946,2.482,8410.753119,32.5875596
2873.625,89.182,2.487,8499.894598,32.12152455
2873.75,88.884,2.491,8542.108816,31.9387033
2873.875,89.162,2.492,8518.893699,32.11467008
2874,89.762,2.491,8458.554845,32.486679
2874.125,90.806,2.489,8354.593309,33.11742248
2874.25,91.374,2.486,8292.652177,33.45433944
2874.375,91.183,2.485,8306.679973,33.34534586
2874.5,90.623,2.486,8361.374044,33.01700154
2874.625,89.427,2.488,8480.016103,32.2951774
2874.75,88.191,2.493,8616.144505,31.5232078
2874.875,87.352,2.499,8719.836981,30.9844184
2876.625,82.195,2.528,9374.468033,27.38718893
2876.75,83.011,2.523,9263.957789,28.00301057
2876.875,83.536,2.518,9187.492817,28.39230575
2877,84.222,2.514,9098.183373,28.89108502
2877.125,85.338,2.511,8968.487661,29.67955243
2877.25,86.002,2.506,8881.523685,30.13773552
2877.375,86.003,2.502,8867.244166,30.14118091
2877.5,85.823,2.5,8878.7388,30.02136209
2877.625,85.724,2.499,8885.436984,29.95643106
2877.75,86.12,2.499,8844.579656,30.22881763
2877.875,86.77,2.498,8774.811571,30.66748961
2878,87.492,2.497,8698.916472,31.14498
2878.125,87.906,2.494,8647.546243,31.4155718
2878.25,88.342,2.485,8573.815399,31.69701076
2878.375,89.411,2.473,8430.398944,32.36868955
2878.5,91.113,2.466,8249.501169,33.39614396
2878.625,93.614,2.461,8012.827141,34.82064951
2878.75,94.478,2.458,7929.871504,35.29281288
2878.875,93.498,2.457,8009.72855,34.76239552
2879,91.744,2.455,8156.2173,33.77514378
2879.125,89.333,2.449,8355.87297,32.33723867
2879.25,88.263,2.435,8408.823629,31.66898124
2879.375,88.155,2.42,8367.262209,31.60289343
2879.5,88.255,2.413,8333.606028,31.6694399
2879.625,88.738,2.408,8271.072145,31.97770306
2879.75,89.434,2.403,8189.663886,32.41344724
2879.875,89.922,2.399,8131.660773,32.71481509
2880,90.408,2.397,8081.205203,33.01096372
2880.125,91.324,2.394,7990.136218,33.55609168
2880.25,92.611,2.391,7869.225038,34.29830182
2880.375,93.68,2.388,7769.666951,34.89602353
2880.5,94.746,2.388,7682.249383,35.47541937
2880.625,95.904,2.388,7589.489489,36.08648219
2880.75,96.333,2.391,7565.183271,36.30999558
2880.875,96.1,2.396,7599.383975,36.19323223
2881,95.552,2.401,7658.916611,35.91194234
2881.125,94.149,2.406,7789.236211,35.16850153
2881.25,92.454,2.416,7965.007463,34.23181393
2881.375,91.539,2.425,8074.591158,33.7093143
2881.5,91.102,2.429,8126.706329,33.4565634
2881.625,91.701,2.431,8080.269572,33.80885174
2881.75,93.356,2.428,7927.229102,34.74825419
2881.875,94.684,2.421,7793.511047,35.47312386
2882,95.708,2.415,7691.018515,36.01565417
2882.125,96.15,2.408,7633.472699,36.24699562
2882.25,95.646,2.401,7651.389499,35.98899201
2882.375,95.026,2.397,7688.481047,35.66620672
2882.5,94.506,2.397,7730.785347,35.39180863
2882.625,94.262,2.397,7750.796716,35.26321815
2882.75,94.391,2.398,7743.433166,35.33558792
2882.875,94.459,2.398,7737.858754,35.37496502
2883,94.374,2.398,7744.828025,35.33203229
2883.125,93.943,2.399,7783.604952,35.10134618
2883.25,93.442,2.401,7831.861476,34.82934787
2883.375,93.261,2.406,7863.402709,34.73195797
2883.5,93.314,2.411,7875.268448,34.76414102
2883.625,93.84,2.416,7847.365729,35.05634296
2883.75,94.527,2.423,7812.90425,35.4310783
2883.875,94.714,2.429,7816.787381,35.5339532
2884,94.481,2.431,7842.516485,35.41198599
2884.125,93.476,2.431,7926.834696,34.86769225
2884.25,92.503,2.432,8013.508751,34.32661692
2884.375,92.376,2.432,8024.525851,34.25736427
2884.5,92.817,2.433,7989.682924,34.50928033
2884.625,94.033,2.432,7883.121883,35.18390984
2884.75,94.939,2.427,7791.841077,35.67332491
2884.875,94.98,2.418,7759.595704,35.69787433
2885,94.632,2.411,7765.58458,35.5153411
2885.125,93.763,2.407,7824.553395,35.04781044
2885.25,92.899,2.412,7913.729965,34.57205082
2885.375,92.337,2.435,8037.817993,34.25754053
2885.5,91.74,2.459,8169.862655,33.91793393
2885.625,90.871,2.488,8345.263065,33.41224848
2885.75,90.003,2.524,8547.661745,32.89486018
2886.125,88.144,2.532,8755.599927,31.74586186
2886.25,88.071,2.51,8686.71867,31.70194501
2886.375,88.353,2.488,8583.097348,31.88458124
2886.5,88.66,2.478,8518.998421,32.08153989
2886.625,88.663,2.473,8501.521491,32.08621083
2886.75,88.142,2.47,8541.399106,31.75848233
2886.875,87.67,2.472,8594.337858,31.45758939
2887,87.27,2.473,8637.222413,31.19979798
2887.125,86.984,2.475,8672.629449,31.01442799
2887.25,87.06,2.478,8675.561682,31.06735177
2887.375,87.31,2.481,8661.193449,31.23432013
2887.5,87.655,2.483,8634.058525,31.46176308
2887.625,88.064,2.485,8600.881177,31.72803874
2887.75,87.879,2.487,8625.924282,31.61201211
2887.875,87.209,2.489,8699.184717,31.17923533
2888,86.295,2.49,8794.854858,30.57416608
2888.125,85.045,2.492,8931.290493,29.71910595
2888.25,84.383,2.498,9023.030705,29.25466301
2888.375,84.354,2.505,9051.426133,29.23675204
2888.5,84.477,2.509,9052.679428,29.32709459
2888.625,84.578,2.512,9052.680366,29.40153602
2888.75,84.416,2.514,9077.27445,29.28923442
2888.875,84.12,2.515,9112.838802,29.08031891
2889,83.727,2.516,9159.253287,28.79913777
2889.125,83.2,2.517,9220.932692,28.41586593
2889.25,83.113,2.517,9230.584866,28.35430918
2889.375,83.585,2.515,9171.167075,28.70400896
2889.5,84.365,2.512,9075.536064,29.26949229
2889.625,85.226,2.51,8976.697252,29.87850533
2889.75,85.071,2.506,8978.721303,29.77326791
2889.875,84.328,2.504,9050.60241,29.2513922
2890,83.453,2.502,9138.192755,28.62129134
2890.125,82.803,2.501,9206.246151,28.14307467
2890.25,83.097,2.497,9159.00213,28.36455203
2890.375,83.666,2.491,9074.85478,28.78516553
2890.5,84.199,2.487,9002.928776,29.17295359
2890.625,84.721,2.481,8925.87198,29.54693965
2890.75,85.066,2.471,8853.840547,29.79193401
2890.875,85.228,2.46,8797.672127,29.90760036
2891,85.341,2.453,8761.022252,29.9888032
2891.125,85.427,2.448,8734.362672,30.05109276
2891.25,85.357,2.442,8720.100285,30.00543061
2891.375,85.239,2.44,8725.020237,29.92633076
2891.5,85.131,2.441,8739.669451,29.85391958
2891.625,85.007,2.443,8759.58921,29.77007482
2891.75,84.91,2.448,8787.544459,29.70486857
2891.875,84.805,2.452,8812.801132,29.63383609
2892,84.662,2.455,8838.487161,29.53572499
2892.125,84.341,2.457,8879.354051,29.31048165
2892.25,83.918,2.461,8938.640101,29.00944902
2892.375,83.664,2.463,8973.063683,28.82794332
2892.5,83.541,2.463,8986.275003,28.74097039
2892.625,83.785,2.461,8952.829265,28.92143223
2892.75,84.579,2.454,8843.556911,29.49359044
2892.875,85.456,2.449,8734.965362,30.10994261
2893,86.478,2.449,8631.735239,30.80817846
2893.125,87.799,2.452,8512.279183,31.68000929
2893.25,88.628,2.46,8460.170601,32.21168228
2893.375,88.826,2.469,8472.195078,32.33896608
2893.5,88.732,2.475,8501.780643,32.28273306
2893.625,88.128,2.479,8573.883442,31.90252838
2893.75,87.291,2.483,8670.062206,31.36359995
2893.875,86.68,2.483,8731.176742,30.96266114
2894,86.082,2.479,8777.667805,30.56335854
2894.125,85.399,2.474,8830.023771,30.09827183
2894.25,84.851,2.466,8858.313986,29.71883742
2894.375,84.475,2.46,8876.093519,29.4557722
2894.5,84.157,2.458,8902.389581,29.231391
2894.625,84.152,2.457,8899.296511,29.23057087
2894.75,84.726,2.458,8842.603215,29.64187222
2894.875,85.403,2.465,8797.48955,30.11768088
2895,86.093,2.473,8755.304148,30.5930286
2895.125,86.539,2.483,8745.402651,30.8962632
2895.25,85.897,2.498,8863.992922,30.46530686
2895.375,84.705,2.508,9024.714007,29.64090348
2895.5,83.097,2.51,9206.686162,28.48060251
2895.625,80.591,2.508,9485.406559,26.55430928
2895.75,78.923,2.498,9647.256186,25.18766826
2895.875,78.822,2.483,9601.613763,25.10516392
2896,79.522,2.474,9482.598526,25.69320025
2896.125,81.482,2.466,9224.574753,27.26821555
2896.25,83.401,2.456,8975.777269,28.72138572
2896.375,84.197,2.444,8847.479126,29.30162046
2896.5,84.582,2.433,8767.567568,29.57882775
2896.625,84.769,2.421,8705.078507,29.71377471
2896.75,85.129,2.409,8625.300426,29.96896197
2896.875,85.55,2.408,8579.291642,30.2635582
2897,85.932,2.415,8565.982405,30.52803487
2897.125,86.173,2.425,8577.396632,30.69442679
2897.25,86.129,2.44,8634.861661,30.66741864
2897.375,85.927,2.449,8687.085549,30.53295997
2897.5,85.587,2.451,8728.718146,30.30291334
2897.625,84.96,2.452,8796.723164,29.87021401
2897.75,84.531,2.458,8863.001739,29.57036952
2897.875,84.585,2.469,8896.981734,29.61144473
2898,84.918,2.478,8894.396948,29.84907673
2898.125,85.476,2.484,8857.728485,30.24028067
2898.25,85.533,2.487,8862.516222,30.28237891
2898.375,85.215,2.484,8884.8583,30.06493717
2898.5,84.867,2.479,8903.333451,29.82435119
2898.625,84.828,2.472,8882.274721,29.79969604
2898.75,85.439,2.463,8786.647784,30.22860097
2898.875,86.241,2.453,8669.593349,30.77929018
2899,87.208,2.448,8555.985689,31.42600427
2899.125,88.661,2.444,8402.01667,32.36346805
2899.25,89.801,2.443,8291.961114,33.07321918
2899.375,90.197,2.446,8265.693981,33.31637157
2899.5,90.284,2.45,8271.232998,33.37161937
2899.625,90.097,2.453,8298.549341,33.26151158
2899.75,89.986,2.454,8312.173005,33.19701073
2899.875,90.102,2.451,8291.323167,33.27012596
2900,90.271,2.449,8269.047645,33.37496779
2900.125,90.104,2.451,8291.139128,33.27692467
2900.25,89.191,2.458,8399.932729,32.72006873
2900.375,88.141,2.466,8527.66363,32.06125893
2900.5,87.039,2.469,8646.137938,31.34814993
2900.625,85.931,2.468,8754.074781,30.60792089
2900.75,85.641,2.462,8762.363821,30.41225359
2900.875,85.827,2.456,8722.066483,30.54250479
2901,86.083,2.455,8692.587387,30.7196062
2901.125,86.193,2.456,8685.030107,30.79689344
2901.25,85.912,2.462,8734.723904,30.60886714
2901.375,85.501,2.471,8808.795219,30.32973817
2901.5,85.086,2.476,8869.670686,30.04440401
2901.625,84.911,2.48,8902.309477,29.92463065
2901.75,85.407,2.483,8861.315817,30.27311905
2901.875,86.117,2.485,8795.336577,30.76212374
2902,86.902,2.488,8726.409058,31.29096121
2902.125,87.738,2.49,8650.208576,31.84107384
2902.25,87.964,2.495,8645.309445,31.98959346
2902.375,87.755,2.5,8683.265911,31.85764261
2902.5,87.434,2.502,8722.117254,31.65191613
2902.625,87.051,2.503,8763.993521,31.40339587
2902.75,86.915,2.505,8784.720704,31.31627681
2902.875,86.984,2.506,8781.256323,31.36471809
2903,87.096,2.506,8769.964177,31.44142062
2903.125,87.152,2.507,8767.826326,31.4810758
2903.25,86.873,2.508,8799.493514,31.2995779
2903.375,86.479,2.509,8843.108732,31.03958434
2903.5,86.022,2.511,8897.175141,30.73379597
2903.625,85.602,2.512,8944.38915,30.44935078
2903.75,85.873,2.512,8916.16224,30.63786286
2903.875,86.584,2.508,8828.864455,31.12103986
2904,87.537,2.504,8718.818328,31.75247169
2904.125,88.778,2.499,8579.774268,32.5486844
2904.25,89.334,2.495,8512.727517,32.89803469
2904.375,89.245,2.493,8514.38624,32.84571657
2904.5,89.013,2.494,8540.002022,32.70419891
2904.625,88.715,2.495,8572.124218,32.52024007
2904.75,88.389,2.498,8614.085463,32.31692749
2904.875,87.963,2.5,8662.733195,32.04750877
2905,87.38,2.502,8727.507439,31.67237986
2905.125,86.479,2.504,8825.485956,31.07855149
2905.25,85.998,2.507,8885.481058,30.75642007
2905.375,86.088,2.51,8886.813493,30.82034277
2905.5,86.362,2.512,8865.677034,31.00828534
2905.625,86.768,2.513,8827.706067,31.28274681
2905.75,86.993,2.512,8801.370225,31.43472929
2905.875,87.048,2.509,8785.304659,31.4738395
2906,87.13,2.504,8759.545507,31.53067567
2906.125,87.42,2.499,8713.054221,31.72359891
2906.25,87.888,2.492,8642.381212,32.02992528
2906.375,88.254,2.489,8596.17921,32.26729804
2906.5,88.513,2.489,8571.025725,32.43462882
2906.625,88.3,2.491,8598.604757,32.30219187
2906.75,87.358,2.496,8708.770805,31.69702095
2906.875,86.438,2.504,8829.672135,31.09001109
2907,85.597,2.508,8930.668131,30.52098635
2907.125,85.248,2.511,8977.956081,30.28232915
2907.25,86.162,2.509,8875.643555,30.91224429
2907.375,87.371,2.504,8735.383594,31.71946397
2907.5,88.611,2.5,8599.383824,32.51891509
2907.625,89.652,2.498,8492.731897,33.16931826
2907.75,89.385,2.498,8518.100352,33.00780928
2907.875,88.471,2.502,8619.882221,32.43874361
2908,87.419,2.505,8734.073828,31.76477242
2908.125,86.334,2.505,8843.839044,31.0479008
2908.25,85.998,2.504,8874.848252,30.82321101
2908.375,86.244,2.501,8838.931404,30.99275707
2908.5,86.757,2.5,8783.152944,31.3395057
2908.625,87.706,2.501,8691.592365,31.96536759
2908.75,88.51,2.502,8616.084058,32.48299769
2908.875,88.752,2.502,8592.59059,32.63847587
2909,88.713,2.501,8592.932265,32.61673408
2909.125,88.387,2.498,8614.280381,32.41337186
2909.25,88.31,2.492,8601.08255,32.3671934
2909.375,88.559,2.485,8552.806604,32.52796533
2909.5,88.89,2.48,8503.813702,32.73905325
2909.625,89.043,2.476,8475.509585,32.83747599
2909.75,88.676,2.471,8493.400695,32.61019654
2909.875,88.224,2.469,8530.005441,32.32633506
2910,87.818,2.47,8572.912159,32.06849522
2910.125,87.588,2.473,8605.863817,31.92229558
2910.25,87.776,2.476,8597.84907,32.04694394
2910.375,87.989,2.478,8583.963905,32.18701223
2910.5,88.094,2.475,8563.352782,32.25717137
2910.625,87.886,2.47,8566.279043,32.12631744
2910.75,87.486,2.459,8567.121597,31.86986036
2910.875,87.31,2.451,8556.463177,31.75763948
2911,87.305,2.449,8549.970792,31.75715379
2911.125,87.665,2.45,8518.336851,31.99461434
2911.25,88.239,2.456,8483.650087,32.36663316
2911.375,88.636,2.463,8469.723363,32.62130725
2911.5,89.02,2.468,8450.307796,32.86506724
2911.625,89.525,2.473,8419.663781,33.18083098
2911.75,89.846,2.479,8409.937003,33.38028228
2911.875,89.892,2.484,8422.587105,33.41111899
2912,89.811,2.485,8433.577179,33.36452456
2912.125,89.682,2.485,8445.708169,33.28842856
2912.25,89.788,2.483,8428.948189,33.35607772
2912.375,90.007,2.48,8398.280134,33.49225616
2912.5,90.161,2.48,8383.935404,33.58836379
2912.625,89.935,2.481,8408.392728,33.45409552
2912.75,89.235,2.484,8484.599092,33.02682732
2912.875,88.647,2.485,8544.316221,32.66179307
2913,88.202,2.485,8587.424321,32.38213009
2913.125,88.081,2.485,8599.221171,32.30750342
2913.25,88.338,2.487,8581.104394,32.47442222
2913.375,88.568,2.492,8576.027459,32.62309126
2913.5,88.754,2.496,8571.791694,32.74316473
2913.625,88.816,2.499,8576.103405,32.78491775
2913.75,88.656,2.499,8591.580942,32.68704289
2913.875,88.512,2.495,8591.784165,32.59884507
2914,88.428,2.491,8586.15823,32.54838972
2914.125,88.425,2.488,8576.108567,32.54928139
2914.25,88.508,2.483,8550.847381,32.60470059
2914.375,88.546,2.479,8533.408624,32.63154844
2914.5,88.575,2.477,8523.73243,32.6526828
2914.625,88.863,2.476,8492.677492,32.83678308
2914.75,89.608,2.475,8418.667976,33.3018335
2914.875,90.427,2.476,8345.790527,33.80184207
2915,91.398,2.479,8267.130572,34.37973987
2915.125,92.723,2.482,8158.855947,35.14309799
2915.25,93.555,2.485,8096.071829,35.60975351
2915.375,93.672,2.486,8089.213426,35.67696994
2915.5,93.511,2.484,8096.621788,35.59110753
2915.625,93.067,2.482,8128.698679,35.34738291
2915.75,92.884,2.478,8131.587787,35.24772263
2915.875,93.141,2.475,8099.333269,35.39430082
2916,93.686,2.474,8048.963559,35.69873143
2916.125,94.827,2.473,7948.90063,36.31901129
2916.25,95.83,2.472,7862.523218,36.84947915
2916.375,96.07,2.474,7849.226606,36.97651812
2916.5,95.863,2.476,7872.534763,36.87224603
2916.625,94.953,2.478,7954.402704,36.39733297
2916.75,94.049,2.481,8040.5831,35.91409503
2916.875,93.819,2.482,8063.543632,35.79137435
2917,94.011,2.48,8040.590995,35.89903789
2917.125,94.848,2.477,7959.994939,36.35274269
2917.25,95.689,2.471,7870.923513,36.79869834
2917.375,95.929,2.468,7841.69959,36.92620036
2917.5,95.818,2.469,7853.964808,36.87145291
2917.625,95.124,2.471,7917.673773,36.51052626
2917.75,94.289,2.476,8003.953802,36.06680298
2917.875,93.753,2.482,8069.220185,35.77772677
2918,93.868,2.484,8065.82861,35.84351958
2918.125,94.099,2.484,8046.028119,35.97225776
2918.25,94.202,2.479,8021.052632,36.03097287
2918.375,94.262,2.473,7996.545798,36.0662817
2918.5,94.368,2.469,7974.643947,36.12637564
2918.625,94.719,2.467,7938.656447,36.31771383
2918.75,95.232,2.469,7902.293347,36.59294333
2918.875,95.927,2.473,7857.750164,36.95902154
2919,96.952,2.475,7780.963776,37.48573459
2919.125,97.456,2.476,7743.851584,37.7411187
2919.25,97.269,2.474,7752.472011,37.65061846
2919.375,96.708,2.47,7784.836828,37.37075354
2919.5,95.295,2.467,7890.672123,36.64306536
2920.5,91.489,2.5,8328.870137,34.55640634
2920.625,92.248,2.501,8263.645824,34.9972452
2920.75,92.809,2.5,8210.410628,35.31807343
2920.875,93.021,2.499,8188.421969,35.43981778
2921,92.356,2.5,8250.682143,35.06727948
2922.25,91.118,2.488,8322.640971,34.37829599
2922.375,90.658,2.481,8341.335569,34.10839863
2922.5,89.987,2.478,8393.372376,33.70714839
2922.625,89.444,2.476,8437.511739,33.37741582
2923.25,90.666,2.486,8357.40851,34.13282674
2923.375,91.025,2.489,8334.492722,34.34872198
2923.5,91.577,2.49,8287.583127,34.67510792
2923.625,92.083,2.49,8242.042505,34.97027859
2923.75,92.271,2.488,8218.642911,35.08069527
2923.875,92.197,2.486,8218.627504,35.04121931
2924,91.598,2.485,8269.045176,34.69856727
2924.125,91.052,2.484,8315.283574,34.38152125
2924.25,91.093,2.486,8318.233015,34.40851641
2924.375,91.517,2.488,8286.355541,34.65985149
2924.5,92.627,2.488,8187.05561,35.29984946
2924.625,93.564,2.486,8098.550725,35.82587405
2924.75,93.583,2.481,8080.62148,35.83916593
2924.875,93.005,2.474,8107.899575,35.52095352
2925,91.496,2.471,8231.625426,34.66166801
2925.125,90.223,2.472,8351.147712,33.90906632
2925.25,89.991,2.477,8389.612295,33.77131918
2925.375,90.267,2.486,8394.350095,33.94123723
2925.5,91.138,2.491,8330.847725,34.46313524
2925.625,91.735,2.496,8293.244672,34.81463848
2925.75,91.656,2.502,8320.34564,34.77163502
2925.875,91.178,2.505,8373.993727,34.49510982
2926,90.049,2.507,8485.753312,33.82338754
2926.125,89.247,2.507,8562.008807,33.33403662
2926.25,89.442,2.504,8533.118669,33.45752242
2926.375,90.362,2.5,8432.748279,34.02093098
2926.5,92.519,2.495,8219.673797,35.28373322
2926.625,94.267,2.489,8047.855559,36.25502709
2926.75,94.574,2.48,7992.725273,36.42333169
2928.375,87.657,2.528,8790.335056,32.37530937
2928.5,89.408,2.527,8614.772727,33.48704136
2928.625,90.536,2.526,8504.073518,34.17593829
2928.75,90.319,2.525,8521.130659,34.04842407
2928.875,89.391,2.522,8599.362352,33.48495648
2929,87.51,2.519,8773.753857,32.29368722
2929.125,86.206,2.515,8892.32768,31.43029755
2929.25,86.166,2.507,8868.156814,31.40600476
2929.375,86.859,2.499,8769.329603,31.87371813
2929.5,88.866,2.494,8554.128688,33.17206241
2929.625,90.77,2.488,8354.54886,34.33809247
2929.75,91.191,2.476,8275.869329,34.58993385
2929.875,90.647,2.464,8285.185389,34.2704129
2930,88.414,2.457,8470.305608,32.89791514
2930.125,85.811,2.452,8709.484798,31.18377078
2930.25,84.424,2.446,8830.910642,30.2173591
2930.375,83.404,2.442,8924.291401,29.48159082
2930.5,82.09,2.44,9059.714947,28.49899583
2930.625,80.704,2.44,9215.305313,27.418748
2930.75,79.754,2.446,9348.005116,26.65191212
2930.875,79.074,2.456,9466.939829,26.08957216
2931,79.669,2.464,9426.843565,26.58747594
2931.125,82.146,2.471,9168.56329,28.55570537
2931.25,84.406,2.48,8955.571879,30.22684425
2931.375,86.291,2.489,8791.730308,31.53810779
2931.5,87.08,2.494,8729.572807,32.06764049
2931.625,85.624,2.499,8895.814258,31.08892903
2931.75,83.688,2.504,9119.816461,29.72015972
2931.875,81.686,2.504,9343.329334,28.21863372
2932,79.544,2.504,9594.931107,26.50639628
2932.125,78.629,2.504,9706.586628,25.74080632
2932.25,78.883,2.505,9679.195771,25.95910435
2932.375,79.622,2.505,9589.359725,26.57919259
2932.5,80.974,2.507,9436.777237,27.67502995
2932.625,82.168,2.51,9310.777918,28.6058921
2932.75,82.901,2.511,9232.12989,29.16192138
2932.875,83.68,2.512,9149.827916,29.73942659
2933,84.919,2.508,9001.97129,30.62924569
2933.125,86,2.5,8860.465116,31.37994671
2933.25,86.635,2.493,8770.89398,31.81122888
2933.375,86.667,2.487,8746.554052,31.83541447
2933.5,86.754,2.484,8727.242548,31.89625708
2933.625,86.945,2.485,8711.576284,32.02597554
2933.75,87.233,2.488,8693.297261,32.21883874
2933.875,87.88,2.491,8639.69959,32.64295245
2934,88.649,2.493,8571.629686,33.13653683
2934.125,89.119,2.494,8529.844365,33.43409764
2934.25,89.421,2.495,8504.445265,33.62426052
2934.375,89.359,2.495,8510.345908,33.58873604
2934.5,88.957,2.492,8538.525355,33.34136692
2934.625,88.741,2.487,8542.134977,33.20857922
2934.75,88.732,2.483,8529.261146,33.20571943
2934.875,89.254,2.48,8469.133036,33.53490139
2935,90.088,2.48,8390.729065,34.04937073
2935.125,90.561,2.483,8357.001358,34.33714409
2935.25,90.821,2.486,8343.145308,34.49501824
2935.375,90.744,2.49,8363.660407,34.45202703
2935.5,90.29,2.495,8422.593864,34.18277543
2935.625,89.878,2.5,8478.159283,33.93571315
2935.75,89.541,2.503,8520.280095,33.73199639
2935.875,89.47,2.504,8530.448195,33.69104716
2936,89.946,2.505,8488.693216,33.98558934
2936.125,90.616,2.505,8425.929196,34.39255345
2936.25,91.419,2.505,8351.918091,34.87001379
2936.375,92.279,2.505,8274.08186,35.3697463
2936.5,92.304,2.503,8265.236609,35.38683849
2936.625,91.743,2.499,8302.488473,35.06704508
2936.75,90.947,2.496,8365.100553,34.60355218
2936.875,89.969,2.492,8442.481299,34.01927789
2937,89.702,2.488,8454.018862,33.8590263
2937.125,90.028,2.485,8413.249211,34.06077435
2937.25,90.468,2.485,8372.330548,34.32925272
2937.375,90.601,2.485,8360.040176,34.41173683
2937.5,89.637,2.485,8449.948124,33.83039396
2937.625,88.191,2.488,8598.86383,32.92692453
2937.75,86.36,2.491,8791.764706,31.72744609
2937.875,83.748,2.495,9080.527296,29.90059534
2938,82.094,2.502,9289.468171,28.66908309
2938.125,81.948,2.507,9324.61561,28.55991813
2938.25,82.472,2.507,9265.370065,28.96220274
2938.375,84.025,2.505,9086.867004,30.11255567
2938.5,85.656,2.501,8899.607733,31.26482167
2938.625,86.513,2.499,8804.401651,31.84996642
2938.75,87.209,2.499,8734.135238,32.31520964
2938.875,88.197,2.499,8636.293751,32.95884309
2939,89.342,2.5,8529.023304,33.68222029
2939.125,90.146,2.497,8442.810552,34.17736722
2939.25,90.756,2.495,8379.34682,34.54646024
2939.375,90.844,2.492,8361.164194,34.60161029
2939.5,90.068,2.49,8426.433361,34.13852834
2939.625,89.282,2.492,8507.44383,33.65909521
2939.75,88.624,2.494,8577.486911,33.24995295
2939.875,88.298,2.496,8616.059254,33.0458165
2940,88.811,2.499,8576.586234,33.3734265
2940.125,89.547,2.503,8519.709203,33.8341212
2940.25,90.313,2.504,8450.823248,34.30359836
2940.375,90.969,2.506,8396.583452,34.69827151
2940.5,90.869,2.506,8405.823768,34.64181155
2940.625,90.341,2.505,8451.57791,34.32891755
2940.75,89.651,2.505,8516.625581,33.91213475
2940.875,88.848,2.505,8593.598055,33.41635129
2941,88.512,2.505,8626.220174,33.20717272
2941.125,88.454,2.506,8635.322314,33.17318579
2941.25,88.364,2.506,8644.117514,33.11877677
2941.375,88.11,2.507,8672.495744,32.95931143
2941.5,87.915,2.508,8695.198772,32.83674283
2941.625,88.039,2.508,8682.951874,32.91936022
2941.75,88.536,2.506,8627.324478,33.23924696
2941.875,89.929,2.503,8483.519221,34.10749625
2942,91.451,2.495,8315.666313,35.01837685
2942.125,92.17,2.487,8224.341977,35.43717106
2942.25,92.518,2.483,8180.228712,35.63842947
2942.375,92.357,2.481,8187.888303,35.54967972
2942.5,91.731,2.483,8250.410439,35.19262263
2942.625,91.257,2.489,8313.304185,34.91883373
2942.75,90.894,2.494,8363.271503,34.70737718
2942.875,90.654,2.499,8402.22384,34.56734616
2943,90.805,2.503,8401.678322,34.66015152
2943.125,91.084,2.505,8382.635809,34.8282581
2943.25,91.344,2.504,8355.438781,34.9839749
2943.375,91.355,2.503,8351.096273,34.99324026
2943.5,90.939,2.5,8379.243229,34.75097223
2943.625,90.658,2.497,8395.128946,34.58664575
2943.75,90.616,2.494,8388.929107,34.56437032
2943.875,91.089,2.492,8338.675361,34.84812824
2944,91.726,2.49,8274.120751,35.22358366
2944.125,91.887,2.489,8256.306115,35.31956723
2944.25,91.693,2.488,8270.450307,35.21008209
2944.375,90.855,2.488,8346.732706,34.72087867
2944.5,90.012,2.489,8428.289561,34.21715322
2944.625,89.804,2.491,8454.598904,34.09315541
2944.75,89.833,2.494,8462.048468,34.11369712
2944.875,89.699,2.498,8488.281921,34.03449156
2945,89.004,2.504,8575.111231,33.60693135
2945.125,88.239,2.51,8670.179852,33.12620099
2945.25,87.471,2.513,8756.75824,32.63291159
2945.375,86.804,2.516,8834.579052,32.19593871
2945.5,86.783,2.519,8847.253494,32.1847625
2945.625,87.071,2.519,8817.989916,32.37861124
2945.75,87.507,2.516,8763.605197,32.6676487
2945.875,88.521,2.51,8642.559393,33.32254303
2946,89.72,2.495,8476.103433,34.07271695
2946.125,90.203,2.477,8369.894571,34.36959582
2946.25,90.108,2.465,8338.12758,34.31488715
2946.375,88.793,2.458,8437.584044,33.50555602
2946.5,86.927,2.458,8618.707651,32.30294539
2946.625,85.862,2.467,8757.559805,31.58829702
2946.75,85.131,2.477,8868.562568,31.08562932
2946.875,84.455,2.486,8972.030075,30.61123395
2947,83.761,2.496,9082.756892,30.11409065
2947.125,83.09,2.503,9181.783608,29.6235649
2947.25,82.271,2.51,9299.121197,29.01055986
2947.375,81.203,2.517,9447.700208,28.18693002
2947.5,80.816,2.527,9530.657296,27.88350267
2947.625,81.255,2.532,9497.921359,28.23337422
2947.75,82.311,2.53,9368.662755,29.05216176
2947.875,84.67,2.527,9096.841857,30.78644757
2948,86.902,2.519,8835.138432,32.32005999
2948.125,87.841,2.511,8712.933596,32.93793668
2948.25,88.316,2.506,8648.815617,33.24567115
2948.375,88.468,2.502,8620.174526,33.34519681
2948.5,88.568,2.498,8596.676,33.41141152
2948.625,88.844,2.498,8569.969835,33.58828682
2948.75,89.288,2.5,8534.181525,33.86829493
2948.875,90.002,2.503,8476.638297,34.30971298
2949,90.508,2.505,8435.983559,34.61813421
2949.125,90.567,2.506,8433.85339,34.65631112
2949.25,90.402,2.505,8445.875091,34.56011035
2949.375,89.936,2.504,8486.247999,34.28081237
2949.5,89.568,2.503,8517.711683,34.05824566
2949.625,89.466,2.503,8527.422708,33.99818217
2949.75,89.429,2.503,8530.95081,33.97814581
2949.875,89.378,2.502,8532.408423,33.94942281
2950,89.305,2.498,8525.730922,33.90701513
2950.125,89.313,2.494,8511.316382,33.91479381
2950.25,89.448,2.493,8495.063053,34.00115812
2950.375,89.998,2.494,8446.534367,34.34111753
2950.5,90.788,2.495,8376.393356,34.81928024
2950.625,91.292,2.494,8326.810673,35.11999662
2950.75,91.718,2.491,8278.165682,35.37142572
2950.875,92.25,2.486,8213.905691,35.68069236
2951,92.773,2.477,8138.031539,35.98050168
2951.125,93.136,2.469,8080.13228,36.18701018
2951.25,93.484,2.466,8040.272132,36.38324957
2951.375,93.88,2.466,8006.357052,36.60399023
2951.5,94.136,2.468,7991.059743,36.7464752
2951.625,94.205,2.473,8001.384215,36.78678657
2951.75,94.106,2.477,8022.757316,36.73582373
2951.875,93.36,2.483,8106.452442,36.32869238
2952,92.125,2.497,8261.444776,35.63453021
2952.125,91.232,2.513,8395.764644,35.11864088
2952.25,90.558,2.522,8488.544358,34.72147193
2952.375,90.335,2.526,8522.995517,34.59030764
2952.5,90.904,2.52,8449.529174,34.93338385
2952.625,91.475,2.509,8360.13337,35.27234861
2952.75,91.863,2.501,8298.278959,35.50060937
2952.875,91.724,2.495,8290.916227,35.42294836
2953,90.95,2.491,8348.068169,34.97195571
2953.125,90.306,2.489,8400.850442,34.58975645
2953.25,89.859,2.488,8439.248155,34.32127137
2953.375,89.774,2.487,8443.843429,34.27211908
2953.5,89.945,2.483,8414.235366,34.37937434
2953.625,89.5,2.478,8439.043575,34.10938081
2953.75,88.336,2.474,8536.442673,33.38229659
2953.875,85.852,2.471,8772.781065,31.74425114
2954,84.373,2.469,8919.336755,30.71240138
2954.125,85.508,2.47,8804.50952,31.51320673
2954.25,88.4,2.472,8523.366516,33.43432231
2954.375,93.772,2.473,8038.331272,36.61276145
2954.75,94.408,2.472,7980.950767,36.96750507
2954.875,91.159,2.472,8265.400015,35.13782978
2955,89.317,2.473,8439.271359,34.02722435
2955.125,89.243,2.474,8449.684569,33.98411135
2955.25,89.447,2.475,8433.821145,34.11333001
2955.375,89.602,2.476,8422.633423,34.21170869
2955.5,89.446,2.479,8447.546005,34.11835437
2955.625,89.183,2.482,8482.710831,33.9580792
2955.75,88.85,2.483,8517.933596,33.75265955
2955.875,88.511,2.483,8550.557558,33.54147204
2956,88.628,2.477,8518.635194,33.61838306
2956.125,89.018,2.468,8450.497652,33.86642133
2956.25,89.52,2.461,8379.276139,34.18095804
2956.375,90.045,2.457,8316.881559,34.50513875
2956.5,89.615,2.456,8353.387268,34.24510157
2956.625,88.067,2.461,8517.524158,33.27496488
2956.75,85.622,2.466,8778.54757,31.65088653
2956.875,81.807,2.47,9202.831054,28.86991542
2957,79.812,2.475,9451.962111,27.28343765
2957.125,80.388,2.479,9399.402896,27.7552198
2957.25,82.096,2.481,9211.274605,29.10054683
2957.375,85.103,2.481,8885.806611,31.30450056
2957.5,87.044,2.478,8677.156381,32.62786315
2957.625,87.336,2.473,8630.695246,32.82300654
2957.75,87.173,2.47,8636.343822,32.71865889
2957.875,86.499,2.468,8696.590712,32.27298697
2958,85.858,2.469,8765.067903,31.84108806
2958.125,85.781,2.473,8787.148669,31.79113249
2958.25,86.043,2.475,8767.476727,31.97300601
2958.375,86.799,2.473,8684.090831,32.4849428
2958.5,87.344,2.459,8581.049643,32.84796527
2958.625,87.317,2.439,8513.888475,32.83306856
2958.75,87.01,2.425,8494.885645,32.63351367
2958.875,86.375,2.414,8518.520405,32.21202667
2959,86.021,2.406,8525.229886,31.97489483
2959.125,86.196,2.404,8500.849227,32.09663256
2959.25,86.706,2.406,8457.878348,32.44261125
2959.375,87.825,2.409,8360.526046,33.18096386
2959.5,88.723,2.419,8310.260023,33.75732809
2959.625,88.874,2.433,8344.154646,33.85517093
2959.75,88.625,2.445,8408.868829,33.70108367
2959.875,87.802,2.458,8532.81702,33.17735438
2960,87.028,2.478,8678.751666,32.67358544
2960.125,86.832,2.495,8758.015478,32.54632447
2960.25,86.983,2.502,8767.340745,32.6494177
2960.375,87.638,2.506,8715.726055,33.08222165
2960.5,88.175,2.504,8655.73235,33.43161867
2960.625,88.137,2.499,8642.172981,33.41008686
2960.75,87.769,2.5,8681.880846,33.17571346
2960.875,86.266,2.503,8843.743769,32.18342416
2961,86.104,2.508,8878.082319,32.07638347
2961.125,86.119,2.511,8887.153822,32.08939061
2961.25,86.272,2.513,8878.458828,32.1959255
2961.375,86.542,2.514,8854.281158,32.38066044
2961.5,86.812,2.512,8819.720776,32.56398378
2961.625,86.996,2.509,8790.555888,32.68901151
2961.75,86.65,2.506,8815.104443,32.46147912
2961.875,85.643,2.5,8897.399671,31.78061276
2962,84.879,2.495,8959.530626,31.25115861
2962.125,84.447,2.492,8994.536218,30.94766299
2962.25,84.77,2.49,8953.073021,31.17986111
2962.375,85.571,2.488,8862.142548,31.74220838
2962.5,85.815,2.487,8833.392764,31.91287646
2962.625,85.555,2.488,8863.799895,31.73678496
2962.75,84.712,2.49,8959.202946,31.15007071
2962.875,84.425,2.496,9011.321291,30.94881216
2963,84.951,2.504,8984.228555,31.32431586
2963.125,85.791,2.51,8917.578767,31.9104869
2963.25,86.559,2.516,8859.584792,32.43430424
2963.375,85.943,2.524,8951.458525,32.0201546
2963.5,84.648,2.528,9102.806918,31.12157384
2963.625,83.203,2.528,9260.896843,30.07699919
2963.75,81.922,2.524,9390.825419,29.11251029
2963.875,82.069,2.516,9344.293217,29.22823164
2964,83.008,2.508,9209.21357,29.94057349
2964.125,84.26,2.504,9057.90648,30.85879167
2964.25,85.98,2.502,8869.61619,32.0651138
2964.375,87.111,2.501,8750.959121,32.8270606
2964.5,87.52,2.499,8703.09872,33.09837619
2964.625,87.817,2.498,8670.193698,33.29421175
2964.75,88.319,2.495,8610.559449,33.61959128
2964.875,89.182,2.49,8510.147788,34.16634736
2965,90.038,2.488,8422.470512,34.69585177
2965.125,90.964,2.488,8336.731014,35.25451383
2965.25,91.968,2.49,8252.348643,35.84423449
2965.375,91.997,2.493,8259.686729,35.86378228
2965.5,91.066,2.494,8347.475457,35.32336931
2965.625,89.501,2.494,8493.438062,34.38105119
2965.75,86.664,2.494,8771.476045,32.56098561
2965.875,84.142,2.498,9048.874522,30.81329657
2966,82.937,2.504,9202.397,29.93250601
2966.125,82.065,2.51,9322.463901,29.27560064
2966.25,81.263,2.514,9429.472208,28.65598448
2966.375,80.948,2.517,9477.462074,28.41009391
2966.5,81.189,2.515,9441.820936,28.60337806
2966.625,81.89,2.51,9342.386128,29.15229441
2966.75,83.793,2.504,9108.388529,30.58031165
2966.875,86.227,2.494,8815.930045,32.29217287
2967,87.719,2.487,8641.658022,33.28430902
2967.125,88.579,2.487,8557.757482,33.83851495
2967.25,87.972,2.493,8637.59378,33.45356282
2967.375,85.547,2.514,8957.265597,31.83819013
2968,79.959,2.511,9571.815555,27.64966972
2968.125,80.465,2.489,9428.288076,28.06319794
2971.625,82.209,2.448,9076.261723,29.50915892
2971.75,82.742,2.448,9017.795074,29.91559289
2971.875,83.071,2.446,8974.742088,30.16431813
2972,83.029,2.445,8975.610931,30.1358695
2972.125,81.646,2.446,9131.381819,29.08686695
2972.25,79.505,2.447,9381.115653,27.37062189
2972.375,78.285,2.451,9542.88561,26.34102931
2973.5,83.736,2.472,8998.10834,30.69058017
2973.625,85.918,2.464,8741.20906,32.23407813
2973.75,86.678,2.455,8632.917234,32.75084199
2973.875,86.661,2.445,8599.439194,32.74229135
2974,86.587,2.443,8599.74823,32.69554229
2974.125,86.466,2.447,8625.883006,32.61707953
2974.25,86.131,2.453,8680.665498,32.39336467
2974.375,85.581,2.463,8772.068567,32.01944344
2974.5,84.789,2.47,8879.170647,31.46899575
2974.625,83.493,2.47,9016.995437,30.53806579
2974.75,82.596,2.466,9100.159814,29.873086
2974.875,82.514,2.45,9050.100589,29.81394214
2975,82.746,2.425,8932.637227,29.99163812
2978,86.419,2.458,8669.371319,32.67293676
2978.125,86.677,2.453,8625.983825,32.84899743
2978.25,86.538,2.446,8615.184081,32.75864921
2978.375,86.119,2.433,8611.089307,32.47833587
2978.5,85.444,2.42,8632.741913,32.01771535
2978.625,84.159,2.41,8728.33565,31.11250663
2978.75,83.069,2.399,8802.503943,30.31746247
2979.625,87.43,2.403,8377.380762,33.38123992
2979.75,85.043,2.418,8666.279412,31.76623656
2979.875,83.445,2.444,8927.211936,30.62096816
2980,82.224,2.465,9137.624051,29.70880032
2980.125,81.174,2.47,9274.595314,28.89715722
2980.25,80.569,2.469,9340.456007,28.41860421
2980.375,80.207,2.461,9352.211154,28.12904113
2980.5,79.841,2.458,9383.629965,27.83287186
2980.625,79.574,2.461,9426.606681,27.61539946
2980.75,79.733,2.47,9442.213387,27.74959956
2980.875,79.987,2.486,9473.199395,27.96095567
2981,80.085,2.497,9503.47256,28.04378343
2981.125,79.686,2.499,9558.707929,27.71923503
2981.25,79.024,2.497,9631.069042,27.16977717
2981.375,78.77,2.491,9638.908214,26.95759815
2981.5,78.917,2.486,9601.642232,27.08502637
2981.625,80.15,2.483,9442.525265,28.11074893
2981.75,82.025,2.48,9215.53185,29.5957985
2981.875,83.271,2.477,9066.657059,30.53767128
2982,84.283,2.473,8943.32665,31.27773638
2982.125,85.24,2.47,8832.191459,31.95766719
2982.25,85.741,2.467,8769.918709,32.30744624
2982.375,85.872,2.463,8742.342091,32.40015795
2982.5,85.85,2.461,8737.481654,32.3879108
2982.625,85.356,2.46,8784.479123,32.04974495
2982.75,84.413,2.461,8886.223686,31.3877625
2982.875,83.707,2.464,8972.095524,30.88057262
2983,83.097,2.467,9048.962056,30.43398813
2983.125,82.368,2.469,9136.451049,29.8887926
2983.25,81.719,2.471,9216.471078,29.39342613
2983.375,81.226,2.472,9276.162805,29.01114136
2983.5,80.692,2.466,9314.886234,28.59017998
2983.625,80.187,2.456,9335.53818,28.18572748
2983.75,80.212,2.441,9275.629582,28.20884609
2983.875,80.549,2.418,9149.789569,28.48392757
2984,81.112,2.403,9029.914193,28.93530692
2984.125,82.341,2.404,8898.83776,29.89077313
2984.25,83.759,2.414,8784.574792,30.94950748
2984.375,84.57,2.432,8765.20752,31.53640722
2984.5,85.121,2.439,8733.534615,31.92813778
2984.625,85.353,2.431,8681.227373,32.09283719
2984.75,85.185,2.415,8641.098785,31.97855044
2987.875,87.492,2.396,8347.058017,33.60858587
2988,87.707,2.414,8389.150239,33.75153859
2988.125,88.119,2.426,8391.43431,34.02049668
2988.25,88.022,2.439,8445.697666,33.96095529
2988.375,87.465,2.455,8555.239239,33.60225819
2988.5,86.709,2.467,8672.013286,33.10508624
2988.625,86.021,2.472,8759.08906,32.64331636
2988.75,86.169,2.474,8751.119312,32.74687153
2988.875,86.501,2.475,8721.055248,32.97408995
2989,86.511,2.476,8723.570413,32.98364533
2989.125,85.445,2.478,8839.538885,32.2584504
2989.25,83.693,2.48,9031.866464,31.01415489
2989.375,82.631,2.486,9170.079026,30.22870647
2989.5,82.05,2.492,9257.301645,29.78945655
2989.625,82.38,2.495,9231.318281,30.04431869
2989.75,83.152,2.5,9163.940735,30.62702376
2989.875,83.258,2.51,9188.88275,30.70841751
2990,82.613,2.524,9312.277729,30.22921846
2990.125,79.586,2.535,9708.591963,27.83852262
2992.75,83.469,2.508,9158.351005,30.92898616
2992.875,84.436,2.509,9057.075181,31.63286647
2993,85.077,2.51,8992.418633,32.0894529
2993.125,85.199,2.509,8975.964507,32.17767844
2993.25,84.654,2.507,9026.550429,31.79663091
2993.375,84.071,2.501,9067.393037,31.38191554
2993.5,83.477,2.495,9110.006349,30.95180729
2993.625,82.741,2.492,9179.990573,30.40739827
2993.75,82.212,2.49,9231.645015,30.00931544
2993.875,81.859,2.49,9271.454574,29.74100416
2994,81.429,2.492,9327.900379,29.40957384
2994.125,80.947,2.495,9394.739768,29.03243561
2994.25,81.132,2.499,9388.344919,29.18175219
2994.375,81.82,2.506,9335.477878,29.72214227
2994.5,82.833,2.514,9250.74789,30.49621754
2994.625,84.449,2.519,9091.773733,31.68172434
2994.75,85.457,2.522,8995.23269,32.39405486
2994.875,85.447,2.525,9006.986787,32.38994883
2995,84.983,2.524,9052.577574,32.06869696
2995.125,83.682,2.518,9171.463397,31.13880472
2995.25,82.09,2.508,9312.198806,29.94977124
2995.375,81.193,2.485,9328.735236,29.25522284
2995.5,80.682,2.46,9293.373987,28.85208022
2995.625,80.864,2.446,9219.687376,29.00021966
2995.75,81.797,2.437,9080.9883,29.73535813
2995.875,82.564,2.428,8963.402936,30.32475101
2996,82.99,2.421,8891.683335,30.64751883
2996.125,82.286,2.418,8956.643901,30.11936716
2996.25,80.345,2.415,9161.640426,28.59770175
2996.375,78.684,2.409,9331.798078,27.22087582
2996.5,77.114,2.404,9502.025573,25.85097333
2997.125,76.769,2.417,9596.342274,25.55390546
2997.25,78.536,2.424,9407.599063,27.11405636
2997.375,79.923,2.427,9255.778687,28.27929169
2997.5,81.282,2.428,9104.775965,29.37317618
2997.625,82.771,2.429,8944.669027,30.52025019
2997.75,83.126,2.434,8924.803311,30.78833452
2997.875,82.302,2.447,9062.302253,30.17106044
2998,80.602,2.467,9329.068758,28.8442525
2998.125,76.717,2.484,9869.04076,25.52912868
3001,78.835,2.534,9797.211898,27.45329088
3001.125,83.889,2.542,9236.03333,31.42533056
3001.25,86.387,2.551,9000.715385,33.17774645
3002.375,90.075,2.536,8581.43547,35.56672648
3002.5,90.664,2.531,8508.876732,35.92487821
3002.625,91.267,2.527,8439.300076,36.28554957
3002.75,91.163,2.523,8435.553898,36.22710738
3002.875,90.804,2.51,8425.267609,36.01703076
3003,90.627,2.493,8384.547651,35.91412223
3003.125,91.144,2.478,8286.825244,36.22444041
3003.25,92.236,2.464,8142.451971,36.86259932
3003.375,93.002,2.448,8022.950044,37.29999829
3003.5,93.578,2.44,7947.50903,37.62376732
3003.625,93.989,2.44,7912.755748,37.85260805
3003.75,94.034,2.444,7921.934619,37.88005811
3003.875,93.862,2.454,7968.924591,37.78875581
3004,93.486,2.464,8033.579359,37.5842653
3004.125,92.533,2.47,8136.081182,37.05212741
3004.25,91.498,2.475,8244.770377,36.45812832
3004.375,91.002,2.481,8309.80418,36.1689242
3004.5,90.744,2.482,8336.789209,36.01827849
3004.625,91.024,2.48,8304.447179,36.18766327
3004.75,92.005,2.475,8199.336993,36.76400802
3004.875,92.987,2.464,8076.69029,37.32583346
3005,93.964,2.451,7950.542761,37.87036242
3005.125,94.913,2.441,7838.934603,38.38605978
3005.25,94.995,2.432,7803.2907,38.43263201
3005.375,94.505,2.42,7805.047352,38.17287189
3005.5,93.809,2.411,7833.713183,37.79679654
3005.625,92.885,2.41,7908.3598,37.28559142
3005.75,92.255,2.414,7975.580727,36.93055358
3005.875,92.002,2.424,8030.642812,36.78795551
3006,91.72,2.434,8088.565198,36.62750088
3006.125,91.008,2.437,8161.89346,36.21238998
3006.25,90.201,2.437,8234.915356,35.73151424
3006.375,89.916,2.437,8261.016949,35.56093308
3006.5,89.941,2.44,8268.887382,35.5790498
3006.625,90.569,2.446,8231.743753,35.96198549
3006.75,91.852,2.454,8143.308801,36.72121858
3006.875,93.08,2.465,8071.895144,37.42370249
3007,94.279,2.472,7991.870936,38.08775933
3007.125,95.266,2.474,7915.470367,38.61934339
3007.25,95.082,2.475,7933.993816,38.52467774
3007.375,94.284,2.475,8001.145475,38.09905066
3007.5,93.31,2.473,8078.130961,37.56647078
3007.625,92.254,2.47,8160.686799,36.97279637
3007.75,91.674,2.466,8199.01826,36.64068589
3007.875,91.289,2.461,8216.902365,36.41824919
3008,90.881,2.46,8250.437385,36.17974479
3008.125,90.449,2.463,8299.952459,35.92407076
3008.25,90.259,2.467,8330.932095,35.81223735
3008.375,90.229,2.472,8350.592382,35.79692435
3008.5,90.291,2.473,8348.234043,35.83729564
3008.625,90.724,2.471,8301.671002,36.10040344
3008.75,91.449,2.468,8225.857035,36.53213689
3008.875,91.939,2.459,8152.179162,36.8200756
3009,92.24,2.449,8092.532524,36.99617947
3009.125,92.113,2.442,8080.527179,36.92610878
3009.25,91.737,2.436,8093.711371,36.71157471
3009.375,91.626,2.432,8090.210202,36.64982615
3009.5,91.797,2.432,8075.13971,36.75212298
3009.625,92.431,2.433,8023.048544,37.11966429
3009.75,93.067,2.435,7974.770864,37.48212946
3009.875,93.273,2.436,7960.425847,37.60015172
3010,93.226,2.439,7974.247528,37.57679056
3010.125,92.762,2.443,8027.278411,37.3190161
3010.25,92.269,2.451,8096.595823,37.04135499
3010.375,92.071,2.467,8166.975486,36.93049036
3010.5,92.01,2.481,8218.767525,36.89818746
3010.625,92.177,2.486,8220.410732,36.99715922
3010.75,92.55,2.486,8187.280389,37.21313021
3010.875,92.812,2.479,8141.18002,37.36440332
3011,92.98,2.468,8090.410841,37.46187914
3011.125,93.024,2.46,8060.371517,37.48944777
3011.25,92.909,2.453,8047.383999,37.42766001
3011.375,92.721,2.444,8034.115249,37.32440351
3011.5,92.538,2.439,8033.534332,37.22345051
3011.625,92.438,2.437,8035.630368,37.16936331
3011.75,92.49,2.437,8031.112553,37.20185105
3011.875,92.621,2.438,8023.04445,37.27917057
3012,92.823,2.441,8015.435829,37.39633361
3012.125,93.171,2.444,7995.311846,37.59466275
3012.25,93.352,2.448,7992.869997,37.69846994
3012.375,93.215,2.455,8027.506303,37.62496616
3012.5,92.806,2.461,8082.589488,37.39817121
3012.625,91.648,2.465,8198.018506,36.73687644
3012.75,90.408,2.468,8320.573401,36.00488798
3012.875,89.977,2.471,8370.592485,35.74638133
3013,89.953,2.47,8369.437373,35.73458745
3013.125,90.315,2.467,8325.766484,35.95731472
3013.25,90.524,2.463,8293.075869,36.08611252
3013.375,90.417,2.461,8296.147848,36.02457763
3013.5,90.274,2.463,8316.042271,35.94108083
3013.625,90.513,2.466,8304.186139,36.08806237
3013.75,91.172,2.469,8254.192077,36.48344066
3013.875,91.531,2.472,8231.807803,36.69716134
3014,91.565,2.474,8235.408726,36.71988103
3014.125,91.015,2.475,8288.52387,36.399135
3014.25,90.343,2.477,8356.924167,35.9999085
3014.375,90.212,2.479,8375.816964,35.92350681
3014.5,90.432,2.478,8352.070064,36.05929716
3014.625,91.125,2.475,8278.518519,36.47566787
3014.75,91.742,2.469,8202.908155,36.8401323
3014.875,91.989,2.452,8124.554023,36.98605288
3015,92.123,2.431,8043.255213,37.06612326
3015.125,92.323,2.417,7979.610715,37.1837037
3015.25,92.563,2.409,7932.577812,37.32341218
3015.375,92.625,2.41,7930.558704,37.36148041
3015.5,92.553,2.425,7986.126868,37.32344632
3015.625,92.338,2.439,8050.93461,37.20371787
3015.75,92.304,2.452,8096.827873,37.18712533
3015.875,92.561,2.464,8113.86221,37.33657224
3016,92.964,2.466,8085.245902,37.56725844
3016.125,93.475,2.461,8024.742445,37.85547569
3016.25,93.532,2.456,8003.558141,37.88992646
3016.375,93.229,2.449,8006.684615,37.7243129
3016.5,92.771,2.446,8036.356189,37.46989979
3016.625,92.132,2.447,8095.402249,37.10845949
3016.75,91.869,2.448,8121.895307,36.95953659
3016.875,91.969,2.448,8113.064185,37.02023476
3017,92.193,2.447,8090.045882,37.15208623
3017.125,92.44,2.444,8058.53743,37.29627832
3017.25,92.328,2.443,8065.011697,37.2351689
3017.375,92.035,2.445,8097.310806,37.06975856
3017.5,91.726,2.45,8141.203149,36.89370106
3017.625,91.44,2.455,8183.333333,36.72961161
3017.75,91.365,2.458,8200.059104,36.68847287
3017.875,91.496,2.461,8198.312495,36.76811931
3018,91.791,2.461,8171.964572,36.94289682
3018.125,92.516,2.461,8107.925116,37.36245758
3018.25,93.605,2.46,8010.341328,37.9761127
3018.375,94.474,2.459,7933.433537,38.45378407
3018.5,95.296,2.459,7865.001679,38.89583897
3018.625,96.069,2.459,7801.717516,39.30316322
3018.75,96.207,2.46,7793.694845,39.37738395
3018.875,95.789,2.463,7837.250624,39.16333676
3019,95.02,2.469,7919.924226,38.76089786
3019.125,93.507,2.473,8061.112002,37.94191522
3019.25,91.931,2.477,8212.568122,37.05259716
3019.375,90.923,2.482,8320.376582,36.46448293
3019.5,90.014,2.484,8411.171596,35.92018221
3019.625,88.943,2.484,8512.454044,35.26037315
3019.75,88.256,2.483,8575.262872,34.82754547
3019.875,88.018,2.482,8594.987389,34.67747657
3020,87.872,2.482,8609.268026,34.58600597
3020.125,87.541,2.483,8645.302201,34.37356016
3020.25,87,2.483,8699.062069,34.02010486
3020.375,86.647,2.483,8734.50206,33.78746277
3020.5,86.518,2.48,8736.956471,33.70365265
3020.625,86.972,2.476,8677.330635,34.01005711
3020.75,87.824,2.472,8579.267626,34.57201192
3020.875,88.258,2.47,8530.172902,34.85448777
3021,88.263,2.475,8546.956256,34.86054086
3021.125,87.269,2.482,8668.755228,34.21790204
3021.25,85.704,2.49,8855.50266,33.16637396
3021.375,84.731,2.502,9000.361143,32.48905465
3021.5,83.96,2.511,9115.683659,31.93890756
3021.625,82.973,2.514,9235.139142,31.21503207
3021.75,81.961,2.516,9356.606191,30.44995767
3021.875,81.335,2.514,9421.124977,29.96579214
3022,80.868,2.507,9449.146758,29.59917038
3022.125,80.606,2.501,9457.171923,29.39238099
3022.25,80.519,2.496,9448.463096,29.32522708
3022.375,80.44,2.494,9450.164097,29.2643441
3022.5,80.352,2.497,9471.893668,29.19601775
3022.625,80.453,2.497,9460.002735,29.28049979
3022.75,80.932,2.492,9385.182622,29.66710758
3022.875,81.559,2.477,9256.974705,30.16379703
3023,82.38,2.46,9101.82083,30.79912005
3023.125,83.73,2.453,8929.587961,31.80839581
3023.25,84.786,2.451,8811.181091,32.57066864
3023.375,85.093,2.457,8800.883739,32.78988175
3023.5,85.001,2.467,8846.267691,32.72809064
3023.625,84.245,2.473,8947.360674,32.19310298
3023.75,83.319,2.479,9068.750225,31.52050263
3023.875,82.763,2.485,9151.770719,31.10868712
3024,82.097,2.487,9233.438493,30.60557283
3024.125,80.846,2.487,9376.315464,29.62977473
3024.25,79.636,2.485,9511.125622,28.64933822
3024.375,79.179,2.478,9539.074755,28.27100355
3024.5,79.132,2.469,9510.074306,28.23431777
3024.625,79.567,2.462,9431.266731,28.60062487
3024.75,79.895,2.457,9373.472683,28.87425881
3030.25,80.506,2.458,9306.118799,29.4960397
3030.375,81.255,2.477,9291.607901,30.09564921
3030.5,81.804,2.493,9288.86607,30.52725093
3030.625,82.21,2.501,9272.652962,30.84257586
3030.75,82.419,2.507,9271.328213,31.00477861
3030.875,82.537,2.513,9280.230684,31.09714953
3031,82.564,2.516,9288.270917,31.12043173
3031.125,82.183,2.517,9335.040093,30.83327596
3031.25,81.276,2.516,9435.464344,30.13204655
3031.375,80.502,2.513,9514.824476,29.51833265
3031.5,79.879,2.508,9569.954556,29.01402607
3031.625,79.793,2.504,9564.98941,28.94607456
3031.75,80.488,2.501,9471.036676,29.5155509
3031.875,81.167,2.498,9380.541353,30.06029713
3032,81.776,2.498,9310.682841,30.53962962
3032.125,82.316,2.499,9253.306769,30.95761925
3032.25,82.482,2.501,9242.074634,31.08671711
3032.375,82.537,2.505,9250.68757,31.13125126
3032.5,82.667,2.51,9254.575586,31.23236332
3032.625,82.999,2.513,9228.573838,31.48442812
3032.75,83.25,2.517,9215.394595,31.67404248
3032.875,83.211,2.523,9241.691603,31.64795915
3033,82.889,2.528,9295.97896,31.41066142
3033.125,81.899,2.529,9412.070965,30.66035748
3033.25,81.001,2.529,9516.415847,29.9600766
3033.375,80.956,2.528,9517.94061,29.92716676
3033.5,81.446,2.528,9460.678241,30.31660715
3033.625,82.735,2.528,9313.282166,31.30920094
3033.75,83.779,2.528,9197.226035,32.08586946
3033.875,83.921,2.53,9188.927682,32.1921116
3034,83.673,2.532,9223.448424,32.01409365
3034.125,83.117,2.533,9288.814563,31.60654133
3034.25,82.845,2.534,9322.991128,31.40610383
3034.375,82.701,2.535,9342.910001,31.30065046
3034.5,82.467,2.536,9373.116519,31.12650116
3034.625,82.637,2.535,9350.145818,31.25805415
3034.75,83.306,2.533,9267.740619,31.76104358
3034.875,84.363,2.527,9129.945592,32.53395416
3035,86.001,2.52,8931.244986,33.68360524
3035.125,86.986,2.517,8819.598556,34.3501792
3035.25,86.871,2.514,8820.748006,34.27651376
3035.375,86.17,2.51,8878.356737,33.80739157
3035.5,84.157,2.503,9065.370676,32.40001276
3035.625,81.523,2.496,9332.100144,30.42511973
3035.75,79.815,2.488,9501.251644,29.05774908
3035.875,78.615,2.479,9611.38714,28.0531985
3036,78.37,2.476,9629.766492,27.84560646
3036.125,79.58,2.479,9494.837899,28.87196412
3036.25,80.933,2.484,9354.938035,29.97417082
3036.375,82.289,2.496,9245.230833,31.03367082
3036.5,83.41,2.508,9164.829157,31.87774552
3036.625,83.201,2.513,9206.168195,31.72589977
3036.75,82.344,2.515,9309.385019,31.08414492
3036.875,81.387,2.512,9407.615467,30.34705759
3037,80.854,2.505,9443.243377,29.92828083
3037.125,81.639,2.501,9337.507809,30.54968713
3037.25,82.718,2.497,9200.967141,31.37888768
3037.375,83.754,2.495,9079.876782,32.15019633
3037.5,84.637,2.494,8981.547078,32.78950946
3037.625,84.864,2.493,8953.930995,32.95331051
3037.75,84.801,2.492,8956.988715,32.91160092
3037.875,84.699,2.49,8960.578047,32.84212975
3038,84.353,2.49,8997.332638,32.59802033
3038.125,83.708,2.491,9070.301524,32.13367038
3038.25,83.222,2.494,9134.257768,31.77849791
3038.375,82.89,2.496,9178.197611,31.53374983
3038.5,82.875,2.494,9172.503167,31.5253513
3038.625,83.262,2.492,9122.548101,31.81670503
3038.75,83.552,2.489,9079.940636,32.03355998
3038.875,83.666,2.487,9060.282552,32.12002838
3039,83.345,2.486,9091.520787,31.88668959
3039.125,82.191,2.487,9222.878417,31.02133757
3039.25,80.761,2.489,9393.732123,29.90512708
3039.375,79.093,2.493,9607.252222,28.53843054
3039.5,77.235,2.493,9838.368615,26.92816178
3039.625,76.85,2.49,9875.75797,26.5845066
3039.75,77.675,2.485,9751.245575,27.32455635
3039.875,79.023,2.474,9542.477507,28.49071626
3040,81.233,2.468,9260.354782,30.29699666
3040.125,82.935,2.468,9070.312896,31.6073155
3040.25,83.579,2.471,9011.364099,32.08757974
3040.375,83.767,2.479,9020.249024,32.22807128
3040.5,83.16,2.489,9122.741703,31.78371009
3040.625,81.993,2.494,9271.171929,30.90343781
3040.75,81.275,2.498,9368.076284,30.34714462
3040.875,80.928,2.503,9427.075919,30.07531103
3041,81.373,2.505,9383.014022,30.42987616
3041.125,82.329,2.506,9277.761178,31.17229928
3041.25,82.871,2.507,9220.759976,31.58499389
3041.375,83.073,2.509,9205.676935,31.73888202
3041.5,82.686,2.513,9263.507728,31.45155135
3041.625,82.134,2.516,9336.898239,31.03457437
3041.75,82.013,2.519,9361.823126,30.94444881
3041.875,81.947,2.525,9391.679988,30.89643804
3042,81.845,2.528,9414.556784,30.82048506
3042.125,82.039,2.527,9388.578603,30.97299372
3042.25,82.537,2.524,9320.852466,31.35600629
3042.375,83.606,2.516,9172.50915,32.15584811
3043,81.186,2.516,9445.924174,30.32816103
3043.125,80.491,2.52,9542.632096,29.77632639
3043.25,80.025,2.523,9609.626992,29.40049709
3043.375,79.924,2.523,9621.770682,29.32053695
3043.5,80.38,2.518,9548.225927,29.6951524
3043.625,80.884,2.513,9469.88774,30.10281787
3043.75,81.385,2.508,9392.866007,30.50187468
3043.875,82,2.504,9307.55122,30.98283138
3044,82.443,2.505,9261.235035,31.32455927
3044.125,82.584,2.507,9252.804417,31.43431589
3044.25,82.609,2.506,9246.314566,31.45607267
3044.375,82.442,2.496,9228.07307,31.33234517
3044.5,82.293,2.48,9185.520032,31.22171753
3044.625,82.416,2.468,9127.431567,31.31827831
3044.75,82.762,2.459,9056.127208,31.58287599
3044.875,83.51,2.452,8949.46234,32.14234054
3045,84.357,2.448,8845.150966,32.7606185
3045.125,85.03,2.443,8757.219805,33.24156983
3045.25,85.869,2.436,8646.808511,33.82736236
3045.375,87.446,2.427,8459.501864,34.88822666
3052.125,86.959,2.515,8815.326763,34.72119982
3052.25,85.143,2.516,9006.92717,33.48383546
3052.375,84.38,2.519,9099.208343,32.94563289
3052.5,85.165,2.522,9026.074091,33.50497694
3052.625,85.918,2.524,8954.063177,34.02972241
3052.75,86.192,2.525,8929.134955,34.21966286
3052.875,84.994,2.523,9047.819846,33.39342915
3053,82.233,2.52,9340.483747,31.36971482
3053.125,79.817,2.518,9615.575629,29.45431365
3053.25,77.562,2.517,9891.204456,27.53095637
3053.375,75.613,2.519,10154.22216,25.75248904
3053.5,75.595,2.525,10180.83207,25.73833478
3053.625,76.552,2.528,10065.50319,26.63052414
3053.75,77.714,2.531,9926.767378,27.67655494
3053.875,78.873,2.531,9780.898406,28.6817676
3054,79.036,2.53,9756.870287,28.82264129
3054.125,78.566,2.53,9815.238144,28.42553876
3054.25,77.923,2.531,9900.142448,27.87143098
3054.375,77.126,2.534,10014.30387,27.16777745
3054.5,76.783,2.534,10059.03911,26.86091353
3054.625,76.939,2.532,10030.72044,27.00503587
3054.75,77.264,2.528,9972.747981,27.29992953
3054.875,77.363,2.522,9936.346832,27.39112473
3055,76.904,2.517,9975.834807,26.98191486
3055.125,76.53,2.515,10016.62093,26.64443389
3055.25,76.513,2.513,10010.8792,26.63170332
3055.375,77.855,2.507,9814.830133,27.83743019
3055.5,80.747,2.499,9433.108351,30.2638516
3055.625,83.383,2.491,9105.65463,32.29419989
3055.75,86.187,2.481,8774.04713,34.28499039
3057.375,86.537,2.482,8742.082577,34.55911551
3057.5,84.069,2.505,9082.111123,32.8387794
3057.625,82.506,2.513,9283.717548,31.68329978
3057.75,81.088,2.516,9457.340174,30.5867637
3057.875,79.897,2.512,9583.058187,29.62837647
3058,80.104,2.504,9527.85379,29.80086053
3058.125,81.164,2.498,9380.888078,30.65546521
3058.25,82.762,2.491,9173.978396,31.89105593
3058.375,86,2.475,8771.860465,34.21760346
3059.875,86.426,2.509,8848.531692,34.54157981
3060,83.736,2.518,9165.548868,32.65372151
3060.125,81.958,2.523,9382.981527,31.32117545
3060.25,80.717,2.529,9549.89903,30.34817968
3060.375,80.392,2.534,9607.463429,30.08923523
3060.5,81.311,2.535,9502.625721,30.82562277
3060.625,82.219,2.533,9390.267456,31.53316015
3060.75,82.941,2.531,9301.175534,32.08261833
3060.875,83.563,2.526,9213.70463,32.54692501
3061,84.223,2.522,9127.027059,33.03012796
3061.125,85.017,2.519,9031.031441,33.59853222
3061.25,86.021,2.516,8914.995176,34.29788414
3061.375,87.412,2.512,8759.181806,35.2327798
3061.5,88.162,2.508,8670.837776,35.72297036
3061.625,88.017,2.507,8681.659225,35.63243586
3061.75,87.421,2.508,8744.333741,35.24730048
3061.875,85.964,2.513,8910.269415,34.27322126
3062,84.319,2.521,9113.02079,33.1221172
3062.125,83.344,2.528,9245.229411,32.41404099
3062.25,82.695,2.534,9339.90205,31.93202638
3062.375,82.729,2.539,9354.485126,31.96052376
3062.5,83.646,2.541,9259.221003,32.64505062
3062.625,84.517,2.54,9160.192624,33.27831019
3062.75,85.33,2.539,9069.344896,33.85511551
3062.875,86.119,2.536,8975.636039,34.40206014
3063,86.502,2.533,8925.32427,34.66457189
3063.125,86.57,2.531,8911.271803,34.71323959
3063.25,86.595,2.528,8898.139615,34.732924
3063.375,86.509,2.526,8899.938735,34.67789774
3063.5,86.215,2.526,8930.288233,34.48175302
3063.625,85.857,2.528,8974.625249,34.23998147
3063.75,85.4,2.532,9036.9274,33.92682621
3063.875,84.46,2.54,9166.374615,33.2661947
3065,81.631,2.507,9360.826157,31.17904876
3065.125,81.566,2.493,9315.969889,31.13119981
3065.25,81.423,2.486,9306.127261,31.02214561
3065.375,81.229,2.488,9335.857883,30.87239007
3065.5,81.057,2.498,9393.271402,30.73917616
3065.625,80.927,2.507,9442.257837,30.63870824
3065.75,80.773,2.516,9494.222079,30.51862609
3065.875,80.472,2.525,9563.823442,30.27949259
3066,80.098,2.531,9631.311643,29.978498
3066.125,79.776,2.535,9685.469314,29.71689215
3066.25,79.441,2.538,9737.823038,29.44176028
3066.375,79.127,2.54,9784.169752,29.18137854
3066.5,79.245,2.541,9773.446905,29.28345931
3066.625,79.692,2.539,9710.977262,29.65887722
3066.75,80.252,2.537,9635.617804,30.1211722
3066.875,80.86,2.534,9551.857532,30.61386096
3067,81.431,2.533,9481.136177,31.06843336
3067.125,82.069,2.534,9411.144281,31.56673577
3067.25,82.836,2.536,9331.363175,32.15261741
3067.375,83.673,2.538,9245.304937,32.776504
3067.5,83.575,2.537,9252.498953,32.70745899
3067.625,82.812,2.533,9323.025648,32.14316597
3067.75,81.87,2.526,9404.235984,31.42753646
3067.875,81.062,2.514,9452.853371,30.79743403
3068,81.165,2.504,9403.30438,30.88185616
3068.125,81.419,2.501,9362.738427,31.08475189
3068.25,81.441,2.502,9363.951818,31.1048639
3068.375,80.671,2.511,9487.334978,30.49686563
3068.5,79,2.524,9738.167089,29.12265603
3068.625,77.546,2.532,9952.203853,27.86661274
3068.75,76.098,2.536,10157.59678,26.55571052
3069.25,74.889,2.494,10150.63895,25.42130948
3069.375,76.24,2.464,9850.828961,26.70153287
3069.5,77.837,2.437,9542.988553,28.14322431
3069.625,79.02,2.423,9346.11997,29.16524857
3069.75,80.246,2.413,9165.346559,30.18484035
3069.875,81.934,2.407,8954.202163,31.52564179
3070,83.156,2.41,8833.61393,32.45489723
3070.125,83.613,2.417,8810.849987,32.79553558
3070.25,83.863,2.428,8824.563872,32.98123445
3070.375,84.079,2.448,8874.396698,33.14097557
3070.5,84.285,2.468,8925.032924,33.29251928
3070.625,84.289,2.478,8960.770682,33.29826494
3070.75,84.016,2.487,9022.538564,33.10392585
3070.875,82.923,2.497,9178.220759,32.30094249
3071,81.45,2.507,9381.627993,31.17484189
3071.125,80.638,2.513,9498.777251,30.53323783
3071.25,80.323,2.518,9555.001681,30.28169659
3071.375,80.935,2.521,9494.04831,30.77655441
3071.5,82.045,2.521,9365.601804,31.6484256
3071.625,82.52,2.519,9304.304411,32.01425399
3071.75,82.526,2.517,9296.241185,32.02166947
3071.875,81.625,2.516,9395.121593,31.33166926
3072,80.22,2.519,9571.069559,30.21511795
3072.125,79.422,2.523,9682.586689,29.56006573
3072.25,79.1,2.525,9729.709229,29.29274264
3072.375,79.767,2.526,9652.171951,29.85223446
3072.5,81.407,2.523,9446.48986,31.17545143
3072.625,82.782,2.52,9278.538813,32.23515175
3072.75,84.041,2.517,9128.658631,33.16793597
3072.875,85.006,2.514,9014.271934,33.86033536
3073,84.81,2.514,9035.104351,33.72474218
3073.125,84.086,2.516,9120.148419,33.20913581
3073.25,83.185,2.519,9229.923664,32.55097571
3073.375,81.998,2.525,9385.838679,31.65517218
3073.5,81.381,2.53,9475.725292,31.17793193
3073.625,81.378,2.531,9479.820099,31.17843748
3073.75,81.594,2.531,9454.724612,31.35042435
3073.875,82.136,2.53,9388.623746,31.77277708
3074,82.882,2.528,9296.764074,32.34182955
3074.125,83.504,2.528,9227.51485,32.80712578
3074.25,84.13,2.528,9158.854154,33.26678509
3074.375,84.712,2.53,9103.125885,33.68678388
3074.5,84.568,2.532,9125.834831,33.58711501
3074.625,83.887,2.533,9203.552398,33.09908659
3074.75,82.97,2.535,9312.619019,32.42497971
3074.875,81.761,2.538,9461.508543,31.50618965
3075,81.388,2.541,9516.105568,31.21778092
3075.125,81.686,2.542,9485.121073,31.45361749
3075.25,81.741,2.543,9482.467795,31.49924795
3075.375,80.633,2.542,9608.988876,30.62646141
3075.5,78.896,2.541,9816.680187,29.19439495
3075.625,78.213,2.539,9894.61087,28.61113288
3075.75,78.433,2.539,9866.857063,28.80417561
3075.875,80.197,2.538,9646.026659,30.28502309
3076,82.307,2.536,9391.33731,31.95240331
3076.125,83.261,2.532,9269.088769,32.67337703
3076.25,83.766,2.527,9195.014684,33.04811702
3076.375,84.347,2.52,9106.38197,33.47195014
3076.5,84.753,2.515,9044.777176,33.76471306
3076.625,84.789,2.514,9037.342108,33.7931224
3076.75,84.659,2.516,9058.420251,33.70364794
3076.875,84.295,2.521,9115.615398,33.44605279
3077,83.719,2.527,9200.176782,33.03096142
3077.125,83.118,2.529,9274.034505,32.58999354
3077.25,82.424,2.531,9359.516646,32.07025655
3077.375,81.84,2.53,9422.580645,31.62474974
3077.5,82.427,2.527,9344.384728,32.07827317
3077.625,83.809,2.523,9175.749621,33.11109259
3077.75,85.702,2.52,8962.404611,34.45770012
3088.125,87.688,2.47,8585.62175,36.02911014
3088.25,86.779,2.473,8686.092257,35.43152372
3088.375,85.884,2.489,8833.39388,34.82761796
3088.5,85.682,2.509,8925.365888,34.69135258
3088.625,85.953,2.519,8932.686468,34.88072225
3088.75,86.386,2.524,8905.554141,35.17854218
3088.875,87.043,2.527,8848.840228,35.62194924
3089,87.576,2.527,8794.984927,35.97615528
3089.125,87.925,2.53,8770.474837,36.20619988
3089.25,88.223,2.534,8754.669417,36.40127398
3089.375,88.255,2.541,8775.6705,36.42470118
3089.5,87.645,2.545,8850.658908,36.03278446
3089.625,86.927,2.544,8920.257227,35.56207412
3089.75,86.273,2.539,8970.213161,35.12498362
3089.875,85.759,2.531,8995.543325,34.7761783
3090,85.44,2.523,9000.589888,34.55813063
3090.125,84.892,2.52,9047.91971,34.17663154
3090.25,83.863,2.518,9151.668793,33.44073548
3090.375,81.663,2.517,9394.482201,31.78560895
3090.5,79.546,2.517,9644.502552,30.08406878
3090.625,78.645,2.516,9751.119588,29.32659207
3090.75,78.405,2.515,9777.080543,29.12323341
3090.875,79.341,2.515,9661.738571,29.92156818
3091,80.985,2.518,9476.895721,31.26621594
3091.125,82.22,2.521,9345.667721,32.23312455
3091.25,83.344,2.526,9237.915147,33.08245856
3091.375,84.392,2.534,9152.090246,33.84925422
3091.5,84.628,2.539,9144.576263,34.02090365
3091.625,84.3,2.54,9183.772242,33.7889001
3091.75,83.779,2.539,9237.24561,33.41395362
3091.875,82.916,2.537,9326.035988,32.77790095
3092,82.364,2.535,9381.13739,32.36330337
3092.125,82.29,2.534,9385.869486,32.30967977
3092.25,82.216,2.534,9394.317408,32.25592874
3092.375,81.902,2.534,9430.333814,32.01710204
3092.5,81.282,2.536,9509.766,31.53586408
3092.625,80.634,2.539,9597.529578,31.0227946
3092.75,79.907,2.542,9696.291939,30.43434377
3092.875,79.052,2.545,9812.730861,29.72433643
3093,78.842,2.546,9842.733568,29.54915023
3093.125,79.265,2.546,9790.207532,29.90946477
3093.25,80.012,2.545,9694.995751,30.53205706
3093.375,81.174,2.545,9556.21258,31.47069615
3093.5,81.76,2.545,9487.720157,31.93289997
3093.625,81.663,2.547,9506.454576,31.86031022
3093.75,81.279,2.549,9558.867604,31.56222756
3093.875,80.439,2.555,9681.42319,30.89420714
3094,79.616,2.561,9804.471463,30.22255354
3094.125,79.193,2.565,9872.236182,29.87190377
3094.25,78.943,2.566,9907.361007,29.66360717
3094.375,79.226,2.563,9860.429657,29.90538997
3094.5,80.241,2.555,9705.312745,30.74786225
3094.625,81.306,2.548,9551.944506,31.60361922
3094.75,82.399,2.54,9395.648005,32.45324422
3094.875,83.516,2.533,9244.436994,33.29293922
3095,83.091,2.531,9284.38459,32.98073526
3095.125,82.625,2.533,9344.12587,32.63346987
3095.25,82.444,2.535,9372.034351,32.49901139
3095.375,82.511,2.538,9375.506296,32.552813
3095.5,82.63,2.54,9369.381581,32.64588447
3095.625,82.915,2.539,9333.500573,32.86345973
3095.75,83.521,2.539,9265.779864,33.31677622
3095.875,84.165,2.538,9191.260025,33.7894709
3096,84.788,2.538,9123.725055,34.23837462
3096.125,85.195,2.538,9080.138506,34.52824296
3096.25,84.902,2.537,9107.884384,34.32487057
3096.375,84.359,2.535,9159.283538,33.94076905
3096.5,83.849,2.532,9204.088302,33.57446924
3096.625,83.686,2.531,9218.373444,33.45816905
3096.75,84.113,2.529,9164.328938,33.77203575
3096.875,84.52,2.528,9116.592522,34.06768653
3097,84.905,2.527,9071.663624,34.3442882
3097.125,85.395,2.528,9023.179343,34.69108653
3097.25,85.689,2.531,9002.891853,34.89796294
3097.375,85.672,2.536,9022.467084,34.88909987
3097.5,85.431,2.54,9062.19054,34.72481215
3097.625,84.598,2.542,9158.627864,34.1406877
3097.75,83.602,2.541,9264.09416,33.4224467
3097.875,83.217,2.538,9295.965968,33.14078638
3098,83.145,2.535,9293.018221,33.09008745
3098.125,83.38,2.533,9259.515471,33.26741586
3098.25,83.714,2.531,9215.290155,33.51613205
3098.375,83.893,2.53,9191.994565,33.64975756
3098.5,83.987,2.529,9178.07756,33.72101955
3098.625,83.792,2.529,9199.4367,33.58183429
3098.75,83.209,2.529,9263.892127,33.15499933
3098.875,82.648,2.532,9337.837576,32.73721088
3099,81.953,2.535,9428.184447,32.20893551
3099.125,80.301,2.536,9625.942392,30.90294954
3099.25,78.277,2.537,9878.733217,29.20752171
3099.375,77.2,2.536,10012.60104,28.26111912
3099.625,77.517,2.533,9959.859128,28.5496842
3099.75,78.931,2.533,9781.434417,29.77967899
3099.875,79.63,2.538,9714.710536,30.36911121
3100,79.877,2.544,9707.565382,30.09280523
3100.125,79.627,2.547,9749.52717,29.74795589
3100.25,79.464,2.548,9773.361522,29.52243879
3100.375,79.607,2.548,9755.805394,29.72785601
3100.5,79.895,2.545,9709.193316,30.13368274
3100.625,80.417,2.542,9634.798612,30.85319527
3100.75,80.94,2.539,9561.245367,31.55792814
3100.875,81.215,2.536,9517.611279,31.92402575
3101,81.396,2.535,9492.702344,32.16398798
3101.125,81.471,2.535,9483.963619,32.2651817
3101.25,81.385,2.534,9490.240216,32.15756332
3101.375,81.17,2.53,9500.357275,31.88081689
3101.5,80.813,2.527,9531.0111,31.41291827
3101.625,80.295,2.528,9596.293667,30.7191429
3101.75,80.007,2.532,9646.075968,30.32833024
3101.875,79.977,2.541,9683.994148,30.29089635
3102,80.063,2.552,9715.469068,30.4134276
3102.125,80.319,2.557,9703.477384,30.7676784
3102.25,80.541,2.559,9684.299922,31.07224563
3102.375,80.616,2.558,9671.509378,31.17710273
3102.5,80.668,2.552,9642.604254,31.25082126
3102.625,80.8,2.548,9611.762376,31.43115577
3102.75,80.989,2.543,9570.514514,31.68589592
3102.875,81.043,2.538,9545.332725,31.7611183
3103,80.961,2.533,9536.176678,31.65676402
3103.125,80.496,2.529,9576.118068,31.03926737
3103.25,79.806,2.524,9639.816555,30.09761687
3103.375,79.361,2.515,9659.303688,29.47642215
3103.5,78.966,2.507,9676.741889,28.91512746
3103.625,78.521,2.505,9723.819106,28.27033272
3103.75,78.207,2.507,9770.654801,27.8087564
3103.875,78.097,2.517,9823.445203,27.64813227
3104,78.155,2.531,9870.75427,27.73908614
3104.125,78.722,2.54,9834.506237,28.58103883
3104.25,79.541,2.545,9752.40442,29.75870372
3104.375,79.891,2.548,9721.125033,30.25146005
3104.5,79.951,2.547,9710.017386,30.33847493
3104.625,79.799,2.546,9724.693292,30.13167446
3104.75,79.653,2.545,9738.691575,29.931876
3104.875,79.683,2.542,9723.549565,29.97784092
3105,79.649,2.54,9720.046705,29.93424779
3105.125,78.711,2.539,9832.008233,28.59711252
3107,77.976,2.528,9881.686673,27.56708416
3107.125,80.457,2.53,9584.548268,31.11336298
3107.25,82.326,2.531,9370.658115,33.5436534
3107.375,83.318,2.53,9255.430999,34.75885646
3107.5,84.098,2.527,9158.714833,35.68029439
3107.625,84.722,2.525,9084.063171,36.39702488
3107.75,84.747,2.524,9077.786824,36.42904932
3107.875,84.311,2.524,9124.731055,35.93728262
3108,83.478,2.525,9219.435061,34.96891925
3108.125,81.506,2.526,9446.234633,32.53061811
3108.25,79.071,2.525,9733.277687,29.2185542
3109.25,78.384,2.519,9795.254133,28.24922546
3109.375,79.879,2.525,9634.822669,30.39403966
3109.5,80.847,2.531,9542.083194,31.71101798
3109.625,81.801,2.534,9441.977482,32.95621077
3109.75,82.495,2.535,9366.240378,33.8317304
3109.875,82.87,2.533,9316.500543,34.29600303
3110,83.04,2.528,9279.075145,34.50620181
3110.125,82.555,2.526,9326.204349,33.9175951
3110.25,81.528,2.526,9443.685605,32.62586229
3110.375,80.854,2.531,9541.257081,31.74797893
3110.5,80.491,2.538,9610.793753,31.26626323
3110.625,80.818,2.542,9586.992997,31.70806027
3110.75,81.765,2.545,9487.139974,32.94562416
3110.875,82.345,2.545,9420.316959,33.68071017
3111,82.572,2.542,9383.345444,33.96589594
3111.125,82.12,2.54,9427.569411,33.40704842
3111.25,81.067,2.537,9538.746962,32.05705377
3111.375,80.102,2.533,9638.440988,30.76505391
3111.5,79.088,2.534,9765.870929,29.34711471
3111.625,77.66,2.537,9957.218645,27.23714249
3112.5,78.651,2.553,9893.763589,28.74658357
3112.625,80.949,2.55,9601.601008,31.94493014
3112.75,81.551,2.544,9508.297875,32.73415893
3112.875,80.9,2.531,9535.831891,31.88801267
3113,80.066,2.518,9585.671821,30.76734408
3113.125,79.96,2.51,9567.883942,30.6254368
3113.25,81.543,2.503,9355.976601,32.73958998
3113.375,83.184,2.494,9138.430467,34.78476785
3113.5,84.645,2.489,8962.693603,36.49098114
3113.625,85.859,2.49,8839.515951,37.83307855
3113.75,85.99,2.494,8840.227933,37.97736783
3113.875,85.652,2.504,8910.699108,37.61722865
3114,85.313,2.515,8985.406679,37.25094467
3114.125,85.113,2.521,9028.007472,37.03400472
3114.25,85.17,2.525,9036.28038,37.10094805
3114.375,85.284,2.529,9038.497256,37.2305489
3114.5,85.317,2.532,9045.718907,37.27067853
3114.625,85.002,2.533,9082.826286,36.92605742
3114.75,84.546,2.536,9142.630048,36.41740089
3114.875,84.461,2.54,9166.266087,36.32465217
3115,84.683,2.544,9156.633563,36.58009099
3115.125,85.478,2.544,9071.471022,37.4662018
3115.25,86.234,2.543,8988.408284,38.28276369
3115.375,86.396,2.539,8957.442474,38.45750094
3115.5,86.231,2.536,8963.978152,38.28721306
3115.625,85.598,2.534,9023.145401,37.61220056
3115.75,84.747,2.533,9110.156112,36.67528344
3115.875,84.112,2.535,9186.180331,35.95534286
3116,83.553,2.538,9258.583175,35.30604192
3116.125,83.219,2.54,9303.067809,34.9123109
3116.25,83.494,2.541,9276.077323,35.24397048
3116.375,83.946,2.542,9229.76199,35.77844028
3116.5,84.417,2.541,9174.654394,36.32465432
3116.625,84.771,2.541,9136.341438,36.72920673
3116.75,84.716,2.54,9138.675103,36.67118596
3116.875,84.486,2.541,9167.161423,36.41478597
3117,84.138,2.543,9212.322613,36.02013426
3117.125,83.339,2.544,9304.301707,35.0868898
3117.25,82.351,2.544,9415.929375,33.88764877
3117.375,81.709,2.543,9486.181449,33.08230828
3117.5,81.172,2.541,9541.428079,32.39205925
3117.625,80.732,2.541,9593.430114,31.81513177
3117.75,80.736,2.541,9592.954816,31.82442114
3117.875,81.04,2.543,9564.491609,32.23080112
3118,81.565,2.546,9514.139643,32.91739685
3118.125,82.662,2.548,9395.252958,34.29912712
3118.25,83.864,2.549,9264.227797,35.74100268
3118.375,84.68,2.547,9167.756259,36.68067743
3118.5,85.462,2.545,9076.735859,37.55217907
3118.625,86.338,2.544,8981.111446,38.49551219
3118.75,86.648,2.545,8952.497461,38.82385868
3118.875,86.325,2.554,9017.772372,38.48943623
3120,88.451,2.547,8776.900205,40.67099826
3120.125,88.587,2.54,8739.340987,40.80602328
3120.25,88.798,2.536,8704.844704,41.01203696
3120.375,89.128,2.532,8658.935464,41.32875389
3120.5,89.597,2.528,8600.002232,41.77036002
3120.625,90.252,2.525,8527.456455,42.37233003
3120.75,90.567,2.521,8484.335354,42.65837571
3120.875,90.471,2.514,8469.754949,42.5764225
3121,90.167,2.508,8478.028547,42.30674051
3121.125,89.611,2.506,8523.828548,41.80200674
3121.25,89.375,2.504,8539.515524,41.58657294
3121.375,89.553,2.505,8525.945529,41.75581054
3121.5,89.826,2.507,8506.819852,42.01113796
3121.625,89.98,2.508,8495.647922,42.15561422
3121.75,89.71,2.51,8528.012485,41.91204045
3121.875,89.351,2.513,8572.51066,41.58289802
3122,89.012,2.515,8612.00737,41.26798889
3122.125,88.7,2.517,8649.172492,40.9746961
3122.25,88.433,2.52,8685.626406,40.72133924
3122.375,88.184,2.524,8723.977139,40.48286656
3122.5,87.935,2.528,8762.545062,40.24199893
3122.625,87.876,2.528,8768.42824,40.18745395
3122.75,88.299,2.528,8726.422723,40.60634516
3122.875,88.814,2.527,8672.389488,41.10619805
3123,89.345,2.525,8614.024288,41.61100775
3123.125,89.781,2.524,8568.797407,42.01843092
3123.25,89.704,2.522,8569.356996,41.95137691
3123.375,89.438,2.516,8574.395671,41.70892594
3123.5,89.113,2.509,8581.724328,41.40838128
3123.625,88.723,2.505,8605.705398,41.04182829
3123.75,88.574,2.503,8613.299614,40.90260619
3123.875,88.635,2.503,8607.371806,40.96500525
3124,88.688,2.506,8612.538337,41.01959733
3124.125,88.5,2.509,8641.166102,40.84257459
3124.25,88.11,2.512,8689.792305,40.46700171
3124.375,87.859,2.516,8728.49452,40.22351756
3124.5,87.789,2.52,8749.342173,40.15789964
3124.625,88.287,2.523,8710.346937,40.6511964
3124.75,89.103,2.525,8637.419616,41.43647145
3124.875,89.481,2.528,8611.150971,41.79381988
3125,89.58,2.533,8618.647019,41.88930872
3125.125,89.218,2.536,8663.866036,41.55585263
3125.25,88.563,2.539,8738.267674,40.93717381
3125.375,88.087,2.542,8795.867722,40.47840813
3125.5,87.644,2.544,8847.282187,40.04379911
3125.625,87.068,2.544,8905.81155,39.46587152
3125.75,86.552,2.545,8962.427211,38.93700451
3125.875,86.255,2.545,8993.287346,38.62915536
3126,85.948,2.544,9021.864383,38.30685462
3126.125,85.402,2.543,9075.974802,37.72051299
3126.25,84.901,2.542,9125.941979,37.17109698
3126.375,84.656,2.541,9148.752599,36.90021474
3126.5,84.466,2.542,9172.940591,36.68909402
3126.625,84.124,2.543,9213.855737,36.30171301
3126.75,83.611,2.544,9274.033321,35.70818882
3126.875,83.212,2.547,9329.490939,35.2384957
3127,82.959,2.55,9368.965393,34.93796672
3127.125,83.164,2.551,9349.535857,35.18877494
3127.25,83.945,2.55,9258.919531,36.11407734
3127.375,84.693,2.547,9166.349049,36.97271418
3127.5,85.414,2.542,9071.131196,37.7758216
3127.625,86.234,2.54,8977.804578,38.66040428
3127.75,86.846,2.539,8911.028717,39.30268792
3127.875,87.289,2.538,8862.312548,39.75890531
3128,87.899,2.538,8800.810021,40.37264989
3128.125,89.131,2.537,8675.742447,41.56413641
3128.25,90.476,2.535,8540.032716,42.80057561
3128.375,91.303,2.531,8449.325871,43.530932
3128.5,91.98,2.523,8360.626223,44.11254358
3128.625,92.633,2.514,8272.075826,44.65971242
3128.75,92.891,2.503,8213.006642,44.8744434
3128.875,92.731,2.483,8161.439001,44.74748465
3129,92.308,2.468,8149.308836,44.40197392
3129.125,91.343,2.464,8222.05533,43.58774064
3129.25,90.456,2.466,8309.418944,42.8125141
3129.375,90.153,2.479,8381.298459,42.54398891
3129.5,90.125,2.496,8441.395839,42.52240049
3129.625,90.354,2.506,8453.735308,42.73240192
3129.75,90.262,2.513,8485.989675,42.6534831
3129.875,89.753,2.52,8557.886644,42.19459907
3130,89.019,2.526,8648.994035,41.51485383
3130.125,88.133,2.53,8749.775907,40.6668764
3130.25,88.029,2.534,8773.963126,40.56870142
3130.375,88.543,2.54,8743.68386,41.07225803
3130.5,89.258,2.544,8687.301979,41.75456684
3130.625,90.016,2.545,8617.534661,42.45718021
3130.75,90.267,2.545,8593.572402,42.68781634
3130.875,90.245,2.539,8575.402515,42.67174666
3131,90.287,2.528,8534.278468,42.71325931
3131.125,90.78,2.519,8457.713153,43.15591516
3131.25,91.608,2.509,8347.995808,43.87830762
3131.375,92.066,2.499,8273.360415,44.26985784
3131.5,92.154,2.493,8245.614949,44.3473002
3131.625,91.514,2.493,8303.280372,43.80897738
3131.75,90.386,2.494,8410.275928,42.82443877
3131.875,89.661,2.498,8491.879412,42.16986933
3132,89.303,2.502,8539.574258,41.84163
3132.125,89.867,2.501,8482.588714,42.36628421
3132.25,91.323,2.498,8337.334516,43.66318077
3132.375,92.56,2.483,8176.516854,44.71017389
3132.5,93.818,2.46,7992.155024,45.72594781
3132.625,95.605,2.442,7785.38361,47.08813965
3132.75,97.249,2.425,7600.489465,48.26540424
3132.875,98.286,2.408,7467.578292,48.97429258
3133,99.186,2.403,7384.453451,49.56920619
3133.125,99.776,2.408,7356.061578,49.95034237
3133.25,99.401,2.418,7414.476716,49.71485109
3133.375,98.712,2.439,7531.07221,49.27088037
3133.5,97.908,2.458,7652.065204,48.73821448
3133.625,96.787,2.466,7765.885914,47.96791755
3133.75,95.861,2.469,7850.441786,47.30819879
3133.875,95.33,2.471,7900.564355,46.92123191
3134,94.76,2.473,7954.520895,46.49703278
3134.125,93.719,2.478,8059.138488,45.69566196
3134.25,92.457,2.484,8188.922418,44.680479
3134.375,91.502,2.495,8311.031453,43.88021279
3134.5,90.615,2.504,8422.6585,43.11046387
3134.625,89.842,2.509,8512.090114,42.4182123
3134.75,89.865,2.512,8520.086797,42.44296223
3134.875,90.426,2.512,8467.228452,42.95339588
3135,91.315,2.507,8368.106007,43.73788029
3135.125,92.883,2.501,8207.150932,45.05558538
3135.25,94.329,2.495,8061.953376,46.20404292
3135.375,95.039,2.488,7979.275876,46.74763583
3135.5,95.424,2.483,7931.11167,47.03819867
3135.625,95.116,2.482,7953.589301,46.81262914
3135.75,94.02,2.482,8046.305041,45.9792181
3135.875,93.091,2.485,8136.425648,45.24616258
3136,92.32,2.49,8220.883882,44.61860036
3136.125,92.025,2.495,8263.797881,44.37585808
3136.25,92.685,2.499,8218.10649,44.92709547
3136.375,93.419,2.504,8169.849816,45.52388737
3136.5,94.062,2.506,8120.482235,46.03388278
3136.625,94.684,2.505,8063.917874,46.51592543
3136.75,95.146,2.502,8015.151451,46.86783717
3136.875,95.453,2.497,7973.406808,47.09964105
3137,95.805,2.492,7928.204165,47.36173727
3137.125,96.228,2.489,7883.850854,47.67158952
3137.25,96.31,2.488,7873.973627,47.73402987
3137.375,96.186,2.487,7880.955648,47.64864319
3137.5,96.006,2.487,7895.731517,47.52234709
3137.625,95.766,2.487,7915.519078,47.35141934
3137.75,95.688,2.488,7925.156759,47.29799106
3137.875,95.793,2.489,7919.651749,47.37839438
3138,95.918,2.489,7909.330887,47.47303384
3138.125,95.728,2.488,7921.845228,47.33816766
3138.25,95.018,2.488,7981.039382,46.8156632
3138.375,94.285,2.488,8043.086387,46.26150731
3138.5,93.589,2.489,8106.157775,45.72129988
3138.625,93.09,2.491,8156.158556,45.3262527
3138.75,93.101,2.495,8168.290351,45.33880006
3138.875,93.207,2.5,8175.351637,45.42776094
3139,93.209,2.506,8194.79664,45.43304222
3139.125,92.829,2.509,8238.192806,45.12943918
3139.25,92.03,2.511,8316.340324,44.47248011
3139.375,91.276,2.515,8398.396073,43.83407795
3139.5,90.463,2.518,8483.981296,43.12433708
3139.625,89.381,2.522,8600.324454,42.14304923
3139.75,88.662,2.525,8680.381674,41.46882851
3139.875,88.566,2.53,8706.998171,41.38061272
3140,88.738,2.532,8696.991142,41.5489295
3140.125,89.499,2.532,8623.041598,42.26749296
3140.25,90.668,2.53,8505.13963,43.3286929
3140.375,91.489,2.525,8412.158839,44.04700798
3140.5,92.121,2.518,8331.286026,44.58569331
3140.625,92.416,2.513,8288.201177,44.83472737
3140.75,92.164,2.509,8297.634651,44.62901677
3140.875,91.843,2.504,8310.042137,44.36306165
3141,91.581,2.5,8320.503161,44.14422203
3141.125,91.44,2.499,8330,44.02724164
3141.25,91.422,2.497,8324.972107,44.01549736
3141.375,91.409,2.495,8319.48714,44.0080397
3141.5,91.446,2.493,8309.45476,44.0435176
3141.625,91.855,2.494,8275.773774,44.39540837
3141.75,92.613,2.496,8214.622137,45.0302252
3141.875,93.187,2.499,8173.835406,45.49992422
3142,93.591,2.5,8141.808507,45.82561213
3142.125,93.607,2.499,8137.160682,45.84193411
3142.25,93.41,2.496,8144.532705,45.68929257
3142.375,93.583,2.49,8109.934497,45.83029144
3142.5,94.154,2.483,8038.090787,46.28096088
3142.625,95.567,2.48,7909.675934,47.35091438
3142.75,96.942,2.478,7791.198861,48.340484
3142.875,97.366,2.477,7754.140049,48.63834274
3143,97.219,2.479,7772.135076,48.54044585
3143.125,96.018,2.481,7875.698307,47.69427329
3143.25,94.446,2.483,8013.239311,46.5278324
3143.375,93.609,2.486,8094.657565,45.88020728
3143.5,93.116,2.487,8140.787835,45.49064084
3143.625,92.917,2.487,8158.22293,45.33351899
3143.75,92.66,2.487,8180.850421,45.12774726
3143.875,92.189,2.489,8229.259456,44.74225815
3144,91.6,2.493,8295.484716,44.24938845
3144.125,90.903,2.497,8372.502558,43.65086552
3144.25,90.618,2.501,8412.288949,43.40365652
3144.375,90.64,2.506,8427.0609,43.42685063
3144.5,90.712,2.51,8433.812506,43.4941728
3144.625,90.672,2.511,8440.894653,43.46258838
3144.75,90.408,2.512,8468.914255,43.23190771
3144.875,90.145,2.513,8497.003716,42.99973131
3145,89.841,2.512,8522.362841,42.72777119
3145.125,89.236,2.511,8576.726882,42.17303236
3145.25,88.515,2.51,8643.14523,41.49369179
3145.375,88.03,2.509,8687.302056,41.02690091
3145.5,87.554,2.509,8734.531832,40.55995614
3145.625,86.872,2.511,8810.120637,39.87350385
3145.75,86.243,2.513,8881.444291,39.22369238
3145.875,85.818,2.518,8943.186744,38.7763574
3146,85.399,2.524,9008.480193,38.32769098
3146.125,85.082,2.529,9059.956277,37.98399896
3146.25,85.268,2.532,9050.917108,38.19230915
3146.375,85.625,2.532,9013.18073,38.58423333
3146.5,85.963,2.529,8967.104452,38.95030366
3146.625,86.119,2.526,8940.243152,39.11963835
3146.75,85.974,2.524,8948.23086,38.96966614
3146.875,85.843,2.522,8954.784898,38.8337673
3147,85.822,2.522,8956.976067,38.81513127
3147.125,85.972,2.522,8941.348346,38.97902512
3147.25,86.119,2.521,8922.546709,39.13876516
3147.375,86.289,2.52,8901.435872,39.32173437
3147.5,86.668,2.519,8858.992939,39.72051653
3147.625,87.598,2.518,8761.460307,40.66828992
3147.75,88.385,2.518,8683.446286,41.44391367
3147.875,88.505,2.517,8668.228914,41.56326769
3148,88.311,2.518,8690.72256,41.37991426
3148.125,87.769,2.519,8747.863141,40.85321035
3148.25,87.415,2.52,8786.775725,40.50429331
3148.375,87.336,2.521,8798.213795,40.42869585
3148.5,87.272,2.521,8804.665872,40.36799177
3148.625,87.217,2.521,8810.218191,40.31622854
3148.75,87.555,2.52,8772.725715,40.65954756
3148.875,88.132,2.519,8711.832252,41.23243405
3149,88.865,2.52,8643.402915,41.94061087
3149.125,89.883,2.521,8548.900237,42.88953494
3149.25,90.547,2.523,8492.941787,43.48984257
3149.375,90.74,2.527,8488.313864,43.66410923
3149.5,90.847,2.53,8488.381565,43.76183325
3149.625,90.893,2.532,8490.79247,43.80584712
3149.75,90.655,2.533,8516.445866,43.60033899
3149.875,90.273,2.534,8555.860556,43.26420276
3150,89.899,2.534,8591.454855,42.93028722
3150.125,89.681,2.534,8612.339291,42.7349432
3150.25,89.924,2.534,8589.066323,42.96049449
3150.375,90.27,2.535,8559.521436,43.27645271
3150.5,90.557,2.534,8529.028126,43.53599896
3150.625,90.61,2.533,8520.675422,43.58665752
3150.75,90.451,2.532,8532.283778,43.44931131
3150.875,90.388,2.532,8538.230739,43.39690606
3151,90.407,2.533,8539.807758,43.41758273
3151.125,90.464,2.533,8534.426954,43.47207138
3151.25,90.121,2.533,8566.908934,43.1686812
3151.375,89.484,2.53,8617.674668,42.59108359
3151.5,88.658,2.527,8687.649169,41.81912333
3151.625,87.756,2.525,8769.998633,40.946419
3151.75,87.822,2.524,8759.937146,41.01540927
3151.875,88.547,2.525,8691.655279,41.72425931
3152,89.565,2.527,8599.671747,42.68455802
3152.125,90.946,2.528,8472.43859,43.92660862
3152.25,91.712,2.528,8401.674808,44.5892495
3152.375,91.887,2.524,8372.405237,44.7407997
3152.5,91.882,2.518,8352.957054,44.74029288
3152.625,91.462,2.514,8377.984299,44.38745427
3152.75,90.666,2.512,8444.815035,43.69950126
3152.875,89.993,2.514,8514.742258,43.10165102
3153,89.309,2.521,8603.845077,42.47764565
3153.125,88.417,2.526,8707.881968,41.63706583
3153.25,87.735,2.53,8789.468285,40.97490091
3153.375,87.436,2.534,8833.469052,40.68098526
3153.5,87.132,2.537,8874.783088,40.37842968
3153.625,86.516,2.542,8955.587406,39.74987806
3153.75,85.907,2.548,9040.362252,39.1128573
3153.875,85.722,2.558,9095.429411,38.91885801
3154,85.879,2.565,9103.645827,39.09067683
3154.125,86.911,2.566,8999.054205,40.17240431
3154.25,88.459,2.565,8838.128398,41.71145657
3154.375,89.517,2.559,8713.24106,42.71158089
3154.5,90.528,2.55,8585.630965,43.62964482
3154.625,92.086,2.543,8417.201312,44.97432558
3154.75,93.661,2.534,8246.369353,46.2552224
3154.875,94.568,2.514,8102.817021,46.9609025
3155,95.198,2.491,7975.554108,47.43846203
3155.125,95.513,2.474,7895.000681,47.67496432
3155.25,95.43,2.461,7860.345803,47.61750989
3155.375,95.372,2.45,7829.971061,47.5783491
3155.5,95.4,2.447,7818.08805,47.60266465
3155.625,95.504,2.448,7812.765957,47.68290686
3155.75,95.655,2.448,7800.432805,47.79724423
3155.875,95.768,2.442,7772.132654,47.88332029
3156,95.862,2.43,7726.356638,47.9552726
3156.125,96.024,2.422,7687.928018,48.07609282
3156.25,96.285,2.417,7651.260321,48.26707112
3156.375,96.405,2.419,7648.059748,48.35623776
3156.5,96.396,2.43,7683.555334,48.35346038
3156.625,96.261,2.44,7725.994951,48.26080005
3156.75,96.251,2.447,7748.964686,48.25727656
3156.875,96.386,2.445,7731.786774,48.3572203
3157,96.437,2.434,7692.931136,48.39710827
3157.125,95.898,2.426,7710.742664,48.01407447
3157.25,94.519,2.422,7810.340778,46.99305195
3157.375,93.155,2.426,7937.789705,45.93042115
3157.5,91.744,2.435,8089.771538,44.77204718
3157.625,90.057,2.439,8254.851927,43.30167594
3157.75,89.125,2.439,8341.174755,42.448772
3157.875,89.065,2.435,8333.105036,42.39630706
3158,89.408,2.431,8287.5,42.71970768
3158.125,90.569,2.431,8181.262905,43.77415339
3158.25,92.036,2.433,8057.481855,45.03986969
3158.375,93.098,2.438,7981.937313,45.91412539
3158.5,94.085,2.443,7914.400808,46.69627735
3158.625,94.921,2.445,7851.118298,47.33729401
3158.75,94.819,2.447,7865.993103,47.26423462
3158.875,94.251,2.451,7926.332877,46.83539772
3159,93.599,2.459,8007.598372,46.33124198
3159.125,93.013,2.463,8071.155645,45.86783025
3159.25,92.86,2.466,8094.301098,45.74786244
3159.375,92.716,2.466,8106.8726,45.63452062
3159.5,92.291,2.466,8144.204744,45.28908411
3159.625,91.305,2.468,8238.830294,44.46077912
3159.75,90.554,2.474,8327.353844,43.80938633
3159.875,90.351,2.489,8396.666335,43.63275936
3160,90.278,2.506,8460.852035,43.57129125
3160.125,90.25,2.517,8500.627147,43.54997041
3160.25,90.265,2.526,8529.605052,43.56713538
3160.375,90.431,2.533,8537.54133,43.71894262
3160.5,90.799,2.534,8506.296325,44.04755026
3160.625,91.54,2.531,8427.450295,44.69162441
3160.75,92.168,2.527,8356.800625,45.22399112
3160.875,92.578,2.518,8290.159649,45.56607872
3161,93.162,2.509,8208.746055,46.04279449
3161.125,94.293,2.503,8090.891158,46.93359542
3161.25,95.128,2.498,8003.851653,47.56867617
3161.375,95.066,2.495,7999.453012,47.52610662
3161.5,94.414,2.499,8067.608617,47.03728822
3161.625,92.635,2.505,8242.284234,45.63485831
3161.75,90.711,2.513,8443.985845,44.00757076
3161.875,89.736,2.524,8573.09441,43.13758024
3162,89.131,2.531,8655.224333,42.58226627
3162.125,88.903,2.533,8684.278371,42.37187976
3162.25,89.074,2.532,8664.184835,42.53643377
3162.375,89.239,2.53,8641.333946,42.69431813
3162.5,89.376,2.527,8617.857143,42.82528642
3162.625,89.401,2.528,8618.856612,42.85218228
3162.75,89.213,2.529,8640.435811,42.68137898
3162.875,89.005,2.534,8677.750688,42.4905077
3163,88.782,2.538,8713.279719,42.28383378
3163.125,88.622,2.539,8732.450182,42.13547576
3163.25,88.747,2.539,8720.15054,42.25817773
3163.375,88.937,2.536,8691.239866,42.4415971
3163.5,89.057,2.532,8665.838732,42.55813301
3163.625,89.061,2.53,8658.604777,42.56564651
3163.75,89.163,2.529,8645.281114,42.66482774
3163.875,89.477,2.525,8601.316539,42.95993396
3164,90.054,2.518,8522.513159,43.48981395
3164.125,91.423,2.513,8378.224298,44.69574466
3164.25,93.115,2.507,8206.342695,46.10087111
3164.375,94.381,2.502,8080.11782,47.09623881
3164.5,95.727,2.501,7963.320693,48.10440132
3164.625,97.566,2.501,7813.221819,49.40303511
3164.75,98.851,2.501,7711.654915,50.26201573
3164.875,99.313,2.498,7666.573359,50.5637181
3165,99.717,2.494,7623.285899,50.82403301
3165.125,100.582,2.49,7545.604581,51.3652125
3165.25,101.82,2.486,7441.885681,52.11060205
3165.375,102.703,2.482,7366.032151,52.62426025
3165.5,103.314,2.48,7316.568906,52.97187694
3165.625,103.129,2.481,7332.6494,52.87197794
3165.75,101.839,2.484,7434.511337,52.13592963
3165.875,100.531,2.49,7549.432513,51.35535301
3166,99.25,2.497,7668.368766,50.55560076
3166.125,98.149,2.499,7760.600719,49.8391779
3166.25,98.236,2.499,7753.727758,49.90070074
3166.375,98.884,2.497,7696.75175,50.33012391
3166.5,99.646,2.493,7625.658832,50.82210775
3166.625,100.55,2.491,7551.037295,51.3883879
3166.75,101.061,2.488,7503.808591,51.70226542
3166.875,101.257,2.481,7468.212568,51.82339343
3167,101.462,2.472,7426.086614,51.94906539
3167.125,101.88,2.464,7371.684335,52.19895353
3167.25,102.276,2.457,7322.280887,52.43262499
3167.375,102.326,2.45,7297.851963,52.46500059
3167.5,102.056,2.448,7311.186016,52.31225257
3167.625,100.656,2.451,7421.959943,51.48172053
3167.75,98.205,2.456,7622.715748,49.92327173
3167.875,96.122,2.466,7819.612576,48.4879534
3168,94.027,2.478,8032.739532,46.9300029
3168.125,91.567,2.488,8281.830791,44.93738175
3168.25,90.196,2.499,8444.888909,43.74467184
3168.375,89.981,2.513,8512.490415,43.55497837
3168.5,90.142,2.522,8527.718489,43.70372357
3168.625,90.749,2.523,8474.037179,44.24606327
3168.75,91.477,2.522,8403.266395,44.87933643
3168.875,91.987,2.518,8343.42244,45.31373055
3169,92.527,2.514,8281.552412,45.76442155
3169.125,93.425,2.513,8198.687717,46.49152334
3169.25,94.34,2.512,8115.938096,47.20767681
3169.375,94.999,2.512,8059.638523,47.70967454
3169.5,95.694,2.512,8001.103517,48.2259285
3169.625,96.532,2.512,7931.645465,48.8305561
3169.75,96.886,2.512,7902.664988,49.08261005
3169.875,96.705,2.514,7923.759888,48.95960986
3170,96.247,2.518,7974.13322,48.63910848
3170.125,95.342,2.518,8049.824841,47.98617121
3170.25,94.522,2.513,8103.535685,47.37580246
3170.375,94.232,2.488,8047.610154,47.15782298
3170.5,94.271,2.452,7927.884503,47.19143291
3170.625,95.317,2.43,7770.534112,47.98230849
3170.75,97.491,2.414,7547.232052,49.52879067
3170.875,99.407,2.409,7386.433551,50.79568813
3171,101.187,2.417,7280.595333,51.89885817
3171.125,102.709,2.426,7199.415825,52.79032873
3171.25,103.005,2.434,7202.399884,52.96123761
3171.375,102.707,2.441,7244.070998,52.79626521
3171.5,102.222,2.445,7290.368023,52.52187573
3171.625,101.155,2.446,7370.281252,51.89747232
3171.75,99.604,2.448,7491.169029,50.94583811
3171.875,98.186,2.454,7617.982197,50.02942778
3172,96.579,2.464,7776.299195,48.9326079
3172.125,94.453,2.471,7973.921421,47.37820152
3172.25,93.197,2.476,8097.737052,46.40225096
3172.375,93.026,2.475,8109.345774,46.26897179
3172.5,93.274,2.467,8061.642044,46.47100441
3172.625,94.157,2.459,7960.143165,47.16611124
3172.75,95.137,2.453,7858.923447,47.9110392
3172.875,95.706,2.453,7812.199862,48.33294216
3173,96.217,2.461,7796.052673,48.70484541
3173.125,96.884,2.467,7761.256761,49.17897472
3173.25,97.265,2.471,7743.389709,49.44629574
3173.375,97.163,2.473,7757.792575,49.37967019
3173.5,96.763,2.473,7789.861827,49.10533321
3173.625,95.581,2.476,7895.76171,48.26365986
3173.75,94.061,2.483,8046.038209,47.12505603
3173.875,93.15,2.498,8173.809984,46.41259884
3174,92.511,2.513,8279.689983,45.89917068
3174.125,92.091,2.52,8340.619605,45.55612169
3174.25,91.892,2.524,8371.94968,45.39359802
3174.375,91.66,2.528,8406.441196,45.20191953
3174.5,91.2,2.53,8455.526316,44.81307536
3174.625,90.025,2.532,8572.658706,43.78197415
3174.75,88.772,2.535,8703.960708,42.62886192
3174.875,88.279,2.54,8769.83201,42.16161914
3175,88.217,2.543,8786.360905,42.10551583
3175.125,88.988,2.542,8706.809907,42.84366979
3175.25,90.468,2.538,8550.895344,44.19634032
3175.375,91.786,2.526,8388.259647,45.33793936
3175.5,93.227,2.511,8209.561608,46.52196983
3175.625,95.395,2.498,7981.449762,48.18562648
3175.75,97.244,2.485,7788.943277,49.50416857
3175.875,97.905,2.469,7686.54512,49.95691922
3176,98.006,2.457,7641.303594,50.02821885
3176.125,97.645,2.449,7644.581904,49.78874363
3176.25,97.633,2.438,7611.180646,49.78421928
3176.375,98.099,2.415,7503.562727,50.10114356
3177.25,95.22,2.41,7714.429742,48.10395915
3177.375,95.024,2.442,7832.985351,47.96206499
3177.5,94.779,2.473,7952.926281,47.78230844
3177.625,94.648,2.488,8012.239033,47.68721725
3177.75,95.012,2.496,8007.207511,47.9640793
3177.875,95.593,2.496,7958.540897,48.39628209
3178,96.209,2.491,7891.744016,48.8444348
3178.125,96.529,2.49,7862.424764,49.07507105
3178.25,95.887,2.493,7924.602918,48.62060138
3178.375,95.062,2.502,8022.233911,48.01958327
3178.5,94.33,2.513,8120.029683,47.47116228
3178.625,93.777,2.517,8180.914297,47.04771516
3178.75,93.803,2.519,8185.145464,47.07166866
3178.875,94.208,2.516,8140.251359,47.38868869
3179,94.872,2.507,8054.363774,47.8959924
3179.125,96.318,2.5,7911.293839,48.9547391
3179.25,98.044,2.494,7753.367876,50.14732562
3179.375,99.143,2.489,7652.050069,50.87058359
3179.5,99.966,2.488,7586.003241,51.39507283
3179.625,100.461,2.486,7542.556813,51.70478132
3179.75,100.563,2.483,7525.813669,51.77077626
3179.875,100.656,2.475,7494.635193,51.83106746
3180,100.838,2.464,7447.858942,51.94510982
3180.125,101.238,2.457,7397.356724,52.18903614
3180.25,101.615,2.451,7351.91458,52.4161081
3180.375,101.809,2.444,7316.948403,52.53354935
3180.5,101.995,2.439,7288.66317,52.64557814
3180.625,102.36,2.438,7259.695193,52.85999479
3180.75,102.704,2.44,7241.314847,53.05987514
3180.875,102.716,2.442,7246.403676,53.07022089
3181,102.494,2.441,7259.125412,52.94737468
3181.125,101.961,2.438,7288.104275,52.64354183
3181.25,101.555,2.432,7299.232928,52.40915975
3181.375,101.436,2.428,7295.776647,52.34234435
3181.5,101.362,2.428,7301.102977,52.30199592
3181.625,101.294,2.431,7315.031492,52.26511022
3181.75,101.369,2.436,7324.653494,52.31326671
3181.875,101.592,2.441,7323.57666,52.44874801
3182,101.907,2.445,7312.902941,52.63693035
3182.125,102.223,2.452,7311.168719,52.82369422
3182.25,102.012,2.469,7377.085049,52.70512614
3182.375,101.406,2.491,7487.29661,52.35300655
3182.5,100.537,2.507,7600.521201,51.83337884
3182.625,99.087,2.519,7748.657241,50.92789715
3182.75,97.522,2.525,7891.757757,49.89665666
3182.875,97.929,2.52,7843.396747,50.17496483
3183,97.99,2.513,7816.740484,50.21939755
3183.125,97.602,2.505,7822.831499,49.96180441
3183.25,97.139,2.497,7835.015802,49.64894042
3183.375,96.955,2.49,7827.878913,49.52532058
3183.5,97.663,2.487,7761.768531,50.01394296
3183.625,98.6,2.486,7684.916836,50.64079369
3183.75,99.526,2.49,7625.665655,51.24026482
3183.875,100.278,2.5,7598.875127,51.71365896
3184,100.358,2.511,7626.226111,51.76648642
3184.125,100.006,2.524,7692.690439,51.55230593
3184.25,99.184,2.54,7805.613809,51.03680861
3184.375,96.482,2.55,8055.803155,49.22336352
3184.5,92.63,2.553,8400.673648,46.30690246
3184.625,90.237,2.554,8626.829349,44.27164298
3184.75,88.783,2.55,8754.378654,42.94119673
3184.875,88.997,2.536,8685.380406,43.14613565
3185,90.536,2.52,8483.873818,44.54798363
3185.125,91.125,2.502,8368.82963,45.06507398
3185.25,90.583,2.481,8348.241944,44.59685301
3185.375,87.901,2.475,8582.154924,42.11286593
3185.5,84.943,2.48,8898.95577,39.046115
3185.625,83.449,2.491,9098.452947,37.35182039
3185.75,82.192,2.506,9293.225618,35.84227957
3188,82.348,2.449,9064.642736,36.10536818
3188.125,82.72,2.453,9038.617021,36.56240215
3188.25,82.203,2.469,9154.789971,35.93468772
3189,83.15,2.518,9230.143115,37.10473778
3189.125,86.504,2.51,8844.076574,40.82329215
3189.25,89.218,2.497,8530.628349,43.48394396
3189.375,91.25,2.486,8303.921096,45.29917548
3189.5,91.546,2.479,8253.76532,45.55511154
3189.625,91.339,2.474,8255.78559,45.38275898
3189.75,91.513,2.469,8223.434922,45.53457525
3189.875,93.112,2.464,8065.847581,46.85424502
3190,95.658,2.46,7838.424387,48.79708903
3190.125,97.207,2.455,7697.84069,49.89479082
3190.25,97.914,2.452,7632.918684,50.3777709
3190.375,96.588,2.461,7766.107591,49.47221167
3190.5,93.443,2.477,8079.680661,47.13528511
3190.625,91.213,2.495,8337.364192,45.30470934
3190.75,89.788,2.515,8537.577405,44.0516718
3190.875,90.06,2.515,8511.792139,44.3006968
3191,92.216,2.504,8276.429253,46.16005597
3191.125,93.942,2.491,8082.186881,47.54342982
3191.25,95.176,2.48,7942.170295,48.48038066
3191.375,95.542,2.483,7921.31628,48.75276379
3191.5,94.759,2.49,8009.286717,48.17707765
3191.625,93.97,2.498,8102.483771,47.57978209
3191.75,93.336,2.506,8183.646182,47.08761566
3191.875,92.804,2.509,8240.412051,46.66605313
3192,92.641,2.508,8251.620773,46.53774536
3192.125,92.758,2.506,8234.640678,46.63627572
3192.25,93.018,2.503,8201.793201,46.84921174
3192.375,93.465,2.499,8149.523351,47.20787863
3192.5,93.512,2.497,8138.908375,47.24854113
3192.625,93.017,2.496,8178.943634,46.85948747
3192.75,92.089,2.497,8264.674391,46.10687743
3192.875,90.166,2.501,8454.459552,44.45554692
3193,88.463,2.504,8627.552762,42.88691785
3193.125,88.036,2.508,8683.247762,42.47965039
3193.25,88.364,2.511,8661.364357,42.79980573
3193.375,90.227,2.508,8472.390748,44.52494037
3193.5,92.893,2.502,8209.54862,46.78581792
3193.625,94.784,2.492,8013.605672,48.25806219
3193.75,96.484,2.476,7821.864765,49.49710359
3193.875,98.321,2.462,7632.322698,50.75275212
3194,99.491,2.456,7524.186107,51.51202364
3194.125,99.877,2.452,7482.899967,51.75814573
3194.25,99.973,2.449,7466.567973,51.82153605
3194.375,99.674,2.447,7482.850091,51.63816977
3194.5,99.058,2.446,7526.305801,51.25036804
3194.625,98.551,2.446,7565.025215,50.92538752
3194.75,98.057,2.446,7603.136951,50.60310604
3194.875,97.388,2.449,7664.755411,50.15613251
3195,96.696,2.453,7732.216431,49.68214885
3195.125,96.138,2.458,7792.947638,49.2918649
3195.25,95.517,2.468,7875.523729,48.84761234
3195.375,94.596,2.478,7984.422174,48.16794122
3195.5,93.859,2.482,8060.107182,47.60780328
3195.625,93.617,2.486,8093.96584,47.42295705
3195.75,93.59,2.49,8109.32792,47.40549995
3195.875,93.861,2.494,8098.903698,47.62038683
3196,94.217,2.496,8074.772069,47.89828465
3196.125,94.352,2.497,8066.449042,48.00499607
3196.25,94.364,2.498,8068.6533,48.01779889
3196.375,94.219,2.5,8087.54073,47.91082865
3196.5,94.135,2.501,8097.995432,47.85013407
3196.625,94.235,2.502,8092.636494,47.93040836
3196.75,94.436,2.502,8075.411919,48.08718717
3196.875,94.844,2.5,8034.245709,48.39815054
3197,95.399,2.497,7977.920104,48.81245919
3197.125,95.952,2.492,7916.058029,49.21703649
3197.25,96.682,2.481,7821.608986,49.73769105
3197.375,97.903,2.467,7680.475573,50.57614516
3197.5,98.805,2.456,7576.426294,51.17344674
3197.625,98.918,2.447,7540.039224,51.25008573
3197.75,98.609,2.439,7538.938636,51.05325373
3197.875,97.56,2.438,7616.875769,50.35977938
3198,96.288,2.444,7736.490528,49.48216672
3198.125,95.515,2.452,7824.630686,48.93007667
3198.25,94.869,2.465,7919.678715,48.457091
3198.375,94.303,2.477,8005.997688,48.03371553
3198.5,94.238,2.482,8027.691589,47.98777001
3198.625,94.395,2.486,8027.255681,48.11107554
3198.75,94.477,2.49,8033.193264,48.17695044
3198.875,94.014,2.496,8092.207544,47.82689177
3199,92.872,2.5,8204.841072,46.9315334
3199.125,91.87,2.505,8310.917601,46.11393806
3199.25,91.012,2.508,8399.314376,45.38906925
3199.375,90.537,2.505,8433.281421,44.97901311
3199.5,91.131,2.5,8361.58936,45.49901688
3199.625,92.201,2.493,8241.411698,46.40353845
3199.75,93.645,2.483,8081.781195,47.56635921
3199.875,95.987,2.475,7859.189265,49.32224863
3200,97.955,2.473,7695.068144,50.68669605
3200.125,98.747,2.475,7639.523226,51.21139038
3200.25,99.072,2.483,7639.074612,51.42460857
3200.375,98.771,2.493,7693.213595,51.23414801
3200.5,97.632,2.498,7798.574238,50.48437538
3200.625,96.014,2.502,7942.691691,49.3634298
3200.75,93.58,2.508,8168.822398,47.54499318
3200.875,88.589,2.517,8660.009708,43.24522095
3201,83.5,2.526,9220.656287,37.89204718
3201.375,82.174,2.533,9395.40974,36.31295681
3201.5,83.972,2.525,9165.197923,38.45285945
3201.625,84.078,2.518,9128.26661,38.57771674
3201.75,82.949,2.514,9237.811185,37.26530616
3203,81.861,2.562,9539.31176,35.97563156
3203.125,83.498,2.563,9355.94146,37.9561709
3203.25,84.734,2.565,9226.662261,39.36496939
3203.375,86.308,2.565,9058.395514,41.05723934
3203.5,88.098,2.56,8857.045563,42.85469501
3203.625,89.558,2.551,8682.025056,44.22972604
3203.75,90.893,2.536,8504.206044,45.42059094
3203.875,91.539,2.525,8407.563989,45.97714826
3204,90.093,2.522,8532.356565,44.72412236
3204.125,87.947,2.523,8744.020831,42.72729919
3204.25,85.561,2.525,8994.986033,40.29649166
3204.375,82.618,2.525,9315.403423,36.95000568
3205.5,82.588,2.556,9433.196106,36.94910085
3205.625,83.858,2.552,9275.794796,38.4508676
3205.75,84.879,2.548,9149.853321,39.60258021
3205.875,85.144,2.545,9110.636099,39.89652288
3206,84.106,2.543,9215.827646,38.74584998
3206.125,83.01,2.54,9326.490784,37.47534498
3206.25,82.103,2.533,9403.534585,36.37923495
3208.25,83.305,2.493,9121.498109,37.8907167
3208.375,86.874,2.49,8736.238691,41.79139146
3208.5,90.944,2.488,8338.564391,45.60669038
3208.625,93.647,2.486,8091.372922,47.82943872
3208.75,95.878,2.487,7906.272555,49.50275452
3208.875,97.556,2.492,7785.903481,50.67535696
3209,97.487,2.497,7807.047093,50.63229095
3209.125,96.669,2.503,7892.027434,50.07355449
3209.25,95.706,2.515,8009.654567,49.39344864
3209.375,94.286,2.527,8169.077063,48.34386641
3209.5,92.985,2.533,8303.042426,47.33264624
3209.625,92.246,2.535,8376.168072,46.73739459
3209.75,91.558,2.526,8409.148299,46.16820835
3209.875,90.908,2.511,8418.981828,45.61667392
3210,91.113,2.501,8366.586546,45.79702488
3210.125,91.928,2.493,8265.886346,46.48932306
3210.25,93.03,2.492,8164.69526,47.39075838
3210.375,94.023,2.5,8104.399987,48.17207685
3210.5,93.116,2.509,8212.801237,47.46664651
3210.625,91.059,2.516,8421.757322,45.76930892
3210.75,88.587,2.515,8653.323851,43.54236916
3210.875,86.259,2.501,8837.394359,41.2366812
3211,86.169,2.485,8790.028897,41.1468244
3211.125,87.247,2.471,8632.512293,42.25082137
3211.25,88.549,2.46,8467.718438,43.52151612
3211.375,89.61,2.467,8391.268832,44.51047341
3211.5,89.213,2.482,8479.858317,44.15041807
3211.625,88.066,2.5,8652.601458,43.07058212
3211.75,86.545,2.527,8899.758507,41.55901664
3211.875,84.321,2.545,9199.558829,39.1718768
3212,82.929,2.551,9376.030098,37.5633837
3212.125,82.735,2.552,9401.699402,37.33502402
3212.25,82.882,2.55,9377.669458,37.51513974
3212.375,83.157,2.547,9335.66146,37.84573322
3212.5,82.92,2.546,9358.668596,37.56836239
3212.625,82.218,2.545,9434.868277,36.72237913
3213.5,83.714,2.542,9255.340803,38.53107652
3213.625,84.552,2.54,9156.400795,39.48489716
3213.75,84.769,2.542,9140.15265,39.72941895
3213.875,84.293,2.546,9206.230648,39.20261662
3214,83.977,2.548,9248.132227,38.84838172
3214.125,84.386,2.547,9199.696632,39.31490249
3214.25,85.259,2.542,9087.622421,40.28040163
3214.375,86.912,2.537,8897.247791,42.0135112
3214.5,88.33,2.535,8747.515001,43.41160145
3214.625,88.932,2.535,8688.301174,43.98394998
3214.75,89.252,2.535,8657.15054,44.28450056
3214.875,89.191,2.534,8659.654001,44.23199048
3215,88.726,2.531,8694.732097,43.80226727
3215.125,88.455,2.528,8711.032729,43.5497282
3215.25,88.485,2.523,8690.856077,43.58202894
3215.375,89.059,2.521,8627.99717,44.12484465
3215.5,89.54,2.522,8585.052491,44.57103032
3215.625,89.332,2.524,8611.865849,44.38451325
3215.75,88.732,2.528,8683.838976,43.83061943
3215.875,87.748,2.532,8795.113279,42.89075168
3216,87.398,2.534,8837.309778,42.54990932
3216.125,87.606,2.536,8823.286076,42.75912061
3216.25,87.684,2.54,8829.341727,42.83951349
3216.375,86.596,2.545,8957.873343,41.75318293
3216.5,84.101,2.554,9256.2419,39.0674131
3216.625,81.947,2.566,9544.178554,36.5140533
3217.25,85.126,2.562,9173.432324,40.22901588
3217.375,89.147,2.539,8681.023478,44.26682427
3217.5,92.048,2.53,8377.629063,46.80813201
3217.625,92.929,2.524,8278.526617,47.5282603
3217.75,93.106,2.521,8252.967585,47.67303686
3217.875,92.693,2.522,8293.027521,47.34609245
3218,92.267,2.523,8334.620178,47.00331068
3218.125,92.199,2.525,8347.379039,46.95119737
3218.25,92.326,2.525,8335.896714,47.0590548
3218.375,92.722,2.525,8300.295507,47.38429263
3218.5,93.083,2.525,8268.10481,47.67693941
3218.625,93.212,2.525,8256.662232,47.78293685
3218.75,93.27,2.525,8251.527822,47.83246467
3218.875,93.319,2.528,8256.993753,47.87480083
3219,93.251,2.53,8269.552069,47.82484926
3219.125,92.953,2.531,8299.342679,47.59183785
3219.25,92.302,2.532,8361.179606,47.0691075
3219.375,90.577,2.531,8517.049582,45.61317469
3219.5,88.37,2.531,8729.758968,43.60152615
3219.625,86.908,2.532,8880.121508,42.17019266
3219.75,85.703,2.535,9015.64706,40.9260552
3219.875,84.631,2.538,9140.650589,39.76692622
3220,84.261,2.541,9191.640261,39.35733064
3220.125,84.378,2.544,9189.731921,39.49265706
3220.25,84.72,2.546,9159.830028,39.87709197
3220.375,85.835,2.544,9033.741481,41.08502921
3220.5,87.684,2.539,8825.865608,42.96902174
3220.625,89.305,2.533,8645.18672,44.5106128
3220.75,90.93,2.524,8460.52128,45.9609141
3220.875,92.667,2.518,8282.197546,47.41402542
3221,93.259,2.516,8223.086244,47.89027246
3221.125,92.942,2.517,8254.412429,47.64224975
3221.25,92.335,2.521,8321.88011,47.15549128
3221.375,91.451,2.526,8418.987217,46.42443254
3221.5,90.929,2.528,8474.022589,45.98248905
3221.625,90.893,2.529,8480.73229,45.95516267
3221.75,91.069,2.53,8467.689334,46.11036982
3221.875,91.549,2.531,8426.621809,46.52202416
3222,92.003,2.532,8388.352554,46.90473592
3222.125,92.163,2.534,8380.404284,47.04046015
3222.25,92.15,2.536,8388.201845,47.03348021
3222.375,91.71,2.536,8428.446189,46.67207333
3222.5,90.797,2.536,8513.197573,45.89830632
3222.625,89.935,2.535,8591.404904,45.14246661
3222.75,88.852,2.534,8692.693468,44.15505609
3222.875,87.061,2.533,8868.016678,42.42377855
3223,85.638,2.532,9011.812513,40.95731824
3223.125,85.284,2.531,9045.645139,40.58200362
3223.25,85.516,2.53,9017.540577,40.83498469
3223.375,86.742,2.529,8886.573978,42.11682495
3223.5,88.225,2.528,8733.742137,43.58441538
3223.625,88.968,2.528,8660.803885,44.28971457
3223.75,89.401,2.527,8615.447255,44.69293382
3223.875,89.807,2.524,8566.316657,45.06512585
3224,90.206,2.521,8518.289249,45.42531321
3224.125,90.546,2.518,8476.20436,45.72845582
3224.25,90.938,2.514,8426.259649,46.07252474
3224.375,91.451,2.512,8372.326164,46.51394034
3224.5,91.761,2.511,8340.719914,46.77800789
3224.625,91.804,2.51,8333.493094,46.81759942
3224.75,91.687,2.509,8340.802949,46.72359301
3224.875,91.154,2.507,8382.886105,46.27654369
3225,90.397,2.506,8449.714039,45.62399794
3225.125,89.91,2.505,8492.092092,45.19528252
3225.25,89.475,2.504,8529.9715,44.80577141
3225.375,88.776,2.504,8597.134361,44.1634094
3225.5,88.049,2.503,8664.65718,43.47603386
3225.625,87.7,2.503,8699.13797,43.1408959
3225.75,87.616,2.503,8707.478086,43.06242306
3225.875,88.106,2.503,8659.051597,43.54235034
3226,88.958,2.505,8582.971739,44.35226843
3226.125,89.477,2.506,8536.593762,44.83399203
3226.25,89.805,2.508,8512.203107,45.13483853
3226.375,89.989,2.509,8498.185334,45.30359473
3226.5,90.07,2.508,8487.158876,45.37961208
3226.625,90.213,2.508,8473.705563,45.51037887
3226.75,90.264,2.508,8468.917841,45.55925983
3226.875,90.151,2.509,8482.914222,45.46291291
3227,90.01,2.51,8499.588935,45.34114992
3227.125,89.921,2.511,8511.39111,45.26532791
3227.25,90.01,2.511,8502.975225,45.34866997
3227.375,90.262,2.51,8475.859166,45.57626551
3227.5,90.413,2.508,8454.961123,45.71309622
3227.625,90.43,2.506,8446.630543,45.73178094
3227.75,90.093,2.504,8471.459492,45.43767084
3227.875,89.548,2.503,8519.614062,44.95140008
3228,89.186,2.504,8557.612181,44.62387735
3228.125,88.846,2.506,8597.22216,44.31218864
3228.25,88.375,2.511,8660.28628,43.87192682
3228.375,87.989,2.517,8719.06261,43.5055955
3228.5,87.886,2.519,8736.217373,43.40967473
3228.625,87.951,2.522,8740.157588,43.47646143
3228.75,88.195,2.524,8722.889053,43.71523008
3228.875,88.332,2.523,8705.909523,43.8499587
3229,88.364,2.519,8688.959305,43.88423456
3229.125,88.528,2.514,8655.647931,44.04362663
3229.25,89.274,2.507,8559.419316,44.74260669
3229.375,90.272,2.504,8454.661468,45.64518007
3229.5,90.792,2.504,8406.238435,46.10361013
3229.625,91.025,2.506,8391.417742,46.30813777
3229.75,90.828,2.51,8423.041353,46.14223827
3229.875,90.199,2.514,8495.295957,45.59564008
3230,89.434,2.516,8574.779167,44.91171062
3230.125,88.348,2.52,8693.982886,43.90317146
3230.25,86.353,2.527,8919.546513,41.92955815
3230.375,84.635,2.534,9125.813198,40.0977626
3230.5,84.09,2.538,9199.457724,39.49169326
3230.625,84.145,2.541,9204.311605,39.55777683
3230.75,85.305,2.543,9086.295059,40.84065754
3230.875,87.141,2.541,8887.85761,42.74868873
3231,88.473,2.537,8740.266522,44.04846987
3231.125,89.527,2.532,8620.3447,45.03035188
3231.25,89.682,2.524,8578.256506,45.17457588
3231.375,88.506,2.518,8671.574808,44.09109486
3231.5,87.13,2.515,8798.025938,42.75682309
3231.625,85.738,2.512,8930.201311,41.32965356
3231.75,84.607,2.507,9031.564764,40.10952876
3231.875,84.982,2.501,8970.191335,40.52556253
3232,86.215,2.497,8827.76315,41.84067737
3232.125,87.894,2.494,8648.726876,43.5278478
3232.25,90.501,2.493,8396.221036,45.9328086
3232.375,92.505,2.493,8214.327874,47.6241622
3232.5,93.052,2.493,8166.040493,48.06658644
3232.625,93.177,2.493,8155.085482,48.16927659
3232.75,92.831,2.495,8192.047915,47.89783552
3232.875,92.226,2.498,8255.702297,47.41173738
3233,91.933,2.501,8291.960449,47.17418126
3233.125,91.875,2.503,8303.830204,47.12982459
3233.25,92.163,2.504,8281.188763,47.37123837
3233.375,92.424,2.505,8261.101013,47.58812378
3233.5,92.374,2.505,8265.572564,47.55116408
3233.625,92.208,2.506,8283.758459,47.41929413
3233.75,92.142,2.508,8296.307873,47.36886797
3233.875,92.504,2.509,8267.136556,47.66788695
3234,92.912,2.51,8234.114,47.99960391
3234.125,93.157,2.511,8215.730434,48.19785678
3234.25,92.926,2.511,8236.153498,48.01817656
3234.375,92.336,2.511,8288.780107,47.54620411
3234.5,91.969,2.512,8325.170438,47.24863203
3234.625,91.693,2.512,8350.22957,47.022991
3234.75,91.529,2.514,8371.851544,46.8892851
3234.875,91.76,2.515,8354.097646,47.08634394
3235,92.248,2.514,8306.599601,47.49292415
3235.125,92.918,2.512,8240.142922,48.03772322
3235.25,93.86,2.511,8154.19561,48.77944624
3235.375,94.11,2.51,8129.295505,48.97466825
3235.5,93.646,2.512,8176.084403,48.6214442
3235.625,92.886,2.515,8252.826045,48.02700853
3235.75,91.811,2.519,8362.736491,47.15487419
3235.875,91.169,2.522,8431.655497,46.61820286
3236,91.005,2.522,8446.850173,46.48175384
3236.125,90.96,2.521,8447.6781,46.44687552
3236.25,90.966,2.517,8433.718092,46.45577107
3236.375,90.971,2.513,8419.85248,46.46380667
3236.5,91.017,2.511,8408.899436,46.50700681
3236.625,91.079,2.51,8399.82872,46.56381893
3236.75,91.182,2.508,8383.654669,46.65544389
3236.875,91.357,2.506,8360.922535,46.80770312
3237,91.5,2.505,8344.52459,46.93206064
3237.125,91.514,2.504,8339.91739,46.94756596
3237.25,90.876,2.504,8398.468242,46.4083048
3237.375,89.702,2.505,8511.783461,45.37728362
3237.5,88.958,2.507,8589.824412,44.7003783
3237.625,88.551,2.508,8632.74723,44.32330726
3237.75,88.71,2.507,8613.83835,44.47661272
3237.875,89.156,2.505,8563.910449,44.89481154
3238,89.363,2.503,8537.251435,45.08847174
3238.125,89.644,2.502,8507.090268,45.34755063
3238.25,90.424,2.502,8433.707865,46.0454955
3238.375,91.116,2.504,8376.346635,46.6477847
3238.5,90.962,2.508,8403.931312,46.51970486
3238.625,90.148,2.515,8503.483161,45.81354573
3238.75,88.21,2.53,8742.13808,44.03368067
3238.875,86.652,2.545,8952.084199,42.50091121
3239,86.428,2.552,8999.972231,42.2758191
3239.125,86.822,2.552,8959.130174,42.68094942
3239.25,87.793,2.541,8821.8514,43.64698794
3239.375,88.393,2.524,8703.349813,44.22697202
3239.5,88.24,2.516,8690.80689,44.08515127
3239.625,87.72,2.512,8728.426813,43.58738312
3239.75,87.001,2.514,8807.567729,42.88031565
3239.875,87.208,2.521,8811.12742,43.09090857
3240,88.229,2.523,8716.072947,44.08985617
3240.125,89.818,2.522,8558.480483,45.56451087
3240.25,92.701,2.512,8259.431937,48.01602358
3240.375,95.346,2.497,7982.354792,50.04239745
3240.5,96.585,2.487,7848.39882,50.92772766
3240.625,97.29,2.478,7763.33025,51.41560961
3240.75,97.297,2.468,7731.444957,51.42398473
3240.875,96.436,2.46,7775.187689,50.83471952
3241,95.502,2.455,7835.270466,50.17390962
3241.125,94.46,2.452,7912.02202,49.40894821
3241.25,92.827,2.453,8054.492766,48.14663878
3241.375,91.106,2.461,8233.40724,46.72901741
3241.5,89.856,2.471,8381.864316,45.64000836
3241.625,88.444,2.484,8560.481208,44.34367037
3241.75,86.016,2.509,8890.708705,41.93408926
3242.5,84.227,2.54,9191.731867,40.02069448
3242.625,84.891,2.533,9094.702619,40.76002435
3242.75,85.383,2.525,9013.738098,41.29597281
3242.875,85.591,2.522,8981.149887,41.52156588
3243,85.731,2.521,8962.928229,41.67360561
3243.125,85.916,2.522,8947.176312,41.87197023
3243.25,86.099,2.525,8938.779777,42.06678618
3243.375,85.833,2.529,8980.68575,41.79260876
3243.5,85.062,2.532,9072.836284,40.97333272
3243.625,83.785,2.535,9222.032583,39.55499538
3247.125,86.245,2.542,8983.727752,42.33748063
3247.25,91.224,2.55,8520.126283,47.00521226
3247.375,94.804,2.557,8220.893633,49.84953335
3247.5,96.017,2.559,8123.386484,50.73289796
3247.625,96.067,2.557,8112.812933,50.77197774
3247.75,93.021,2.546,8342.425904,48.49372668
3247.875,86.422,2.528,8915.951957,42.54269329
3252.875,83.809,2.483,9030.275985,39.87208219
3253,85.747,2.481,8819.070055,41.99956449
3253.125,87.459,2.484,8656.892944,43.74440919
3253.25,89.023,2.487,8515.075879,45.23763914
3253.375,88.842,2.487,8532.423854,45.07374294
3253.5,87.325,2.485,8673.667335,43.6239113
3253.625,85.013,2.483,8902.384341,41.23460564
3255.5,84.641,2.537,9135.969566,40.88639811
3255.625,86.096,2.536,8978.033823,42.44532653
3255.75,88.313,2.53,8731.94207,44.64901462
3255.875,90.154,2.522,8526.583402,46.33798424
3256,90.864,2.516,8439.830956,46.95999144
3256.125,90.952,2.509,8408.206527,47.0391923
3256.25,90.765,2.502,8402.022806,46.88230187
3256.375,91.387,2.5,8338.16626,47.41591578
3256.5,93.012,2.502,8199.045284,48.74599493
3256.625,95.443,2.505,7999.790451,50.58880274
3256.75,98.955,2.511,7734.351978,52.97672053
3256.875,100.926,2.515,7595.386719,54.1935309
3257,100.866,2.517,7605.948486,54.16139538
3257.125,99.92,2.519,7684.059247,53.59195828
3257.25,97.72,2.524,7872.648383,52.18688443
3257.375,95.01,2.53,8116.4509,50.29525541
3257.5,93.139,2.534,8292.586349,48.87589354
3257.625,91.402,2.536,8456.847771,47.46592076
3257.75,89.785,2.536,8609.152977,46.06645687
3257.875,89.524,2.534,8627.44292,45.83537963
3258,89.94,2.534,8587.538359,46.2123405
3258.125,90.439,2.534,8540.156348,46.65584448
3258.25,90.869,2.538,8513.160704,47.03176982
3258.375,90.785,2.543,8537.82453,46.9633031
3258.5,90.546,2.546,8570.459214,46.76030246
3258.625,90.446,2.549,8590.044889,46.67698557
3258.75,90.764,2.55,8563.307038,46.95646737
3258.875,91.037,2.549,8534.279469,47.1942367
3259,90.629,2.548,8569.336526,46.84733746
3259.125,89.576,2.548,8670.072341,45.920128
3259.25,87.292,2.553,8914.383907,43.76738784
3259.375,85.373,2.56,9139.751444,41.80047627
3259.5,84.943,2.563,9196.783726,41.34122545
3259.625,85.231,2.564,9169.283477,41.65619635
3259.75,86.447,2.56,9026.201025,42.93383405
3259.875,87.658,2.553,8877.163522,44.14534948
3260,88.199,2.55,8812.344811,44.67003545
3260.125,88.553,2.548,8770.232516,45.00865348
3260.25,88.911,2.546,8728.062894,45.34630788
3260.375,89.296,2.542,8676.778355,45.70391336
3260.5,89.556,2.538,8637.974005,45.94362618
3260.625,89.73,2.533,8604.239385,46.1039572
3260.75,89.874,2.526,8566.713399,46.23648823
3260.875,90.02,2.519,8529.117974,46.37006629
3261,90.197,2.517,8505.622138,46.53021448
3261.125,90.459,2.516,8477.617484,46.76348928
3261.25,90.998,2.518,8434.101848,47.23215163
3261.375,91.548,2.521,8393.419845,47.70044833
3261.5,91.755,2.522,8377.806114,47.87650226
3261.625,91.776,2.522,8375.889121,47.89763956
3261.75,91.495,2.521,8398.281873,47.66731983
3261.875,91.135,2.519,8424.767652,47.36751116
3262,91.11,2.518,8423.733948,47.35002078
3262.125,91.302,2.518,8406.019583,47.51632651
3262.25,91.536,2.519,8387.860514,47.71657308
3262.375,91.109,2.52,8430.517292,47.36040697
3262.5,90.273,2.521,8511.967033,46.64218291
3262.625,89.201,2.523,8621.096176,45.6852461
3262.75,87.766,2.527,8775.945127,44.33804564
3262.875,87.062,2.531,8860.912913,43.65036853
3263,87.078,2.532,8862.785089,43.67013671
3263.125,87.011,2.532,8869.60959,43.60718452
3263.25,86.45,2.53,8920.115674,43.04468547
3263.375,85.858,2.529,8978.070768,42.43680367
3263.5,85.836,2.529,8980.371872,42.41765055
3263.625,86.182,2.53,8947.85454,42.78113772
3263.75,87.075,2.532,8863.090439,43.69015901
3263.875,87.857,2.532,8784.2016,44.46036707
3264,88.164,2.53,8746.699333,44.75856399
3264.125,88.413,2.528,8715.170846,44.99851068
3264.25,89.038,2.524,8640.301894,45.58487551
3264.375,89.609,2.522,8578.441898,46.10851061
3264.5,89.772,2.522,8562.865927,46.25856362
3264.625,89.815,2.523,8562.159996,46.30076986
3264.75,89.888,2.526,8565.379138,46.36963963
3264.875,90.079,2.529,8557.368532,46.54285625
3265,90.241,2.53,8545.384027,46.68935569
3265.125,90.355,2.53,8534.602402,46.79302202
3265.25,90.459,2.529,8521.420754,46.88753639
3265.375,90.59,2.528,8505.733525,47.00508826
3265.5,90.695,2.527,8492.525498,47.09963555
3265.625,90.788,2.525,8477.111513,47.18349602
3265.75,90.88,2.52,8451.760563,47.26620926
3265.875,91.02,2.515,8422.017139,47.38957912
3266,91.222,2.512,8393.343711,47.56478546
3266.125,91.497,2.51,8361.454474,47.79981961
3266.25,91.868,2.51,8327.687552,48.111753
3266.375,92.02,2.511,8317.244077,48.24049594
3266.5,91.94,2.512,8327.796389,48.17851989
3266.625,91.775,2.512,8342.768728,48.04610439
3266.75,91.471,2.51,8363.83116,47.79675091
3266.875,91.24,2.507,8374.984656,47.60620472
3267,91.218,2.507,8377.004539,47.59135565
3267.125,91.318,2.507,8367.831096,47.67948419
3267.25,91.557,2.508,8349.316819,47.88359541
3267.375,91.608,2.509,8347.995808,47.92985169
3267.5,91.376,2.51,8372.526703,47.7395022
3267.625,90.94,2.511,8416.019353,47.37380165
3267.75,90.013,2.512,8506.078011,46.57113684
3267.875,89.049,2.514,8605.006233,45.70491139
3268,88.455,2.516,8669.68289,45.15601531
3268.125,87.976,2.519,8727.280167,44.70459056
3268.25,87.98,2.525,8747.669925,44.71224273
3268.375,88.744,2.531,8692.968539,45.4379243
3268.5,89.498,2.534,8629.949273,46.13311138
3268.625,90.203,2.535,8565.879184,46.76514688
3268.75,91.142,2.533,8470.939852,47.57944793
3268.875,91.919,2.531,8392.70227,48.23211391
3269,92.187,2.529,8361.690911,48.45523797
3269.125,92.162,2.528,8360.651896,48.43859226
3269.25,91.579,2.526,8407.219996,47.9617418
3269.375,90.796,2.524,8473.007621,47.30296183
3269.5,90.524,2.522,8491.732579,47.07186332
3269.625,90.464,2.52,8490.626105,47.023485
3269.75,90.179,2.52,8517.459719,46.77793785
3269.875,89.172,2.521,8617.063652,45.87836005
3270,88.094,2.523,8729.429927,44.87472367
3270.125,86.972,2.525,8849.054868,43.78315934
3270.25,85.866,2.529,8977.234295,42.65776359
3270.375,85.761,2.533,9002.441669,42.55176737
3270.5,86.38,2.535,8944.987266,43.196564
3270.625,87.383,2.535,8842.314867,44.20544199
3270.75,89.171,2.534,8661.596259,45.90396335
3270.875,90.753,2.532,8503.89078,47.31105047
3271,91.403,2.532,8443.416518,47.86692389
3271.125,91.618,2.531,8420.275492,48.0502763
3271.25,91.038,2.533,8480.616885,47.56608433
3271.375,89.768,2.534,8603.992514,46.46259645
3271.5,88.796,2.535,8701.608181,45.58118236
3271.625,88.044,2.536,8779.392122,44.87652613
3271.75,87.547,2.539,8839.676974,44.40038398
3271.875,87.479,2.541,8853.516844,44.33779964
3272,87.494,2.541,8851.998994,44.35629139
3272.125,87.434,2.542,8861.559576,44.30140917
3272.25,87.283,2.542,8876.890116,44.15686396
3272.375,87.292,2.542,8875.974889,44.16956444
3272.5,87.537,2.542,8851.132664,44.41358482
3272.625,87.977,2.542,8806.865431,44.84290081
3272.75,88.797,2.539,8715.24038,45.62008095
3272.875,89.442,2.536,8642.168109,46.21484711
3273,89.594,2.533,8617.300266,46.35573158
3273.125,89.565,2.53,8609.881092,46.33341721
3273.25,89.459,2.529,8616.675796,46.24156956
3273.375,89.521,2.531,8617.517677,46.30133234
3273.5,89.739,2.533,8603.376458,46.50086895
3273.625,90.076,2.535,8577.956392,46.80399601
3273.75,90.678,2.536,8524.369748,47.33284802
3273.875,91.262,2.534,8463.141286,47.83444689
3274,91.576,2.532,8427.465712,48.10128242
3274.125,91.753,2.53,8404.564428,48.25193376
3274.25,91.599,2.527,8408.711886,48.12790544
3274.375,91.02,2.523,8448.806856,47.64450453
3274.5,90.446,2.521,8495.685824,47.15450896
3274.625,89.816,2.52,8551.883851,46.60359074
3274.75,89.03,2.52,8627.384028,45.89597318
3274.875,88.639,2.521,8668.879387,45.5376284
3275,88.652,2.521,8667.608176,45.55355966
3275.125,88.743,2.521,8658.720124,45.64209461
3275.25,88.737,2.52,8655.870719,45.64031622
3275.375,88.478,2.519,8677.763964,45.40210149
3275.5,88.27,2.519,8698.212303,45.2097497
3275.625,88.186,2.52,8709.953961,45.13388473
3275.75,88.399,2.522,8695.863075,45.33920856
3275.875,88.737,2.523,8666.175327,45.65931213
3276,88.829,2.522,8653.768477,45.74847367
3276.125,88.673,2.521,8665.555468,45.60734675
3276.25,87.855,2.522,8749.708042,44.83642467
3276.375,86.69,2.526,8881.356558,43.69233788
3276.5,86.04,2.529,8959.079498,43.03192619
3276.625,85.768,2.533,9001.70693,42.75258224
3276.75,86.219,2.535,8961.690579,43.22432112
3276.875,87.099,2.532,8860.648228,44.11681403
3277,87.487,2.528,8807.415959,44.50255852
3277.125,87.489,2.523,8789.795289,44.50834007
3277.25,86.914,2.517,8826.904756,43.94413546
3277.375,86.203,2.512,8882.029628,43.22716653
3277.5,85.859,2.511,8914.066085,42.8747582
3277.625,85.695,2.511,8931.125503,42.70701648
3277.75,85.833,2.516,8934.521687,42.85536543
3277.875,86.343,2.526,8917.049442,43.38616762
3278,86.83,2.534,8895.119198,43.88311406
3278.125,87.307,2.541,8870.958801,44.36061844
3278.25,87.86,2.549,8842.877305,44.90235124
3278.375,88.368,2.552,8802.390005,45.38995177
3278.5,88.808,2.551,8755.346365,45.80497556
3278.625,89.329,2.549,8697.457713,46.28654998
3278.75,90.019,2.544,8613.861518,46.90825924
3278.875,90.356,2.538,8561.494533,47.20784052
3279,90.294,2.534,8553.870689,47.15747445
3279.125,90.12,2.531,8560.23968,47.0086319
3279.25,89.979,2.528,8563.491481,46.88798049
3279.375,90.172,2.526,8538.402165,47.06188431
3279.5,90.53,2.525,8501.270297,47.37787243
3279.625,91.033,2.524,8450.948557,47.81306651
3279.75,92.019,2.524,8360.395136,48.63872121
3279.875,93.129,2.525,8264.020874,49.53156842
3280,93.925,2.526,8197.229705,50.15038368
3280.125,94.736,2.526,8127.05624,50.76227563
3280.25,95.768,2.526,8039.47874,51.51400164
3280.375,96.347,2.527,7994.328832,51.92513132
3280.5,96.333,2.528,7998.654667,51.91903185
3280.625,96.045,2.53,8028.986413,51.72098695
3280.75,95.273,2.533,8103.643215,51.17341999
3280.875,94.349,2.534,8186.236208,50.49645329
3281,93.676,2.533,8241.795124,49.98952744
3281.125,92.917,2.532,8305.838544,49.40175643
3281.25,91.583,2.532,8426.821572,48.32397735
3281.375,90.214,2.533,8558.07746,47.15902668
3281.5,89.417,2.535,8641.175615,46.45334677
3281.625,88.783,2.536,8706.315398,45.87678141
3281.75,88.266,2.535,8753.857658,45.39649062
3281.875,88.276,2.53,8735.601976,45.4097594
3282,88.637,2.526,8686.268714,45.75248107
3282.125,89.147,2.522,8622.899256,46.22691108
3282.25,89.661,2.52,8566.667782,46.69557035
3282.375,89.503,2.523,8592.006972,46.5574511
3282.5,88.948,2.526,8655.897828,46.05578548
3282.625,88.255,2.529,8734.226956,45.41276443
3282.75,87.379,2.531,8828.766637,44.57310273
3282.875,86.814,2.532,8889.736678,44.01703369
3283,86.59,2.531,8909.213535,43.7953565
3283.125,86.457,2.531,8922.918908,43.66433785
3283.25,86.538,2.531,8914.567011,43.75041581
3283.375,86.886,2.53,8875.353912,44.10447001
3283.5,87.107,2.529,8849.337022,44.32817045
3283.625,87.184,2.528,8838.025326,44.40815132
3283.75,87.007,2.526,8848.998356,44.23661286
3283.875,86.73,2.523,8866.717399,43.96348365
3284,86.666,2.521,8866.231279,43.90289903
3284.125,86.757,2.519,8849.904907,43.99831207
3284.25,87.029,2.516,8811.738616,44.27384265
3284.375,87.245,2.514,8782.935412,44.49131913
3284.5,87.328,2.514,8774.587761,44.57675307
3284.625,87.4,2.515,8770.846682,44.65114961
3284.75,87.388,2.517,8779.026869,44.64323579
3284.875,87.151,2.518,8806.398091,44.41392845
3285,86.837,2.518,8838.241763,44.10545008
3285.125,86.464,2.518,8876.369356,43.73313033
3285.25,86.081,2.518,8915.862966,43.34478839
3285.375,86.099,2.518,8913.999001,43.36722162
3285.5,86.345,2.52,8895.662748,43.62349552
3285.625,86.66,2.521,8866.845142,43.94690113
3285.75,87.173,2.523,8821.658082,44.46252804
3285.875,87.796,2.526,8769.474691,45.07386272
3286,88.357,2.528,8720.694455,45.61194764
3286.125,88.989,2.531,8669.035499,46.2035732
3286.25,89.724,2.533,8604.814765,46.87284733
3286.375,89.788,2.534,8602.076001,46.93367193
3286.5,89.728,2.533,8604.43117,46.88397634
3286.625,89.747,2.531,8595.81713,46.90470268
3286.75,89.693,2.528,8590.797498,46.8602864
3286.875,89.486,2.527,8607.263706,46.67837725
3287,88.821,2.528,8675.137636,46.07534433
3287.125,87.946,2.529,8764.914834,45.25608402
3287.25,87.325,2.532,8837.716576,44.65816253
3287.375,86.776,2.534,8900.654559,44.11742186
3287.5,86.358,2.535,8947.266032,43.69849137
3287.625,86.476,2.535,8935.057126,43.82242052
3287.75,86.763,2.534,8901.988175,44.11592492
3287.875,86.987,2.535,8882.56866,44.34351623
3288,87.084,2.536,8876.174728,44.44362124
3288.125,87.131,2.537,8874.884943,44.49396832
3288.25,87.315,2.537,8856.182786,44.67902951
3288.375,87.652,2.537,8822.13298,45.01132406
3288.5,88.097,2.536,8774.110356,45.44214924
3288.625,88.061,2.536,8777.697278,45.41170364
3288.75,87.704,2.535,8809.951656,45.07309112
3288.875,87.308,2.534,8846.419572,44.69133621
3289,87.079,2.533,8866.18358,44.46939477
3289.125,87.391,2.532,8831.042098,44.78032615
3289.25,87.904,2.53,8772.570076,45.28081365
3289.375,88.622,2.53,8701.496242,45.96293617
3289.5,90.726,2.531,8503.061967,47.84763281
3289.625,94.536,2.533,8166.81899,50.89398226
3289.75,98.054,2.535,7880.025292,53.34975573
3289.875,101.427,2.536,7620.976663,55.43190144
3290,104.029,2.538,7436.218747,56.88101922
3290.125,103.542,2.538,7471.194298,56.62364451
3290.25,101.901,2.538,7591.509406,55.71560553
3290.375,100.046,2.535,7723.127361,54.62487936
3290.5,97.143,2.531,7941.373027,52.76630492
3290.625,93.439,2.528,8246.389623,50.0918936
3290.75,90.434,2.526,8513.665214,47.63336469
3290.875,87.677,2.529,8791.806289,45.1120508
3291,85.345,2.534,9049.89396,42.7523914
3291.125,85.682,2.539,9032.086086,43.11180058
3291.25,88.145,2.544,8796.995859,45.57170825
3291.375,92.474,2.548,8398.364946,49.35395124
3291.5,101.829,2.549,7629.802905,55.71012017
3291.625,111.476,2.551,6974.997309,60.43586333
3291.75,115.692,2.55,6718.182761,62.08743048
3291.875,116.933,2.549,6644.276637,62.5369167
3292,113.298,2.548,6854.758248,61.18480992
3292.125,106.539,2.549,7292.495706,58.22010428
3292.25,101.529,2.553,7664.355997,55.55892346
3292.375,97.097,2.557,8026.752629,52.78983581
3292.5,94.032,2.557,8288.386932,50.60104719
3292.625,96.362,2.556,8084.813516,52.29352872
3292.75,101.073,2.55,7689.887507,55.30742702
3292.875,106.668,2.543,7266.531668,58.30404993
3293,112.737,2.538,6861.832406,60.98937759
3293.125,113.781,2.534,6788.156195,61.40459214
3293.25,111.216,2.529,6931.009927,60.37193154
3293.375,107.461,2.526,7164.690446,58.69887845
3293.5,103.173,2.524,7456.555494,56.51895273
3293.625,102.635,2.524,7495.641838,56.22573283
3293.75,105.105,2.525,7322.391894,57.54838901
3293.875,109.106,2.53,7067.842282,59.47212566
3294,115.018,2.536,6720.450712,61.89962802
3294.125,117.867,2.543,6576.110362,62.92298995
3294.25,117.092,2.551,6640.460493,62.65751798
3294.375,114.776,2.554,6782.421412,61.81914598
3294.5,109.905,2.55,7071.925754,59.84401679
3294.625,104.977,2.543,7383.583071,57.50738296
3294.75,102.327,2.532,7542.032895,56.08543585
3294.875,100.339,2.521,7658.04722,54.93172339
3295,98.502,2.515,7782.298837,53.79225504
3295.125,97.662,2.509,7830.509308,53.24790626
3295.25,97.467,2.498,7811.776294,53.12196387
3295.375,97.11,2.488,7809.107198,52.88601825
3295.5,96.034,2.483,7880.733907,52.14859855
3295.625,94.793,2.48,7974.259703,51.26067731
3295.75,94.095,2.478,8026.934481,50.74469172
3295.875,93.557,2.479,8076.351315,50.33854594
3296,93.081,2.481,8124.201502,49.9727094
3296.125,92.845,2.486,8161.266627,49.7907445
3296.25,92.799,2.496,8198.157308,49.7580792
3296.375,92.853,2.505,8222.933023,49.80450142
3296.5,93.187,2.51,8209.814674,50.07042008
3296.625,93.659,2.513,8178.20391,50.43909668
3296.75,93.875,2.516,8169.127031,50.60767625
3296.875,93.84,2.52,8185.16624,50.58474947
3297,93.105,2.522,8256.32995,50.0212046
3297.125,91.768,2.525,8386.583559,48.95194976
3297.25,90.763,2.532,8502.953847,48.11242287
3297.375,89.995,2.541,8605.998111,47.44941885
3297.5,89.758,2.549,8655.888055,47.24339547
3297.625,90.319,2.555,8622.371815,47.74066947
3297.75,90.851,2.558,8581.946264,48.20260124
3297.875,91.176,2.553,8534.640695,48.48165619
3298,91.039,2.545,8520.69992,48.36978181
3298.125,90.599,2.538,8538.53133,47.99804146
3298.25,90.505,2.532,8527.192973,47.92075802
3298.375,90.772,2.532,8502.110783,48.15395943
3298.5,91.75,2.534,8418.12752,48.97826848
3298.625,92.941,2.537,8320.091241,49.94080113
3298.75,93.666,2.536,8252.437384,50.5074063
3298.875,94.28,2.528,8172.829868,50.97601938
3299,94.986,2.519,8083.203841,51.50133805
3299.125,95.344,2.508,8017.687531,51.76437196
3299.25,95.256,2.494,7980.297304,51.70460999
3299.375,94.944,2.488,7987.259858,51.48172432
3299.5,94.237,2.489,8050.417564,50.96226717
3299.625,93.431,2.493,8132.915199,50.35257781
3299.75,92.901,2.501,8205.560758,49.94275339
3299.875,92.478,2.509,8269.460845,49.61045978
3300,92.269,2.513,8301.405673,49.44617546
3300.125,92.497,2.516,8290.828892,49.63311896
3300.25,92.47,2.519,8303.138315,49.61523119
3300.375,91.705,2.519,8372.402813,48.99730062
3300.5,88.75,2.519,8651.168451,46.42033773
3300.625,85.25,2.519,9006.348387,42.9506796
3301.125,86.106,2.529,8952.212389,43.8615361
3301.25,86.84,2.535,8897.60479,44.60864923
3301.375,87.167,2.537,8871.219613,44.93658467
3301.5,86.579,2.539,8938.509338,44.35459889
3303.25,86.71,2.535,8910.944528,44.5402619
3303.375,88.408,2.531,8726.006696,46.18965627
3303.5,89.509,2.526,8601.646762,47.20267772
3303.625,89.015,2.527,8652.80683,46.75906397
3303.75,88.096,2.53,8753.450781,45.90705481
3303.875,87.423,2.536,8841.755602,45.2640655
3304,87.683,2.544,8843.347057,45.51983786
3304.125,88.74,2.551,8762.055443,46.52143788
3304.25,89.292,2.553,8714.715764,47.02996736
3304.375,89.143,2.553,8729.282165,46.89860203
3304.5,87.188,2.552,8921.52131,45.05329007
3307,94.633,2.537,8171.331354,51.47812338
3307.125,96.758,2.53,7969.821617,52.98972303
3307.25,96.366,2.523,7980.100865,52.72393685
3307.375,95.172,2.517,8061.001135,51.88282584
3307.5,93.632,2.513,8180.562201,50.74065355
3307.625,92.925,2.515,8249.362389,50.19588629
3307.75,92.48,2.52,8305.536332,49.84683605
3307.875,91.614,2.527,8407.335123,49.14677434
3308,89.594,2.535,8624.104293,47.41511851
3308.125,87.597,2.538,8831.151752,45.56326522
3308.25,87,2.536,8884.744828,44.98316238
3308.375,87.118,2.532,8858.715765,45.10353628
3308.5,87.825,2.528,8773.520068,45.79410886
3308.625,88.26,2.526,8723.371856,46.21092889
3308.75,88.348,2.525,8711.232852,46.29742822
3308.875,88.575,2.525,8688.907705,46.51319473
3309.5,86.442,2.529,8917.415145,44.46315926
3309.625,84.896,2.529,9079.80588,42.85190667
3309.75,84.767,2.528,9090.027959,42.71635931
3309.875,85.256,2.528,9037.890588,43.2449611
3310,86.291,2.527,8925.955198,44.32531209
3310.125,86.981,2.526,8851.643462,45.0220666
3310.25,87.003,2.526,8849.405193,45.04769065
3310.375,86.669,2.527,8887.025349,44.71886261
3310.5,85.833,2.533,8994.890077,43.87007471
3310.625,85.193,2.541,9091.084948,43.20131293
3310.75,85.093,2.546,9119.678469,43.09850578
3310.875,85.271,2.55,9114.939428,43.29202043
3311,86.086,2.55,9028.645773,44.14665462
3311.125,87.383,2.547,8884.171979,45.44766799
3311.25,88.476,2.545,8767.530178,46.49343555
3311.375,89.649,2.544,8649.41271,47.56642579
3311.5,91.535,2.544,8471.198995,49.19006102
3311.625,93.585,2.544,8285.635519,50.82695359
3311.75,95.061,2.54,8144.160066,51.93117753
3311.875,96.482,2.535,8008.416078,52.93929128
3312,97.825,2.525,7867.314081,53.84577806
3312.125,97.811,2.518,7846.626658,53.84022275
3312.25,96.919,2.518,7918.84357,53.24882676
3312.375,95.708,2.522,8031.779997,52.41333745
3312.5,94.221,2.533,8194.122329,51.33443968
3312.625,93.691,2.542,8269.754832,50.93765878
3312.75,94.083,2.545,8245.017697,51.23831749
3312.875,94.851,2.543,8171.83161,51.81139984
3313,96.03,2.538,8055.632615,52.65839549
3313.125,96.569,2.534,7998.044921,53.03565115
3313.25,96.386,2.534,8013.230137,52.91328632
3313.375,95.991,2.537,8055.730225,52.64206897
3313.5,95.653,2.545,8109.688144,52.40736661
3313.625,95.904,2.551,8107.532533,52.58832435
3313.75,96.362,2.552,8072.161225,52.91132683
3313.875,96.799,2.551,8032.570584,53.21475886
3314,97.022,2.546,7998.400363,53.36956252
3314.125,96.783,2.541,8002.405381,53.2111674
3314.25,96.46,2.54,8026.041883,52.99359195
3314.375,96.066,2.54,8058.959465,52.72386524
3314.5,95.423,2.541,8116.458296,52.27286191
3314.625,94.849,2.543,8172.003922,51.86151339
3314.75,94.59,2.543,8194.379956,51.67504168
3314.875,94.503,2.542,8198.698454,51.61444762
3315,94.867,2.538,8154.388776,51.88571319
3315.125,95.67,2.532,8066.829727,52.46712946
3315.25,96.308,2.528,8000.730988,52.91785418
3315.375,96.874,2.525,7944.546524,53.3095203
3315.5,97.449,2.523,7891.41397,53.69929589
3315.625,97.591,2.524,7883.05479,53.79706634
3315.75,97.313,2.527,7914.971278,53.61597277
3315.875,96.83,2.529,7960.747702,53.29424097
3316,96.033,2.533,8039.511418,52.74841303
3316.125,95.486,2.535,8091.950652,52.36563123
3316.25,95.409,2.535,8098.481275,52.31428282
3316.375,95.486,2.534,8088.758561,52.37297738
3316.5,95.628,2.532,8070.372694,52.4777074
3316.625,95.58,2.53,8068.047709,52.44727758
3316.75,95.474,2.528,8070.620274,52.37543305
3316.875,95.473,2.527,8067.512281,52.37839264
3317,95.795,2.527,8040.394593,52.610557
3317.125,96.292,2.529,8005.225772,52.96165568
3317.25,96.515,2.532,7996.203699,53.1191705
3317.375,96.503,2.536,8009.831819,53.11457863
3317.5,95.903,2.54,8072.656747,52.70125711
3317.625,94.834,2.541,8166.868423,51.93898157
3317.75,94.165,2.54,8221.653481,51.44775694
3317.875,93.979,2.541,8241.168772,51.31166261
3318,95.211,2.542,8137.731985,52.22357628
3318.125,97.743,2.545,7936.281882,53.96999758
3318.25,99.433,2.546,7804.459284,55.05166607
3318.375,100.317,2.547,7738.724244,55.59405419
3318.5,99.788,2.546,7776.694593,55.27725126
3318.625,98.542,2.543,7865.746585,54.50224042
3318.75,98.024,2.541,7901.09361,54.17192467
3318.875,97.841,2.538,7906.525894,54.05610159
3319,97.302,2.535,7940.926189,53.70332646
3319.125,95.922,2.533,8048.814662,52.76225729
3319.25,94.643,2.534,8160.806399,51.84687984
3319.375,93.614,2.534,8250.509539,51.07899934
3319.5,93.264,2.533,8278.203809,50.81345314
3319.625,93.957,2.527,8197.681918,51.34688083
3319.75,94.638,2.522,8122.589235,51.85795667
3319.875,95.186,2.516,8056.613368,52.2607372
3320,95.518,2.512,8015.846228,52.50230998
3320.125,95.433,2.512,8022.98576,52.44535388
3320.25,95.251,2.514,8044.715541,52.31857624
3320.375,95.091,2.515,8061.45692,52.20685089
3320.5,94.649,2.516,8102.323321,51.88817983
3320.625,93.672,2.514,8180.322829,51.16034766
3320.75,92.905,2.512,8241.295947,50.57079096
3320.875,92.54,2.509,8263.920467,50.28612928
3321,93.468,2.502,8159.044807,51.0153467
3321.125,95.694,2.494,7943.770769,52.6602845
3321.25,97.44,2.488,7782.660099,53.86076521
3321.375,98.82,2.484,7661.639344,54.75854892
3321.5,99.537,2.485,7609.512041,55.20971573
3321.625,99.061,2.492,7667.614904,54.91747935
3321.75,98.28,2.499,7750.25641,54.42477766
3321.875,97.352,2.507,7849.182349,53.82044652
3322,96.119,2.516,7978.410096,52.98427515
3322.125,95.374,2.523,8063.103152,52.46197332
3322.25,95.232,2.527,8087.928427,52.36376245
3322.375,94.962,2.53,8120.553485,52.17224364
3322.5,94.076,2.532,8203.512054,51.52155762
3322.625,93.03,2.533,8299.026121,50.72443573
3322.75,91.712,2.534,8421.615492,49.67314079
3322.875,89.568,2.534,8623.204716,47.84282612
3323,87.831,2.535,8797.212829,46.244024
3323.125,87.329,2.537,8854.763023,45.76376777
3323.25,87.474,2.539,8847.053982,45.90843207
3323.375,88.846,2.54,8713.86444,47.20521204
3323.5,90.83,2.54,8523.527469,48.95953375
3323.625,92.082,2.54,8407.636672,50.00082513
3323.75,92.983,2.539,8322.88913,50.72119445
3323.875,93.438,2.538,8279.09844,51.07765475
3324,93.048,2.536,8307.247872,50.77939578
3324.125,92.36,2.537,8372.429623,50.23948815
3324.25,91.55,2.54,8456.493719,49.58476885
3324.375,90.671,2.544,8551.92068,48.85053569
3324.5,90.525,2.549,8582.548467,48.7292923
3324.625,90.896,2.551,8554.224608,49.04934588
3324.75,91.396,2.549,8500.757145,49.47227345
3324.875,91.898,2.547,8447.687654,49.88885993
3325,91.985,2.543,8426.443442,49.96334712
3325.125,91.925,2.541,8425.311939,49.91832434
3325.25,91.951,2.541,8422.929604,49.94321003
3325.375,92.153,2.542,8407.774028,50.11050882
3325.5,92.194,2.543,8407.341042,50.14728956
3325.625,92.001,2.542,8421.664982,49.99503351
3325.75,91.76,2.54,8437.140366,49.80237491
3325.875,91.607,2.537,8441.250123,49.68049857
3326,91.7,2.531,8412.745911,49.76069066
3326.125,91.71,2.527,8398.534511,49.77264055
3326.25,91.435,2.528,8427.127468,49.54965301
3326.375,90.242,2.531,8548.666918,48.54160923
3326.5,88.482,2.54,8749.711806,46.96440956
3326.625,87.332,2.551,8903.320661,45.87429188
3326.75,86.535,2.559,9013.49974,45.08992327
3326.875,86.477,2.565,9040.692901,45.03543205
3327,87.868,2.569,8911.448992,46.40188811
3327.125,89.682,2.565,8717.602194,48.0730521
3327.25,91.744,2.557,8495.090687,49.83422012
3327.375,94.114,2.548,8252.017766,51.69434358
3327.5,94.956,2.536,8140.326046,52.31892928
3327.625,94.488,2.531,8164.516129,51.97991284
3327.75,93.565,2.533,8251.572703,51.29004759
3327.875,92.062,2.537,8399.530751,50.11176818
3328,90.842,2.544,8535.822637,49.10522592
3328.125,90.119,2.547,8614.449783,48.48753297
3328.25,89.387,2.547,8684.994462,47.84410287
3328.375,88.522,2.546,8766.417388,47.05880042
3328.5,88.245,2.544,8787.027027,46.80418277
3328.625,88.69,2.543,8739.501635,47.22179342
3328.75,89.844,2.543,8627.247229,48.26547463
3328.875,92.664,2.544,8367.987568,50.62307656
3329,95.573,2.545,8116.476411,52.80589655
3329.125,96.8,2.544,8010.446281,53.66090992
3329.25,97.195,2.543,7974.755903,53.93065991
3329.375,96.574,2.541,8019.723735,53.51425406
3329.5,95.555,2.539,8098.866621,52.80781798
3329.625,94.999,2.538,8143.058348,52.41274788
3329.75,94.576,2.538,8179.478938,52.10756267
3329.875,93.862,2.538,8241.699516,51.57880725
3330,93.062,2.54,8319.099095,50.9688576
3330.125,92.548,2.543,8375.182608,50.5684701
3330.25,92.133,2.545,8419.523949,50.24015655
3330.375,91.918,2.547,8445.849562,50.06980867
3330.5,92.171,2.545,8416.052771,50.27825403
3330.625,92.57,2.538,8356.728962,50.60084724
3330.75,93.01,2.531,8294.256532,50.95065699
3330.875,93.366,2.524,8239.778935,51.23021676
3331,93.208,2.518,8234.125826,51.11196677
3331.125,92.806,2.518,8269.792901,50.80209196
3331.25,92.279,2.521,8326.930287,50.38745397
3331.375,91.315,2.526,8431.526036,49.60391541
3331.5,90.143,2.533,8564.818122,48.61049824
3331.625,89.264,2.541,8676.474279,47.83609999
3331.75,88.403,2.545,8774.770087,47.05122784
3331.875,87.48,2.549,8881.289438,46.17919885
3332,87.266,2.553,8917.039855,45.97532919
3332.125,87.819,2.553,8860.888874,46.5122927
3332.25,88.846,2.55,8748.170993,47.47559036
3332.375,90.635,2.546,8562.043361,49.0609935
3332.5,91.821,2.54,8431.53527,50.05446578
3332.625,91.796,2.535,8417.229509,50.03780967
3332.75,91.137,2.533,8471.404589,49.49669946
3332.875,89.485,2.533,8627.796837,48.07221912
3333,87.951,2.538,8795.606645,46.66462523
3333.125,87.439,2.546,8874.996283,46.17796066
3333.25,87.457,2.551,8890.595378,46.19921701
3333.375,88.942,2.554,8752.436419,47.59756554
3333.5,92.173,2.549,8429.097458,50.36957838
3333.625,95.149,2.539,8133.424419,52.63894249
3333.75,98.06,2.535,7879.543137,54.6311114
3333.875,100.338,2.536,7703.689529,56.05259365
3334,99.812,2.548,7780.932152,55.73883649
3334.375,96.288,2.575,8151.171486,53.46407504
3334.5,95.768,2.564,8160.421017,53.10527172
3334.625,95.259,2.547,8149.629956,52.74741988
3334.75,94.583,2.537,8175.651016,52.26039668
3334.875,93.52,2.53,8245.765612,51.4671872
3335,92.658,2.526,8309.318138,50.80102741
3335.125,92.202,2.528,8357.024793,50.44149431
3335.25,92.192,2.531,8367.849705,50.43719578
3335.375,94.768,2.534,8150.042208,52.41435145
3335.5,99.995,2.537,7733.162658,55.89314299
3335.625,103.845,2.538,7449.394771,58.07701461
3335.75,106.8,2.536,7237.573034,59.57163144
3335.875,109.637,2.533,7041.951166,60.87689679
3336,112.163,2.529,6872.490928,61.94412438
3336.125,114.005,2.529,6761.450814,62.67196055
3336.25,115.573,2.532,6677.628858,63.26051511
3336.375,116.028,2.537,6664.577516,63.42856763
3336.5,114.135,2.543,6791.136812,62.73184634
3336.625,111.747,2.547,6947.171736,61.79199018
3336.75,108.97,2.548,7127.011104,60.60587901
3336.875,104.276,2.547,7444.911581,58.33918769
3337,97.183,2.548,7991.422368,54.14874212
3337.125,97.52,2.55,7970.057424,54.37618704
3337.25,98.099,2.552,7929.230675,54.7580669
3337.375,97.952,2.552,7941.13035,54.66641324
3337.5,97.101,2.551,8007.587975,54.10846982
3337.625,94.812,2.549,8194.481711,52.5128363
3337.75,92.923,2.55,8364.344672,51.09121033
3337.875,92.811,2.551,8377.722468,51.00722261
3338,93.755,2.556,8309.62402,51.73879198
3338.125,96.401,2.56,8094.189894,53.65175938
3338.25,98.545,2.561,7921.181186,55.0731423
3338.375,98.988,2.561,7885.731604,55.35640095
3338.5,99.017,2.557,7871.109001,55.37817227
3338.625,99.464,2.552,7820.413416,55.65924593
3338.75,100.908,2.55,7702.461648,56.52998306
3338.875,102.7,2.548,7562.126582,57.55103641
3339,105.295,2.546,7369.968185,58.92230878
3339.125,110.435,2.545,7024.186173,61.3124214
3339.25,114.765,2.545,6759.168736,63.04476142
3339.375,115.34,2.545,6725.472516,63.26088816
3339.5,113.453,2.544,6834.646946,62.55208087
3339.625,107.052,2.542,7237.619101,59.80095089
3339.75,100.115,2.539,7729.98252,56.08801819
3339.875,96.878,2.538,7985.119429,54.02785278
3340.625,102.833,2.546,7546.417979,57.67396929
3340.75,109.898,2.545,7058.508799,61.1263849
3340.875,114.502,2.545,6774.693892,62.99082015
3341,117.639,2.545,6594.037692,64.11958551
3341.125,116.451,2.548,6669.160419,63.70928815
3341.25,108.951,2.552,7139.444337,60.7229105
3341.375,101.422,2.556,7681.457672,56.90351167
3341.5,94.14,2.561,8291.829191,52.13197833
3341.625,86.776,2.566,9013.054301,45.7901049
3343.25,86.837,2.545,8933.012426,45.90072374
3343.375,87.874,2.54,8810.251041,46.90962127
3343.5,88.275,2.534,8749.512319,47.29106518
3343.625,88.089,2.531,8757.606512,47.12049135
3343.75,87.48,2.532,8822.057613,46.54420306
3343.875,86.779,2.536,8907.371599,45.8625669
3344.5,88.57,2.579,8875.230891,47.59559084
3344.625,93.464,2.573,8390.935547,51.71403817
3344.75,96.497,2.56,8086.137393,53.91158306
3344.875,96.513,2.542,8027.950639,53.92618166
3345,95.116,2.512,8049.724547,52.95038251
3345.125,91.666,2.488,8272.886348,50.30636946
3345.25,88.433,2.48,8547.759321,47.49170096
3345.375,86.863,2.482,8709.273223,45.99203316
3345.5,86.589,2.497,8789.633787,45.72366812
3346.125,89.505,2.55,8683.760684,48.49241145
3346.25,93.799,2.546,8273.231058,52.01684534
3346.375,96.394,2.54,8031.537233,53.88862438
3346.5,98.157,2.531,7859.335554,55.0643265
3346.625,98.976,2.523,7769.665373,55.58777441
3346.75,98.909,2.519,7762.601988,55.54943594
3346.875,99.236,2.515,7724.736991,55.7568979
3347,100.387,2.513,7630.09553,56.45962536
3347.125,103.237,2.514,7422.408633,58.07879521
3347.25,105.935,2.516,7239.125879,59.47428421
3347.375,106.92,2.519,7180.987654,59.95567219
3347.5,107.076,2.524,7184.758489,60.03345703
3347.625,106.225,2.528,7253.795246,59.62715132
3347.75,105.15,2.532,7339.549215,59.09628519
3347.875,104.74,2.537,7382.829864,58.89093175
3348,104.637,2.543,7407.574758,58.84154441
3348.125,104.623,2.548,7423.132581,58.8378767
3348.25,104.08,2.551,7470.645657,58.55924186
3348.375,102.937,2.554,7562.481906,57.95169154
3348.5,101.068,2.561,7723.441643,56.90328757
3348.625,97.975,2.568,7989.042103,55.00855409
3348.75,95.949,2.572,8170.440547,53.65052176
3348.875,95.696,2.576,8204.781809,53.47702298
3349,95.987,2.577,8183.083126,53.68433152
3349.125,96.428,2.573,8133.015307,53.99250598
3349.25,96.461,2.564,8101.794508,54.01875809
3349.375,96.602,2.552,8052.106582,54.11863351
3349.5,97.166,2.527,7926.945639,54.50226736
3349.625,98.55,2.499,7729.022831,55.40633268
3349.75,99.242,2.482,7622.917716,55.84379111
3349.875,98.494,2.468,7637.484517,55.37801307
3350,96.767,2.458,7742.29231,54.24888471
3350.125,92.992,2.463,8072.978321,51.51375358
3350.25,89.109,2.477,8472.652594,48.26300834
3350.375,87.183,2.497,8729.747772,46.46024417
3350.5,86.178,2.532,8955.343591,45.46469382
3350.625,86.906,2.558,8971.51405,46.19653057
3350.75,89.695,2.566,8719.736886,48.80115358
3350.875,92.44,2.563,8450.913025,51.10245867
3351,95.43,2.543,8122.250865,53.35153102
3351.125,99.141,2.514,7729.064665,55.82093168
3351.25,100.712,2.494,7547.97045,56.77419201
3351.375,99.77,2.479,7573.410845,56.21466521
3351.5,97.496,2.472,7728.169361,54.77934932
3351.625,93.02,2.482,8132.805848,51.58021168
3351.75,89.257,2.495,8520.071255,48.44186727
3351.875,88.001,2.509,8690.164884,47.29042974
3352,87.701,2.524,8772.023124,47.00972361
3352.125,88.13,2.532,8756.990809,47.41940312
3352.25,88.657,2.534,8711.812942,47.912401
3352.375,88.825,2.534,8695.335773,48.07002432
3352.5,88.832,2.534,8694.650576,48.08022427
3352.625,88.559,2.536,8728.337041,47.83366574
3352.75,88.099,2.538,8780.830656,47.40946059
3352.875,87.859,2.54,8811.755199,47.18685745
3353,87.852,2.542,8819.396257,47.18405701
3353.125,88.562,2.542,8748.691312,47.85171076
3353.25,89.906,2.541,8614.517385,49.06231367
3353.375,90.897,2.539,8513.891548,49.91626948
3353.5,91.656,2.537,8436.737366,50.54955098
3353.625,92.057,2.536,8396.675972,50.87858106
3353.75,91.88,2.538,8419.486286,50.73936516
3353.875,91.604,2.541,8454.836033,50.51826463
3354,91.319,2.544,8491.236216,50.28734173
3354.125,90.938,2.545,8530.163408,49.97335133
3354.25,90.61,2.543,8554.314093,49.69982082
3354.375,90.457,2.539,8555.30473,49.57304346
3354.5,90.405,2.532,8536.625187,49.53227564
3354.625,90.631,2.527,8498.522581,49.72900236
3354.75,91.461,2.526,8418.066717,50.42712841
3354.875,92.418,2.527,8334.194637,51.20457223
3355,93.328,2.53,8262.729299,51.91841808
3355.125,93.551,2.535,8259.323791,52.09247426
3355.25,92.082,2.538,8401.016485,50.94736868
3355.375,90.248,2.541,8581.872174,49.42371349
3355.5,88.48,2.548,8777.468354,47.84861199
3355.625,87.324,2.557,8925.079016,46.75891578
3355.75,87.73,2.563,8904.620996,47.15256264
3355.875,88.499,2.568,8844.466039,47.87763459
3356,89.249,2.568,8770.141962,48.56403385
3356.125,90.075,2.557,8652.496253,49.29670134
3356.25,90.186,2.545,8601.290666,49.39665616
3356.375,89.501,2.531,8619.443358,48.80029957
3356.5,88.288,2.516,8686.081914,47.70106174
3356.625,86.273,2.511,8871.289975,45.75080073
3356.875,86.34,2.52,8896.177901,45.82610307
3357,87.948,2.528,8761.249829,47.39761822
3357.125,90.509,2.533,8530.183739,49.70059418
3357.25,91.861,2.534,8407.955498,50.82892548
3357.375,91.688,2.534,8423.819911,50.69201082
3357.5,90.939,2.536,8499.904331,50.07592338
3357.625,89.514,2.539,8645.431999,48.84982854
3357.75,88.528,2.543,8755.494307,47.96172487
3357.875,88.3,2.546,8788.457531,47.75432812
3358,88.34,2.549,8794.82907,47.79534792
3358.125,88.546,2.547,8767.483568,47.98978276
3358.25,88.573,2.544,8754.487259,48.0184711
3358.375,88.767,2.54,8721.619521,48.20018486
3358.5,89.238,2.536,8661.924292,48.63027118
3358.625,90.043,2.535,8581.100141,49.34464654
3358.75,90.172,2.537,8575.584439,49.46024114
3358.875,89.451,2.539,8651.520944,48.83187198
3359,88.225,2.542,8782.109379,47.71888866
3359.125,86.356,2.545,8982.769003,45.91194129
3359.375,86.237,2.55,9012.836717,45.79972386
3359.5,87.695,2.554,8876.89378,47.2344407
3359.625,90.484,2.557,8613.385792,49.75480352
3359.75,92.957,2.556,8380.958938,51.77348197
3359.875,94.025,2.554,8279.278915,52.59071017
3360,94.722,2.545,8189.396339,53.10811307
3360.125,95.659,2.535,8077.316301,53.78186395
3360.25,97.067,2.528,7938.170542,54.7502328
3360.375,98.459,2.522,7807.367534,55.66063332
3360.5,100.058,2.514,7658.230226,56.65196273
3360.625,102.679,2.506,7438.997263,58.16000959
3360.75,105.238,2.499,7237.834242,59.50819961
3360.875,106.527,2.491,7127.364893,60.14672362
3361,107.141,2.476,7043.846893,60.44335802
3361.125,106.21,2.459,7056.804444,60.00010333
3361.625,94.812,2.461,7911.580813,53.22148871
3361.75,92.528,2.474,8149.697389,51.49718199
3361.875,91.833,2.487,8254.522884,50.94497156
3362,91.76,2.505,8320.880558,50.88947181
3362.125,93.251,2.518,8230.328897,52.07140571
3362.25,96.55,2.523,7964.892802,54.46031933
3362.375,99.473,2.524,7733.909704,56.35126871
3362.5,102.214,2.515,7499.677148,57.95652853
3362.625,104.605,2.498,7278.71899,59.23940724
3362.75,104.755,2.483,7224.651807,59.31982038
3362.875,103.658,2.469,7259.943275,58.75216118
3363,102.12,2.458,7336.451234,57.91838088
3363.125,99.588,2.457,7519.918062,56.44326702
3363.25,97.064,2.463,7734.30314,54.83591336
3363.375,95.722,2.473,7874.578467,53.92168623
3363.5,95.026,2.488,7980.367478,53.43134111
3363.625,95.508,2.503,7987.963312,53.7784868
3363.75,96.772,2.513,7915.124209,54.65461022
3363.875,97.466,2.521,7883.783063,55.12054714
3364,97.861,2.531,7883.107673,55.38219557
3364.125,98.507,2.534,7840.693555,55.80000229
3364.25,100.121,2.53,7702.120434,56.79790036
3364.375,101.995,2.519,7527.733712,57.88773222
3364.5,103.975,2.493,7308.164463,58.96554931
3364.625,105.837,2.464,7096.074152,59.91598405
3365.125,100.567,2.458,7449.743952,57.08805145
3365.25,98.655,2.473,7640.468299,55.92620707
3365.375,97.86,2.489,7752.372777,55.42159545
3365.5,97.38,2.507,7846.925447,55.11131984
3365.625,97.172,2.517,7895.08912,54.97725229
3365.75,97.432,2.519,7880.277527,55.15288506
3365.875,97.904,2.519,7842.286321,55.46466349
3366,98.553,2.514,7775.178838,55.8835769
3366.125,99.649,2.507,7668.251563,56.56714478
3366.25,100.532,2.502,7585.739864,57.09980416
3366.375,100.697,2.497,7558.175517,57.2004652
3366.5,100.354,2.49,7562.747873,57.00166943
3366.625,98.7,2.487,7680.218845,55.99445034
3366.75,96.145,2.487,7884.316397,54.31493168
3366.875,94.196,2.491,8060.393223,52.92543035
3367,92.394,2.506,8267.082278,51.54818771
3367.125,90.468,2.526,8510.465579,49.96789155
3367.25,89.491,2.539,8647.653954,49.12205259
3367.375,89.386,2.549,8691.911485,49.0326056
3367.5,89.533,2.555,8698.066635,49.16684679
3367.625,89.943,2.553,8651.639372,49.53051109
3367.75,90.419,2.551,8599.351906,49.94494796
3367.875,90.796,2.549,8556.932023,50.26863004
3368,91.239,2.55,8518.725545,50.64240689
3368.125,91.901,2.552,8463.994951,51.18749616
3368.25,92.261,2.554,8437.576007,51.47993026
3368.375,92.074,2.554,8454.712514,51.33421473
3368.5,91.501,2.552,8500.995618,50.87332601
3368.625,90.219,2.549,8611.658298,49.79983022
3368.75,89.175,2.548,8709.059714,48.88595239
3368.875,89.037,2.548,8722.558038,48.76563557
3369,89.436,2.549,8687.052194,49.12649411
3369.125,90.764,2.55,8563.307038,50.27939593
3369.25,92.116,2.548,8431.004386,51.39409671
3369.375,92.576,2.545,8379.234359,51.76294437
3369.5,92.547,2.541,8368.686181,51.74385184
3369.625,91.747,2.539,8435.013679,51.10782851
3369.75,90.662,2.54,8539.321877,50.21210007
3369.875,90.074,2.542,8601.834048,49.71248424
3370,89.737,2.545,8644.327312,49.42254929
3370.125,89.692,2.546,8652.062614,49.38683278
3370.25,89.907,2.547,8634.762588,49.57878574
3370.375,90.263,2.548,8604.083622,49.89068103
3370.5,91.066,2.55,8534.908748,50.57401536
3370.625,93.239,2.552,8342.534776,52.31536739
3370.75,95.732,2.552,8125.283082,54.14565255
3370.875,96.916,2.551,8022.873416,54.95992671
3371,97.32,2.549,7983.304562,55.2323084
3371.125,96.455,2.547,8048.578093,54.65578222
3371.25,94.956,2.545,8169.215215,53.60980815
3371.375,94.468,2.543,8204.962527,53.25913846
3371.5,95.157,2.54,8135.943756,53.76129945
3371.625,99,2.533,7798.569697,56.32711785
3371.75,105.205,2.523,7309.637375,59.80267448
3371.875,110.025,2.505,6939.550102,62.04728804
3372,114.259,2.462,6567.689197,63.75429814
3374.75,92.045,2.504,8291.805095,51.50207992
3374.875,90.18,2.53,8551.164338,49.95556796
3375.875,89.722,2.538,8621.992376,49.58786036
3376,93.11,2.511,8219.877564,52.3764165
3376.125,97.273,2.494,7814.822201,55.35097083
3376.25,98.871,2.494,7688.515338,56.38087301
3376.375,98.186,2.5,7760.780559,55.95175119
3376.5,96.972,2.518,7914.51553,55.16197075
3376.625,96.53,2.533,7998.11872,54.86804418
3376.75,99.514,2.536,7767.477943,56.79212298
3376.875,104.187,2.531,7404.463129,59.42769232
3377,110.454,2.511,6929.154218,62.37285053
3378.625,106.335,2.456,7039.909719,60.55389338
3378.75,106.497,2.476,7086.441872,60.63553908
3378.875,106.848,2.499,7128.773585,60.80690289
3379,106.644,2.528,7225.295375,60.71310714
3379.125,104.019,2.547,7463.305742,59.40410082
3379.25,99.419,2.551,7820.887356,56.80642875
3379.375,96.267,2.551,8076.960952,54.76943178
3379.5,94.012,2.545,8251.244522,53.16332411
3379.625,92.842,2.536,8325.680188,52.2772431
3379.75,92.761,2.528,8306.663361,52.21791797
3379.875,92.475,2.521,8309.281427,51.99745883
3380,91.815,2.514,8345.773566,51.47447251
3380.125,90.866,2.51,8419.518852,50.69724223
3380.25,90.561,2.509,8444.509226,50.44391284
3380.375,90.784,2.509,8423.766302,50.6359658
3380.5,91.3,2.507,8369.480832,51.0692251
3380.625,92.798,2.499,8208.099312,52.27288585
3380.75,94.996,2.489,7986.096257,53.91915626
3380.875,96.76,2.476,7799.553535,55.147972
3381.625,97.829,2.468,7689.400893,55.8750212
3381.75,95.581,2.473,7886.194955,54.36369869
3381.875,94.18,2.478,8019.689955,53.35837489
3382,92.938,2.488,8159.659128,52.4226317
3382.125,91.763,2.504,8317.286924,51.49624674
3382.25,91.709,2.516,8362.066973,51.45625151
3382.375,92.349,2.527,8340.421661,51.97278215
3382.5,93.149,2.535,8294.968277,52.60024131
3382.625,93.834,2.531,8221.420807,53.1233071
3382.75,93.635,2.524,8216.107225,52.9775214
3382.875,93.054,2.517,8244.4774,52.53834427
3383,92.377,2.51,8281.801747,52.01364776
3383.125,91.44,2.508,8360,51.26329429
3383.25,90.554,2.51,8448.52795,50.52871456
3383.375,90.188,2.514,8496.332106,50.22005711
3383.5,90.18,2.518,8510.605456,50.2169674
3383.625,90.62,2.521,8479.373207,50.59592685
3383.75,90.895,2.521,8453.719126,50.83096302
3383.875,90.66,2.521,8475.632032,50.63727534
3384,90.168,2.52,8518.498802,50.22180326
3384.125,89.57,2.52,8575.371218,49.70512545
3384.25,89.667,2.521,8569.493794,49.79417611
3384.375,90.219,2.522,8520.440262,50.27699969
3384.5,90.876,2.521,8455.486597,50.83770971
3384.625,91.746,2.518,8365.339088,51.55760192
3384.75,92.302,2.514,8301.739941,52.00669688
3384.875,92.336,2.51,8285.47912,52.03737003
3385,92.095,2.505,8290.612954,51.84949357
3385.125,91.382,2.504,8351.964282,51.27594197
3385.25,90.66,2.505,8421.839841,50.67884403
3385.375,90.432,2.507,8449.814225,50.48938261
3385.5,90.636,2.509,8437.521515,50.66614175
3385.625,92.235,2.506,8281.33355,51.97975338
3385.75,94.954,2.502,8031.358342,54.03676232
3387.5,93.171,2.49,8145.796439,52.76623718
3387.625,90.158,2.512,8492.397791,50.32311065
3388.875,89.695,2.561,8702.745972,49.95933926
3389,90.547,2.558,8610.759053,50.69673728
3389.125,89.349,2.556,8719.390256,49.66201202
3390.125,93.021,2.534,8303.10575,52.72928815
3390.25,96.79,2.527,7957.739436,55.44276742
3390.375,98.854,2.517,7760.754244,56.7801682
3390.5,100.36,2.499,7589.629334,57.6971241
3390.625,101.246,2.483,7475.04494,58.21600361
3390.75,101.111,2.477,7466.938315,58.14210424
3390.875,100.754,2.475,7487.345416,57.93902677
3391,100.323,2.48,7534.70291,57.68968142
3391.125,99.288,2.487,7634.735315,57.07008957
3391.25,97.672,2.494,7782.897862,56.05398315
3391.375,96.401,2.501,7907.644112,55.21314015
3391.5,95.326,2.511,8028.793823,54.47152831
3391.625,94.766,2.519,8101.969061,54.07519755
3391.75,95.273,2.52,8062.053257,54.44139917
3391.875,95.772,2.517,8010.499937,54.79532998
3392,95.971,2.507,7962.130227,54.93690875
3392.125,95.476,2.496,7968.293603,54.59571617
3392.25,94.434,2.492,8043.306436,53.85263423
3392.375,93.739,2.491,8099.689564,53.34201171
3392.5,93.338,2.495,8147.549765,53.04285915
3392.625,93.612,2.499,8136.726061,53.25401959
3392.75,94.526,2.499,8058.049637,53.93454237
3392.875,95.225,2.498,7995.698609,54.44058109
3393,95.876,2.495,7931.870333,54.90063224
3393.125,96.946,2.496,7847.469725,55.63124372
3393.25,97.997,2.498,7769.527639,56.32208535
3393.375,98.445,2.5,7740.362639,56.61087254
3393.5,98.541,2.502,7739.008129,56.67501951
3393.625,98.097,2.501,7770.928775,56.39705402
3393.75,97.601,2.5,7807.297056,56.08080225
3393.875,97.624,2.498,7799.213308,56.09941086
3394,98.039,2.497,7763.090199,56.37086476
3394.125,99.164,2.495,7668.871768,57.08086846
3394.25,100.429,2.492,7563.170001,57.84596017
3394.375,101.332,2.488,7483.740576,58.37291569
3394.5,102.227,2.478,7388.404238,58.87934786
3394.625,103.273,2.466,7278.154019,59.45139996
3395.5,94.946,2.48,7961.409643,54.31923816
3395.625,93.15,2.498,8173.809984,52.99253003
3395.75,92.394,2.508,8273.680109,52.4089502
3395.875,92.803,2.515,8260.207105,52.73250326
3396,94.044,2.52,8167.410999,53.67702214
3396.125,97.502,2.516,7865.241739,56.08564114
3396.25,101.962,2.505,7488.319178,58.78222459
3396.375,104.898,2.489,7232.23703,60.3451912
3397.25,96.172,2.467,7818.716466,55.22947998
3397.375,94.93,2.479,7959.540714,54.36321704
3397.5,94.275,2.493,8060.105012,53.89187786
3397.625,94.356,2.504,8088.719318,53.954956
3397.75,95.273,2.509,8026.861755,54.61850895
3397.875,96.246,2.512,7955.214762,55.29844219
3398,97.317,2.513,7870.797497,56.01930994
3398.125,98.802,2.51,7743.244064,56.97280978
3398.25,99.964,2.507,7644.087872,57.6855549
3398.375,100.484,2.503,7592.396799,57.99724657
3398.5,100.806,2.498,7553.026606,58.18883794
3398.625,100.79,2.495,7545.153289,58.18314647
3398.75,100.136,2.493,7588.343852,57.80251957
3398.875,99.209,2.491,7653.104053,57.24624423
3399,97.92,2.492,7756.960784,56.44025625
3399.125,95.54,2.499,7972.52669,54.84702434
3399.25,93.23,2.506,8192.950767,53.16183615
3399.375,92.24,2.514,8307.320035,52.39594095
3399.5,92.143,2.521,8339.220559,52.32272213
3399.625,94.679,2.52,8112.633213,54.24915651
3399.75,100.235,2.511,7635.584377,57.89011306
3399.875,105.616,2.493,7194.614452,60.80263749
3401.5,100.505,2.482,7527.124024,58.09967954
3401.625,104.394,2.494,7281.751825,60.23744948
3401.75,110.745,2.486,6842.140051,63.18322989
3401.875,115.517,2.465,6504.08165,65.03773488
3410.625,98.969,2.484,7650.104578,57.43938236
3410.75,100.414,2.487,7549.122632,58.31312357
3410.875,103.256,2.484,7332.486248,59.90581134
3411,107.323,2.465,7000.661554,61.9337025
3415.625,94.406,2.499,8068.29227,54.52539845
3415.75,94.258,2.511,8119.764901,54.4210984
3415.875,97.043,2.513,7893.02062,56.36191987
3416,101.731,2.495,7475.361493,59.21955508
3417.5,96.844,2.486,7824.261699,56.27758203
3417.625,94.591,2.513,8097.62451,54.71887162
3417.75,93.929,2.522,8183.900606,54.23834817
3417.875,94.098,2.524,8175.680673,54.36681497
3418,94.567,2.52,8122.241374,54.71264155
3418.125,95.747,2.51,7990.30779,55.55132495
3418.25,97.171,2.503,7851.256033,56.51585312
3418.375,98.071,2.498,7763.6651,57.10179638
3418.5,98.813,2.496,7699.197474,57.57161357
3418.625,99.638,2.498,7641.566471,58.0793721
3418.75,100.395,2.499,7586.983416,58.53287223
3418.875,100.985,2.498,7539.63856,58.87895954
3419,101.641,2.492,7472.984327,59.25520875
3419.125,102.472,2.486,7394.535093,59.71892752
3419.25,102.718,2.486,7376.825873,59.85622239
3419.375,102.311,2.488,7412.129683,59.63796229
3419.5,101.568,2.496,7490.359168,59.22852056
3419.625,100.585,2.501,7578.712532,58.66917211
3419.75,100.642,2.497,7562.305996,58.70594614
3419.875,101.698,2.486,7450.813192,59.31231654
3420.75,105.237,2.465,7139.428148,61.20578392
3420.875,104.17,2.473,7235.964289,60.66934872
3421,103.115,2.484,7342.512729,60.11963891
3421.125,101.512,2.494,7488.48609,59.24365794
3421.25,99.978,2.501,7624.72544,58.35882559
3421.375,99.207,2.506,7699.343796,57.89762757
3421.5,98.933,2.501,7705.263158,57.73300894
3421.625,100.213,2.481,7546.014988,58.50885714
3422.875,109.244,2.488,6941.730438,63.13162259
3423,104.943,2.515,7304.651096,61.1227233
3423.125,100.783,2.523,7630.358295,58.88499136
3423.25,99.187,2.519,7740.84507,57.93981462
3423.375,99.486,2.512,7696.134129,58.1252505
3423.5,100.468,2.497,7575.403113,58.71271926
3425,107.03,2.479,7059.695413,62.19086736
3425.125,100.482,2.516,7631.981847,58.76780036
3425.25,98.118,2.522,7834.501315,57.33214902
3425.375,99.323,2.513,7711.83311,58.08438577
3425.5,101.894,2.485,7433.489705,59.58320294
3426.5,109.171,2.473,6904.492951,63.20109178
3426.625,110.601,2.48,6834.51325,63.81498674
3426.75,111.956,2.481,6754.517846,64.37189167
3426.875,112.239,2.479,6732.055703,64.48800026
3427,111.945,2.476,6741.567734,64.37442201
3427.125,110.832,2.475,6806.517973,63.92491979
3427.25,109.57,2.478,6893.259104,63.39515931
3427.375,108.654,2.483,6965.398421,62.99794579
3427.5,107.461,2.492,7068.253599,62.46152152
3427.625,105.187,2.5,7244.241209,61.37572906
3427.75,102.964,2.503,7409.525659,60.23170621
3427.875,101.948,2.503,7483.367992,59.68134539
3428,101.505,2.5,7507.019359,59.43730675
3428.125,101.841,2.497,7473.273043,59.62905523
3428.25,102.547,2.496,7418.849893,60.02098353
3428.375,102.79,2.497,7404.276681,60.15606882
3428.5,102.662,2.5,7422.415305,60.09051
3428.625,101.753,2.506,7506.695626,59.59434466
3428.75,100.318,2.51,7626.228593,58.7764708
3428.875,99.148,2.514,7728.518982,58.07924699
3429,97.885,2.52,7846.922409,57.29313604
3429.125,95.974,2.526,8022.222685,56.03181716
3429.25,94.311,2.529,8173.375322,54.86070677
3429.375,93.551,2.532,8249.549444,54.30300635
3429.5,93.135,2.534,8292.942503,53.99262254
3429.625,93.149,2.535,8294.968277,54.00700861
3429.75,93.602,2.536,8258.079956,54.35235917
3429.875,94.005,2.537,8225.919898,54.65516057
3430,94.343,2.538,8199.679891,54.90627201
3430.125,94.642,2.538,8173.774857,55.12625478
3430.25,94.922,2.536,8143.24182,55.33032683
3430.375,95.325,2.532,8096.025177,55.61879836
3430.5,96.042,2.522,8003.848316,56.11883992
3430.625,97.715,2.51,7829.381364,57.23157882
3430.75,99.558,2.505,7669.137588,58.38246243
3430.875,100.467,2.504,7596.715339,58.92502973
3431,100.877,2.513,7593.0331,59.16618227
3431.125,100.485,2.525,7659.05359,58.94274719
3431.25,99.505,2.532,7755.927843,58.36499961
3431.375,98.862,2.535,7815.621776,57.9761713
3431.5,98.472,2.534,7843.48038,57.7373912
3431.625,98.473,2.531,7834.114935,57.74165723
3431.75,98.86,2.53,7800.364151,57.98583843
3431.875,99.191,2.53,7774.334365,58.19260193
3432,99.471,2.531,7755.514673,58.36621493
3432.125,99.665,2.531,7740.418402,58.48663246
3432.25,99.601,2.529,7739.271694,58.45181304
3432.375,99.434,2.526,7743.073798,58.35472347
3432.5,99.233,2.522,7746.471436,58.23634769
3432.625,99.015,2.517,7748.135131,58.10667862
3432.75,99.026,2.515,7741.118494,58.11706066
3432.875,99.204,2.513,7721.083827,58.22955993
3433,99.468,2.51,7691.398239,58.3933979
3433.125,99.908,2.509,7654.474116,58.66074788
3433.25,100.344,2.51,7624.252571,58.92170748
3433.375,100.642,2.512,7607.734346,59.09896453
3433.5,100.959,2.516,7595.923097,59.28531914
3433.625,101.469,2.52,7569.760222,59.57874488
3433.75,101.976,2.52,7532.125206,59.86544128
3433.875,102.263,2.519,7508.005828,60.02710941
3434,102.459,2.515,7481.743917,60.13775825
3434.125,102.426,2.512,7475.226993,60.12336261
3434.25,101.942,2.512,7510.717859,59.86096001
3434.375,101.264,2.514,7567.024806,59.48444492
3434.5,100.319,2.521,7659.573959,58.9431719
3434.625,98.527,2.53,7826.727699,57.8627683
3434.75,96.67,2.536,7995.994621,56.66784299
3434.875,95.651,2.541,8097.111374,55.9788796
3435,94.986,2.544,8163.426189,55.51645641
3435.125,94.884,2.541,8162.564816,55.44765166
3435.25,95.676,2.536,8079.066851,56.00724743
3435.375,96.845,2.531,7965.809283,56.80257868
3435.5,98.354,2.526,7828.098501,57.77993645
3435.625,100.461,2.524,7657.849315,59.05867877
3435.75,101.599,2.524,7572.074528,59.71288148
3435.875,101.537,2.524,7576.698149,59.68168539
3436,101.083,2.522,7604.69713,59.42826114
3436.125,100.332,2.52,7655.543595,58.99773826
3436.25,99.903,2.52,7688.417765,58.74822205
3436.375,99.756,2.521,7702.802839,58.66422835
3436.5,99.47,2.525,7737.207198,58.49609671
3436.625,98.745,2.529,7806.361841,58.05651235
3436.75,97.899,2.532,7883.161217,57.52836987
3436.875,97.262,2.536,7947.32578,57.12088293
3437,96.558,2.544,8030.522587,56.65907337
3437.125,95.605,2.549,8126.512212,56.01341714
3437.25,95.177,2.549,8163.056201,55.71805585
3437.375,95.487,2.545,8123.786484,55.93881865
3437.5,96.274,2.534,8022.552299,56.48262711
3437.625,98.046,2.52,7834.037085,57.64746069
3437.75,99.832,2.512,7669.460694,58.74939317
3437.875,100.703,2.507,7587.992413,59.26409927
3438,101.354,2.504,7530.23265,59.63970584
3438.125,102.452,2.505,7452.504588,60.25210148
3438.25,103.672,2.507,7370.684466,60.90586649
3438.375,104.143,2.51,7346.129841,61.15334224
3438.5,103.937,2.515,7375.352377,61.05069929
3438.625,102.024,2.521,7531.569043,60.03186463
3438.75,99.218,2.525,7756.858635,58.40864577
3438.875,97.567,2.527,7894.365923,57.37740538
3439,96.427,2.528,7990.857332,56.62995041
3439.125,96.606,2.526,7969.74101,56.75361772
3439.25,96.571,2.524,7966.31701,56.73388997
3439.375,95.941,2.523,8015.451163,56.31124327
3439.5,94.986,2.523,8096.039416,55.64970034
3439.625,94.45,2.527,8154.892536,55.26967907
3439.75,94.232,2.531,8186.696664,55.11513738
3439.875,94.727,2.533,8150.352064,55.47634511
3440,95.934,2.53,8038.276315,56.32487319
3440.125,96.964,2.522,7927.742255,57.02061169
3440.25,97.919,2.514,7825.521094,57.64333129
3440.375,98.731,2.507,7739.550901,58.15694785
3440.5,98.593,2.504,7741.109409,58.0749535
3440.625,97.817,2.509,7818.101148,57.58917583
3440.75,96.629,2.516,7936.300696,56.81671791
3440.875,94.46,2.525,8147.575693,55.31402222
3441,92.422,2.539,8373.408929,53.78773224
3441.125,91.463,2.548,8491.197533,53.02981771
3441.25,90.979,2.551,8546.420603,52.63846604
3441.375,91.245,2.552,8524.846293,52.86030396
3441.5,92.237,2.548,8419.944274,53.65797086
3441.625,93.04,2.543,8330.894239,54.28280016
3441.75,93.486,2.54,8281.368333,54.62345704
3441.875,92.292,2.537,8378.598362,53.71237804
3442.625,91.558,2.533,8432.451561,53.15174964
3442.75,95.254,2.528,8089.260294,55.93485855
3442.875,98.038,2.524,7847.112344,57.79561535
3443,98.746,2.523,7787.762542,58.24260843
3443.125,99.004,2.524,7770.546645,58.40504911
3443.25,99.628,2.524,7721.877384,58.7868272
3443.375,100.862,2.522,7621.359878,59.51431501
3443.5,101.539,2.518,7558.538099,59.90204153
3443.625,101.314,2.518,7575.324239,59.77897297
3443.75,100.639,2.521,7635.218951,59.39662168
3443.875,99.193,2.526,7761.886423,58.54224669
3444,97.755,2.532,7894.773669,57.64812553
3444.125,96.97,2.536,7971.25709,57.14189934
3444.25,96.382,2.537,8023.049947,56.7540842
3444.375,96.017,2.537,8053.548851,56.51052052
3444.5,96.28,2.536,8028.38388,56.6926784
3444.625,96.88,2.533,7969.223782,57.09718933
3444.75,97.682,2.53,7894.432956,57.6232416
3444.875,98.8,2.526,7792.761134,58.33051414
3445,99.276,2.519,7733.905476,58.62534203
3445.125,98.853,2.514,7751.582653,58.37045204
3445.25,97.775,2.514,7837.04628,57.69746283
3445.375,95.152,2.519,8069.102068,55.94085984
3445.5,92.211,2.536,8382.652829,53.75773605
3445.625,90.601,2.558,8605.626869,52.4573721
3446,90.866,2.576,8640.908591,52.68895582
3446.125,91.877,2.567,8515.968088,53.51255938
3446.25,92.668,2.552,8393.939656,54.13605281
3446.375,93.122,2.552,8353.016473,54.48720519
3446.5,93.124,2.551,8349.564022,54.49246058
3446.625,93.28,2.548,8325.797599,54.61419305
3446.75,93.884,2.539,8243.014784,55.06831792
3446.875,95.774,2.526,8038.975087,56.41784735
3447,98.154,2.517,7816.101229,57.98937686
3447.125,99.524,2.511,7690.133033,58.83675723
3447.25,100.337,2.51,7624.784476,59.32214598
3447.375,100.099,2.515,7658.138443,59.18614614
3447.5,98.5,2.522,7804.117766,58.22092142
3447.625,96.766,2.532,7975.462456,57.10979544
3447.75,94.771,2.549,8198.026823,55.7412914
3447.875,91.818,2.567,8521.44024,53.5182872
3448.375,90.871,2.557,8576.703239,52.76499865
3448.5,93.922,2.544,8255.905965,55.14843297
3448.625,96.129,2.532,8028.311956,56.71191825
3448.75,98.058,2.52,7833.078382,57.97978588
3448.875,99.993,2.516,7669.304851,59.16700908
3449,100.997,2.517,7596.083052,59.75375754
3449.125,101.217,2.518,7582.583953,59.88244046
3449.25,101.203,2.521,7592.668202,59.8781092
3449.375,100.773,2.518,7615.992379,59.63623588
3449.5,100.009,2.521,7683.316502,59.19455357
3449.625,99.382,2.522,7734.857419,58.82374513
3449.75,98.779,2.522,7782.075137,58.45940495
3449.875,98.121,2.523,7837.368147,58.05244791
3450,97.722,2.525,7875.606312,57.80239487
3450.125,97.526,2.528,7900.81004,57.68009458
3450.25,97.302,2.531,7928.396128,57.53871863
3450.375,96.858,2.535,7977.327634,57.25143022
3450.5,96.33,2.54,8036.873248,56.90298056
3450.625,95.959,2.544,8080.651111,56.655179
3450.75,95.565,2.545,8117.155863,56.38804797
3450.875,94.796,2.545,8183.003502,55.85177516
3451,93.748,2.545,8274.480522,55.09448208
3451.125,92.909,2.548,8359.043796,54.46717693
3451.25,92.039,2.552,8451.304338,53.79517852
3451.375,90.779,2.556,8582.037696,52.77974531
3451.875,89.818,2.568,8714.582823,51.98370612
3452,91.715,2.568,8534.333533,53.56037087
3452.125,93.483,2.565,8363.14624,54.93088973
3452.25,95.309,2.56,8186.928831,56.25434791
3452.375,97.535,2.553,7978.206798,57.75174491
3452.5,98.846,2.542,7838.471966,58.58068392
3452.625,99.049,2.532,7791.634444,58.70870349
3452.75,98.859,2.53,7800.443055,58.59594948
3452.875,98.285,2.531,7849.100066,58.24318309
3453,98.004,2.537,7890.265703,58.06968614
3453.125,98.295,2.542,7882.411109,58.25674618
3453.25,98.921,2.543,7835.610234,58.64855709
3453.375,99.927,2.542,7753.676184,59.25825845
3453.5,100.266,2.537,7712.261385,59.4613298
3453.625,99.666,2.53,7737.282524,59.11032089
3453.75,98.368,2.527,7830.082954,58.32068166
3453.875,95.521,2.526,8060.267376,56.449899
3454,92.682,2.531,8323.609762,54.37919516
3454.125,91.434,2.542,8473.889363,53.39871608
3454.75,100.877,2.543,7683.678143,59.85096616
3454.875,103.551,2.531,7449.940609,61.31690265
3455,104.405,2.511,7330.614434,61.76015951
3455.125,103.784,2.495,7327.487859,61.44525352
3455.25,102.603,2.492,7402.918043,60.82444269
3455.375,100.663,2.494,7551.644596,59.74605606
3455.5,99.312,2.506,7691.20348,58.95200798
3455.625,99.017,2.52,7757.213408,58.77637698
3455.75,99.093,2.525,7766.643456,58.82637127
3455.875,99.474,2.527,7743.024308,59.06054329
3456,99.688,2.526,7723.344836,59.19230634
3456.125,99.601,2.527,7733.151274,59.14395517
3456.25,99.354,2.528,7755.444169,58.99915364
3456.375,98.767,2.53,7807.709053,58.64482198
3456.5,98.128,2.533,7867.870536,58.25023943
3456.625,97.862,2.537,7901.714659,58.08543241
3456.75,97.898,2.54,7908.149298,58.11197753
3456.875,98.787,2.542,7843.153451,58.67169381
3457,100.402,2.543,7720.029481,59.64184135
3457.125,101.662,2.539,7612.354665,60.36255391
3457.25,102.734,2.533,7515.120603,60.95220168
3457.375,103.43,2.527,7446.868413,61.32495402
3457.5,103.049,2.522,7459.612417,61.12751907
3457.625,102.235,2.522,7519.006211,60.69283551
3457.75,101.236,2.525,7602.236359,60.1416001
3457.875,99.778,2.528,7722.487923,59.30024656
3458,98.489,2.532,7835.937008,58.52004106
3458.125,97.539,2.532,7912.256636,57.92261862
3458.25,96.139,2.532,8027.476882,57.00226027
3458.375,93.258,2.533,8278.736409,54.9488056
3458.5,90.691,2.536,8523.147832,52.92272204
3458.625,90.127,2.539,8586.629978,52.45316084
3458.75,90.757,2.54,8530.383331,52.98502187
3458.875,93.196,2.541,8310.408172,54.91702293
3459,95.58,2.545,8115.881984,56.64215268
3459.125,96.345,2.549,8064.09466,57.16693633
3459.25,96.405,2.551,8065.399098,57.21087413
3459.375,95.813,2.55,8112.051601,56.81347883
3459.5,94.91,2.546,8176.38605,56.18844073
3459.625,94.207,2.543,8227.694333,55.68799331
3459.75,93.562,2.544,8287.672346,55.21744128
3459.875,93.396,2.545,8305.666196,55.09725577
3460,94.796,2.547,8189.434153,56.12240313
3460.125,96.926,2.542,7993.743681,57.58247957
3460.25,99.685,2.531,7738.865426,59.31373771
3460.375,103.962,2.515,7373.578808,61.68682101
3461.625,106.192,2.493,7155.589875,62.82783967
3461.75,104.958,2.51,7289.087063,62.22986699
3461.875,104.053,2.521,7384.705871,61.7763056
3462,103.985,2.519,7383.672645,61.74495749
3462.125,104.398,2.501,7301.909998,61.95931307
3463,98.354,2.49,7716.534152,58.58168971
3463.125,97.039,2.525,7931.038036,57.7446663
3463.25,96.674,2.543,8017.733827,57.50786536
3463.375,97.962,2.551,7937.208305,58.34616456
3463.5,100.279,2.541,7723.419659,59.758132
3463.625,101.782,2.518,7540.492425,60.61606073
3463.75,102.83,2.504,7422.145288,61.18969309
3463.875,103.489,2.494,7345.429949,61.54142478
3464,103.758,2.489,7311.698375,61.68488652
3464.125,104.08,2.49,7292.006149,61.85424238
3464.25,104.692,2.49,7249.379131,62.16799868
3464.375,106.02,2.487,7149.949066,62.82324946
3465.125,93.615,2.502,8146.232975,55.41726328
3465.25,91.546,2.522,8396.93269,53.82469245
3465.375,90.603,2.538,8538.154366,53.05814299
3465.5,91.228,2.549,8516.411628,53.57558758
3465.625,91.916,2.547,8446.033335,54.13072241
3465.75,92.264,2.543,8400.962456,54.40790411
3465.875,91.786,2.541,8438.071166,54.03518508
3466,90.737,2.542,8538.981893,53.18826852
3466.125,90.241,2.548,8606.181226,52.77772015
3466.25,90.333,2.551,8607.538773,52.85897463
3466.375,92.324,2.552,8425.215545,54.47346552
3466.5,96.133,2.547,8075.537016,57.24133164
3466.625,99.106,2.536,7799.455129,59.15041631
3466.75,101.561,2.528,7586.912299,60.58312498
3466.875,103.022,2.519,7452.691658,61.38132817
3467,102.199,2.511,7488.848227,60.94219583
3467.125,100.764,2.509,7589.448613,60.14334049
3467.25,99.267,2.512,7713.113119,59.26610725
3467.375,97.541,2.516,7862.096964,58.19470973
3467.5,96.338,2.523,7982.420229,57.4088158
3467.625,95.805,2.528,8042.736809,57.05152874
3467.75,95.513,2.53,8073.707244,56.85447294
3467.875,95.435,2.53,8080.305967,56.8041818
3468,95.442,2.53,8079.713334,56.81273006
3468.125,95.284,2.531,8096.309979,56.70662862
3468.25,94.904,2.534,8138.362977,56.44363727
3468.375,93.989,2.538,8230.563151,55.78962215
3468.5,92.978,2.545,8343.005872,55.04008487
3468.625,92.483,2.55,8404.139139,54.66446464
3468.75,92.366,2.552,8421.384492,54.57751141
3468.875,93.643,2.552,8306.542934,55.5499475
3469,96.874,2.55,8023.205401,57.80890297
3469.125,100.127,2.542,7738.188501,59.83204265
3469.25,103.649,2.532,7445.837394,61.77817648
3469.375,107.935,2.52,7116.282948,63.85469403
3471.375,107.028,2.505,7133.87151,63.49649231
3471.5,99.637,2.533,7748.711824,59.61142561
3471.625,96.375,2.55,8064.747082,57.55507069
3471.75,95.124,2.547,8161.195913,56.70217796
3471.875,97.204,2.524,7914.439735,58.10894654
3472,101.949,2.507,7495.253509,60.94888654
3472.125,105.44,2.496,7215.295903,62.76185923
3472.25,108.003,2.494,7038.42671,63.96606857
3472.375,109.009,2.503,6998.63681,64.41412378
3472.5,107.574,2.508,7106.163199,63.77908249
3472.625,106.355,2.51,7193.343049,63.21628477
3472.75,106.217,2.508,7196.949641,63.15426941
3472.875,108.251,2.51,7067.352727,64.09455254
3473,110.436,2.517,6946.843421,65.03802753
3473.125,110.449,2.528,6976.38186,65.04691086
3473.25,109.115,2.542,7100.779911,64.4846279
3473.375,105.505,2.548,7361.076726,62.82901125
3473.5,101.621,2.547,7639.420986,60.81074505
3473.625,99.591,2.542,7779.835527,59.64566788
3473.75,98.094,2.531,7864.383143,58.73257361
3473.875,96.882,2.519,7925.013934,57.95736499
3474,96.7,2.514,7924.169597,57.84112023
3474.125,96.893,2.511,7898.948324,57.9719316
3474.25,96.783,2.515,7920.523232,57.9032533
3474.375,95.194,2.525,8084.753241,56.82889708
3474.5,92.651,2.533,8332.97428,54.97031411
3474.625,91.088,2.54,8499.38521,53.73779097
3474.75,90.146,2.544,8601.726089,52.95993001
3474.875,90.188,2.541,8587.581496,52.99919426
3475,91.18,2.536,8477.438035,53.82396807
3475.125,91.969,2.533,8394.767802,54.45872882
3475.25,92.553,2.531,8335.211176,54.91745798
3475.375,92.845,2.533,8315.562497,55.14494323
3475.5,92.714,2.535,8333.887007,55.04862577
3475.625,92.536,2.536,8353.211723,54.91561775
3475.75,92.433,2.536,8362.519879,54.83981692
3475.875,92.577,2.533,8339.635115,54.95470614
3476,92.996,2.531,8295.505183,55.27840057
3476.125,93.325,2.531,8266.260916,55.52984409
3476.25,93.518,2.534,8258.97902,55.67746843
3476.375,93.249,2.541,8305.684779,55.48037593
3476.5,92.531,2.546,8386.603409,54.93804171
3476.625,92.33,2.55,8418.065634,54.78625888
3476.75,92.869,2.55,8369.20824,55.20444283
3476.875,95.03,2.546,8166.061244,56.78813497
3477,97.393,2.542,7955.413633,58.38147316
3477.125,98.203,2.537,7874.276753,58.89952836
3477.25,98.168,2.53,7855.350012,58.88125884
3477.375,97.325,2.523,7901.468276,58.34859993
3477.5,97.014,2.518,7911.089121,58.15028037
3477.625,97.578,2.512,7846.621165,58.51858239
3477.75,98.429,2.505,7757.104105,59.05864738
3477.875,99.359,2.503,7678.362302,59.63021585
3478,99.796,2.509,7663.064652,59.89433467
3478.125,99.999,2.521,7684.084841,60.0176082
3478.25,100.088,2.548,7759.475661,60.07341769
3478.375,99.525,2.576,7889.121326,59.74415537
3478.5,98.303,2.589,8027.498652,59.0021422
3478.625,97.426,2.595,8118.530988,58.45034623
3478.75,96.955,2.587,8132.820381,58.14841955
3478.875,97.219,2.569,8054.302143,58.32401078
3479,97.893,2.555,7955.257271,58.75925306
3479.125,98.143,2.542,7894.619076,58.92035477
3479.25,98.177,2.529,7851.525306,58.94531
3479.375,98.561,2.52,7793.102749,59.18778012
3479.5,99.489,2.517,7711.220336,59.75531185
3479.625,100.088,2.516,7662.025418,60.11324065
3479.75,100.366,2.519,7649.913317,60.27878218
3479.875,100.104,2.527,7694.293934,60.12984304
3480,99.699,2.535,7750.007523,59.89488102
3480.125,99.414,2.543,7796.752972,59.72857659
3480.25,98.892,2.552,7865.647373,59.41651436
3480.375,97.202,2.557,8018.081932,58.35699733
3480.5,94.749,2.559,8232.099547,56.69741772
3480.625,93.051,2.56,8385.594996,55.45854959
3480.75,91.667,2.56,8512.201774,54.38920862
3480.875,90.43,2.559,8625.270375,53.38473308
3483,90.079,2.557,8652.112035,53.1544914
3483.125,90.739,2.552,8572.384531,53.7093748
3483.25,91.271,2.541,8485.683295,54.14725256
3483.375,92.934,2.531,8301.039447,55.4524178
3483.5,96.165,2.527,8009.458743,57.76408726
3483.625,98.989,2.526,7777.882391,59.57384305
3485.125,99.46,2.535,7768.630605,59.90133951
3485.25,101.316,2.534,7623.30925,60.97892725
3485.375,102.848,2.535,7512.717797,61.81849279
3485.5,102.95,2.538,7514.156387,61.87619034
3485.625,102.114,2.54,7581.644045,61.43063043
3485.75,100.808,2.542,7685.913816,60.70628181
3485.875,98.701,2.538,7837.634877,59.46346084
3486,97.384,2.53,7918.590323,58.63951306
3486.125,97.423,2.518,7877.876887,58.668249
3486.25,98.145,2.495,7748.494574,59.12976122
3487.5,111.688,2.496,6811.661056,65.95067175
3487.625,110.187,2.506,6932.113589,65.34230447
3487.75,108.49,2.517,7071.449903,64.61799285
3487.875,105.725,2.521,7267.919603,63.346614
3488,103.161,2.52,7445.604444,62.05906512
3488.125,102.345,2.517,7496.034003,61.62777019
3488.25,102.669,2.51,7451.596879,61.80547125
3488.375,105.36,2.503,7241.025057,63.18368489
3488.5,109.191,2.498,6973.014259,64.94443633
3488.625,111.485,2.493,6815.862224,65.900877
3489.375,109.321,2.497,6961.934121,65.02481013
3489.5,107.787,2.506,7086.464973,64.35389203
3489.625,106.711,2.513,7177.914179,63.86393996
3489.75,106.048,2.517,7234.286361,63.55464188
3489.875,106.638,2.519,7199.977494,63.83688919
3490,108.147,2.52,7102.332936,64.52922603
3490.125,108.709,2.521,7068.419358,64.78076468
3490.25,108.269,2.523,7102.775494,64.59047446
3490.375,105.742,2.524,7275.398612,63.42564685
3490.5,102.646,2.524,7494.838571,61.8576777
3490.625,101.187,2.524,7602.905512,61.06149935
3490.75,100.486,2.527,7665.043887,60.66629893
3490.875,100.567,2.53,7667.962652,60.71649261
3491,101.537,2.531,7597.711179,61.26782736
3491.125,102.852,2.531,7500.571695,61.98532038
3491.25,104.597,2.527,7363.7829,62.88826732
3491.375,106.956,2.522,7187.119937,64.02720406
3491.5,107.775,2.52,7126.847599,64.40475184
3491.625,106.911,2.518,7178.741196,64.01341635
3491.75,105.298,2.517,7285.813596,63.24917398
3491.875,102.792,2.515,7457.506421,61.9749311
3492,101.17,2.513,7571.042799,61.09159877
3492.125,100.768,2.511,7595.196888,60.86762257
3492.25,100.595,2.505,7590.07903,60.77231572
3492.375,100.219,2.499,7600.307327,60.55887992
3492.5,99.788,2.498,7630.079769,60.31017524
3492.625,99.614,2.499,7646.467364,60.21085314
3492.75,99.736,2.503,7649.338253,60.28672856
3492.875,101.106,2.505,7551.717999,61.08082149
3493,103.533,2.506,7377.636116,62.39620312
3493.125,105.315,2.505,7249.907421,63.29650476
3493.25,106.411,2.504,7172.371277,63.82570295
3493.375,104.931,2.505,7276.438803,63.11486962
3493.5,100.996,2.506,7562.960909,61.036775
3493.625,98.521,2.506,7752.954193,59.57870392
3493.75,97.566,2.506,7828.842015,58.98327863
3493.875,99.743,2.504,7651.857273,60.32350945
3494,103.897,2.503,7342.987767,62.61229666
3494.125,106.505,2.502,7160.317356,63.89463532
3494.25,108.193,2.498,7037.335133,64.66910388
